"DESCRIPTION","DURATION IN MS","NAME","PARENT SUITE","START TIME","STATUS","STOP TIME","SUB SUITE","SUITE","TEST CLASS","TEST METHOD"
"","131","uses checkpoint guidance when sparse editor replay still has persisted checkpoint evidence","WorkflowEditor handler branches","Sun Sep 20 15:58:58 UTC 2026","passed","Sun Sep 20 15:58:58 UTC 2026","","","",""
"","36","shows delete action for mutable nodes and MCP tool toggles","Inspector","Sun Sep 20 15:59:11 UTC 2026","passed","Sun Sep 20 15:59:11 UTC 2026","","","",""
"","13","shows the empty-bucket message when there is nothing to browse","BucketTree","Sun Sep 20 16:01:08 UTC 2026","passed","Sun Sep 20 16:01:08 UTC 2026","","","",""
"","4","surfaces join diagnostics with merged keys","StepPreview","Sun Sep 20 15:59:38 UTC 2026","passed","Sun Sep 20 15:59:38 UTC 2026","","","",""
"","1","returns null when workflow_id is missing","workflowCalibrationView","Sun Sep 20 16:00:59 UTC 2026","passed","Sun Sep 20 16:00:59 UTC 2026","","","",""
"","179","Trigger Tests can save a completed batch as a durable kind:'selection' run","SkillWorkspace","Sun Sep 20 16:01:14 UTC 2026","passed","Sun Sep 20 16:01:14 UTC 2026","","","",""
"","6","hydrates persisted width 200 -> 320","AssistantPanelContext","Sun Sep 20 16:02:35 UTC 2026","passed","Sun Sep 20 16:02:35 UTC 2026","","","",""
"","0","liveVersion returns the version serving the live alias","promptVersionsToArtifactVersions","Sun Sep 20 16:03:21 UTC 2026","passed","Sun Sep 20 16:03:21 UTC 2026","","","",""
"","47","shows an error state when dependencies fail to load","OpenApiIntegrations","Sun Sep 20 15:59:48 UTC 2026","passed","Sun Sep 20 15:59:48 UTC 2026","","","",""
"","18","forwards router branch edits to onChangeNode","Inspector","Sun Sep 20 15:59:11 UTC 2026","passed","Sun Sep 20 15:59:11 UTC 2026","","","",""
"","53","updates output bucket and output folder settings","Inspector","Sun Sep 20 15:59:10 UTC 2026","passed","Sun Sep 20 15:59:10 UTC 2026","","","",""
"","107","toggle opens the panel and clears the collapsed flag","AssistantPanelContext","Sun Sep 20 16:02:35 UTC 2026","passed","Sun Sep 20 16:02:35 UTC 2026","","","",""
"","161","refreshes selected run approval diagnostics when runtime approval is recorded live","WorkflowDetail calibration","Sun Sep 20 15:58:48 UTC 2026","passed","Sun Sep 20 15:58:48 UTC 2026","","","",""
"","0","subworkflowStatusTone covers completed/blocked/other-truthy/null","pure label/formatting helpers","Sun Sep 20 15:59:38 UTC 2026","passed","Sun Sep 20 15:59:38 UTC 2026","","","",""
"","4","renders a for-each loop with no target, no failures, and a default-status item","StepPreview — additional prop-driven render branches","Sun Sep 20 15:59:38 UTC 2026","passed","Sun Sep 20 15:59:38 UTC 2026","","","",""
"","5","shows depends-on count only when the step has dependencies","PlanStepRow","Sun Sep 20 16:00:46 UTC 2026","passed","Sun Sep 20 16:00:46 UTC 2026","","","",""
"","110","keeps the run monitor alive when persisted run events cannot be loaded","WorkflowEditor handler branches","Sun Sep 20 15:59:05 UTC 2026","passed","Sun Sep 20 15:59:05 UTC 2026","","","",""
"","0","prefers the error message over the compensation node id","describeStepChange — error-boundary diagnostics branches","Sun Sep 20 15:59:38 UTC 2026","passed","Sun Sep 20 15:59:38 UTC 2026","","","",""
"","69","removes the obsolete token environment mapping when authentication is disabled","McpServers","Sun Sep 20 15:59:54 UTC 2026","passed","Sun Sep 20 15:59:54 UTC 2026","","","",""
"","1","throws when the table header has been renamed","parseLedger","Sun Sep 20 16:02:27 UTC 2026","passed","Sun Sep 20 16:02:27 UTC 2026","","","",""
"","91","renders the title fallback and selects a row on click","ChatHistory","Sun Sep 20 16:01:18 UTC 2026","passed","Sun Sep 20 16:01:18 UTC 2026","","","",""
"","0","does not render a parenthetical when nothing is unrouted","toMarkdown","Sun Sep 20 16:02:10 UTC 2026","passed","Sun Sep 20 16:02:10 UTC 2026","","","",""
"","0","returns null when nothing is present to describe","extractToolNodeDiagnostics","Sun Sep 20 15:59:38 UTC 2026","passed","Sun Sep 20 15:59:38 UTC 2026","","","",""
"","31","stringifies a non-Error rejection when import throws a plain value","WorkflowImportDialog (import mode)","Sun Sep 20 16:00:21 UTC 2026","passed","Sun Sep 20 16:00:21 UTC 2026","","","",""
"","164","shows clarifying questions from assistant","CaliberAssistantPanel","Sun Sep 20 15:59:42 UTC 2026","passed","Sun Sep 20 15:59:42 UTC 2026","","","",""
"","6","shows field-level setup guidance when a required component field is still incomplete","Inspector","Sun Sep 20 15:59:10 UTC 2026","passed","Sun Sep 20 15:59:10 UTC 2026","","","",""
"","73","surfaces an error when importing review labels fails","Judges","Sun Sep 20 16:00:28 UTC 2026","passed","Sun Sep 20 16:00:28 UTC 2026","","","",""
"","383","lists folders + files and filters with the search box","Object Store file manager","Sun Sep 20 16:00:04 UTC 2026","passed","Sun Sep 20 16:00:05 UTC 2026","","","",""
"","14","surfaces an API error","RunFilePanel","Sun Sep 20 16:01:05 UTC 2026","passed","Sun Sep 20 16:01:05 UTC 2026","","","",""
"","1","includes the MLflow static prefix in copied workflow run URLs","workflowRunLinks","Sun Sep 20 16:03:36 UTC 2026","passed","Sun Sep 20 16:03:36 UTC 2026","","","",""
"","548","overrides a single prompt element and resets it","Prompts","Sun Sep 20 15:59:29 UTC 2026","passed","Sun Sep 20 15:59:30 UTC 2026","","","",""
"","62","clears stale persisted session ids after the session list loads","CaliberAssistantPanel","Sun Sep 20 15:59:41 UTC 2026","passed","Sun Sep 20 15:59:41 UTC 2026","","","",""
"","17","clears a prior preview and error as soon as the manifest or name is edited again","WorkflowImportDialog (import mode)","Sun Sep 20 16:00:21 UTC 2026","passed","Sun Sep 20 16:00:21 UTC 2026","","","",""
"","11","shows an error and does not apply invalid JSON","CodeView — manifest tab","Sun Sep 20 16:03:01 UTC 2026","passed","Sun Sep 20 16:03:01 UTC 2026","","","",""
"","5","renders an added node with its type suffix, and without one when type is absent","GraphDiff","Sun Sep 20 16:02:51 UTC 2026","passed","Sun Sep 20 16:02:51 UTC 2026","","","",""
"","2","builds orchestration and control-flow nodes","WorkflowEditor newNode","Sun Sep 20 16:02:46 UTC 2026","passed","Sun Sep 20 16:02:46 UTC 2026","","","",""
"","158","surfaces prompt version loading, comparison, and promotion errors","Prompts","Sun Sep 20 15:59:31 UTC 2026","passed","Sun Sep 20 15:59:31 UTC 2026","","","",""
"","53","renames to 'Untitled' when the draft title is cleared to whitespace","ChatHistory","Sun Sep 20 16:01:18 UTC 2026","passed","Sun Sep 20 16:01:18 UTC 2026","","","",""
"","0","reports a preview-skipped build without a knowledge base id","describeStepChange — knowledge-build diagnostics branches","Sun Sep 20 15:59:38 UTC 2026","passed","Sun Sep 20 15:59:38 UTC 2026","","","",""
"","122","shows registration errors when server creation fails","McpServers","Sun Sep 20 15:59:52 UTC 2026","passed","Sun Sep 20 15:59:52 UTC 2026","","","",""
"","57","generates and runs unit tests with judge scoring","ToolTests panel","Sun Sep 20 16:02:15 UTC 2026","passed","Sun Sep 20 16:02:15 UTC 2026","","","",""
"","165","applies workflow archive events even while a run is selected","WorkflowDetail calibration","Sun Sep 20 15:58:48 UTC 2026","passed","Sun Sep 20 15:58:48 UTC 2026","","","",""
"","86","opens an object in a new tab and marks its row as selected","Object Store file manager","Sun Sep 20 16:00:05 UTC 2026","passed","Sun Sep 20 16:00:05 UTC 2026","","","",""
"","5","does not throw, and stays on the copy icon, when the clipboard write is rejected","CopyButton","Sun Sep 20 16:03:03 UTC 2026","passed","Sun Sep 20 16:03:03 UTC 2026","","","",""
"","23","says the store is disabled rather than showing an empty inventory","Administration","Sun Sep 20 16:00:18 UTC 2026","passed","Sun Sep 20 16:00:18 UTC 2026","","","",""
"","7","names unresolved bundle dependencies that block deployment","WorkflowVersionDetail page","Sun Sep 20 15:58:52 UTC 2026","passed","Sun Sep 20 15:58:52 UTC 2026","","","",""
"","279","creates, signs, and generates Allure evidence for a release candidate","Releases","Sun Sep 20 16:00:30 UTC 2026","passed","Sun Sep 20 16:00:30 UTC 2026","","","",""
"","115","renders the control untouched when the caller is permitted","MutationGuard","Sun Sep 20 16:02:12 UTC 2026","passed","Sun Sep 20 16:02:12 UTC 2026","","","",""
"","27","renders compact process chips","AssistantProcessSteps","Sun Sep 20 16:03:29 UTC 2026","passed","Sun Sep 20 16:03:29 UTC 2026","","","",""
"","6","resolves setup-rule scope labels from a single field, multiple fields, or neither","WorkflowComponentSchemaSummary","Sun Sep 20 16:01:09 UTC 2026","passed","Sun Sep 20 16:01:09 UTC 2026","","","",""
"","60","disables start when no deploy-gate dataset is available","WorkflowDetail calibration","Sun Sep 20 15:58:36 UTC 2026","passed","Sun Sep 20 15:58:36 UTC 2026","","","",""
"","4","persists, reads, and clears the active project id","activeWorkspace","Sun Sep 20 16:03:17 UTC 2026","passed","Sun Sep 20 16:03:17 UTC 2026","","","",""
"","83","renders step 1 (Identity) by default","SkillWizard","Sun Sep 20 16:00:35 UTC 2026","passed","Sun Sep 20 16:00:35 UTC 2026","","Step navigation","",""
"","126","surfaces MCP tool policy save errors","McpServers","Sun Sep 20 15:59:54 UTC 2026","passed","Sun Sep 20 15:59:54 UTC 2026","","","",""
"","15","removes unused workflow-level tool bindings","Inspector","Sun Sep 20 15:59:10 UTC 2026","passed","Sun Sep 20 15:59:10 UTC 2026","","","",""
"","194","renders immediately from cached workflow-version data","WorkflowEditor handler branches","Sun Sep 20 15:58:53 UTC 2026","passed","Sun Sep 20 15:58:54 UTC 2026","","","",""
"","1","includes theme hint + hash route for MLflow links","externalLinks","Sun Sep 20 16:03:30 UTC 2026","passed","Sun Sep 20 16:03:30 UTC 2026","","","",""
"","8","guides a stopped run that has both a selected step and checkpoint evidence","empty event timeline with checkpoint evidence for remaining status buckets","Sun Sep 20 16:00:11 UTC 2026","passed","Sun Sep 20 16:00:11 UTC 2026","","","",""
"","1","emits a changed line as a delete row followed by an insert row with word parts","diffLines","Sun Sep 20 16:03:18 UTC 2026","passed","Sun Sep 20 16:03:18 UTC 2026","","","",""
"","2","renders no telemetry card when no telemetry fields are present","StepPreview — additional prop-driven render branches","Sun Sep 20 15:59:38 UTC 2026","passed","Sun Sep 20 15:59:38 UTC 2026","","","",""
"","1","counts a real crumbs prop, not the declaration or a mention","passesCrumbs / usesPageHeader","Sun Sep 20 16:02:10 UTC 2026","passed","Sun Sep 20 16:02:10 UTC 2026","","","",""
"","188","shows empty states across graph view modes and clears the node inspector","OpenApiIntegrations","Sun Sep 20 15:59:49 UTC 2026","passed","Sun Sep 20 15:59:50 UTC 2026","","","",""
"","115","builds a workflow and renders summary, diff, and grounding","WorkflowPlanPanel","Sun Sep 20 16:02:39 UTC 2026","passed","Sun Sep 20 16:02:39 UTC 2026","","","",""
"","282","starting a new knowledge base cannot target a stale selection","Knowledge Bases page","Sun Sep 20 15:59:16 UTC 2026","passed","Sun Sep 20 15:59:16 UTC 2026","","","",""
"","144","starts a workflow calibration run","WorkflowDetail calibration","Sun Sep 20 15:58:36 UTC 2026","passed","Sun Sep 20 15:58:36 UTC 2026","","","",""
"","140","creates a graph-hybrid knowledge workflow starter","Workflows — template create flow","Sun Sep 20 16:00:15 UTC 2026","passed","Sun Sep 20 16:00:15 UTC 2026","","","",""
"","31","switches into the desktop layout when the media query flips (modern listener API)","CaliberAssistantPanel — responsive layout","Sun Sep 20 15:59:43 UTC 2026","passed","Sun Sep 20 15:59:43 UTC 2026","","","",""
"","130","uses lifecycle-aware stream messaging when a monitored run approval is rejected","WorkflowEditor handler branches","Sun Sep 20 15:59:06 UTC 2026","passed","Sun Sep 20 15:59:06 UTC 2026","","","",""
"","42","shows an error when resetting a password is rejected by the API","Administration","Sun Sep 20 16:00:18 UTC 2026","passed","Sun Sep 20 16:00:18 UTC 2026","","","",""
"","43","rejects a negative weight without posting","EvalDatasetDetail — editor validation branches","Sun Sep 20 16:00:45 UTC 2026","passed","Sun Sep 20 16:00:45 UTC 2026","","","",""
"","2359","handles quick-add/connect/map mutations and save/publish errors","WorkflowEditor handler branches","Sun Sep 20 15:58:54 UTC 2026","passed","Sun Sep 20 15:58:57 UTC 2026","","","",""
"","1","assigns unique ids when multiple handoffs target the same agent","manifestToFlow","Sun Sep 20 15:59:50 UTC 2026","passed","Sun Sep 20 15:59:50 UTC 2026","","","",""
"","3","renders verified as Verified with its tone color","StatusBadge","Sun Sep 20 16:03:32 UTC 2026","passed","Sun Sep 20 16:03:32 UTC 2026","","","",""
"","0","knowledgeGraphTargetLabel maps known targets and humanizes unknown ones","pure label/formatting helpers","Sun Sep 20 15:59:38 UTC 2026","passed","Sun Sep 20 15:59:38 UTC 2026","","","",""
"","129","explains when replay and debugging cannot reconstruct a run graph from sparse history","WorkflowEditor handler branches","Sun Sep 20 15:58:58 UTC 2026","passed","Sun Sep 20 15:58:58 UTC 2026","","","",""
"","42","rolls a hidden badge up to its group header, exactly once","Sidebar navigation groups","Sun Sep 20 16:02:23 UTC 2026","passed","Sun Sep 20 16:02:23 UTC 2026","","","",""
"","3","renders validation report state {""valid"":false,""errors"":[""Missing field""],""warnings"":[]}","ValidationPanel","Sun Sep 20 16:01:38 UTC 2026","passed","Sun Sep 20 16:01:38 UTC 2026","","","",""
"","2","treats an unrecognized stage as fully complete rather than crashing","PipelineProgress","Sun Sep 20 16:03:08 UTC 2026","passed","Sun Sep 20 16:03:08 UTC 2026","","","",""
"","12","renders errors + warnings and focuses node on click","ProblemsPanel","Sun Sep 20 15:59:11 UTC 2026","passed","Sun Sep 20 15:59:12 UTC 2026","","","",""
"","1","labels operator and viewer correctly","accessLevel","Sun Sep 20 16:02:41 UTC 2026","passed","Sun Sep 20 16:02:41 UTC 2026","","","",""
"","74","configures knowledge build nodes with launch controls and KB defaults","Inspector","Sun Sep 20 15:59:11 UTC 2026","passed","Sun Sep 20 15:59:11 UTC 2026","","","",""
"","2","renders awaiting_approval as Awaiting Approval with its tone color","StatusBadge","Sun Sep 20 16:03:32 UTC 2026","passed","Sun Sep 20 16:03:32 UTC 2026","","","",""
"","646","shows action errors for cancel, retry, approve, reject, and resume run controls","WorkflowDetail calibration","Sun Sep 20 15:58:45 UTC 2026","passed","Sun Sep 20 15:58:45 UTC 2026","","","",""
"","114","turns checkpoint lookup failures into completed-run recovery guidance in the run monitor","WorkflowEditor handler branches","Sun Sep 20 15:59:05 UTC 2026","passed","Sun Sep 20 15:59:05 UTC 2026","","","",""
"","11","explains when a paused run has not written files yet","RunFilePanel","Sun Sep 20 16:01:05 UTC 2026","passed","Sun Sep 20 16:01:05 UTC 2026","","","",""
"","53","passes every filter field to the API and resets pagination on change","AuditLog","Sun Sep 20 16:01:29 UTC 2026","passed","Sun Sep 20 16:01:29 UTC 2026","","","",""
"","42","pages forward and back through results, disabling Prev/Next at the edges","AuditLog","Sun Sep 20 16:01:29 UTC 2026","passed","Sun Sep 20 16:01:29 UTC 2026","","","",""
"","17","returns the control to the tab order once access arrives","MutationGuard","Sun Sep 20 16:02:12 UTC 2026","passed","Sun Sep 20 16:02:12 UTC 2026","","","",""
"","1","derives action tone from tool results for %p","processStepsFromMetadata","Sun Sep 20 16:02:41 UTC 2026","passed","Sun Sep 20 16:02:41 UTC 2026","","","",""
"","11","disables both buttons while pending","PlanInteractionPrompt — confirm kind","Sun Sep 20 16:00:47 UTC 2026","passed","Sun Sep 20 16:00:47 UTC 2026","","","",""
"","211","edits content and reports the version bump","SkillDetail","Sun Sep 20 16:00:33 UTC 2026","passed","Sun Sep 20 16:00:33 UTC 2026","","","",""
"","97","lists judges with their model and return type","Judges","Sun Sep 20 16:00:26 UTC 2026","passed","Sun Sep 20 16:00:26 UTC 2026","","","",""
"","39","retires a row via the /supersede endpoint","EvalDatasetDetail","Sun Sep 20 16:00:45 UTC 2026","passed","Sun Sep 20 16:00:45 UTC 2026","","","",""
"","129","renders a default 'All {label}' option plus every option, aria-labelled by field","FilterSelect","Sun Sep 20 16:03:22 UTC 2026","passed","Sun Sep 20 16:03:23 UTC 2026","","","",""
"","113","turns session-memory lookup failures into completed-run recovery guidance","WorkflowEditor handler branches","Sun Sep 20 15:59:05 UTC 2026","passed","Sun Sep 20 15:59:05 UTC 2026","","","",""
"","0","deriveEdgeMap produces at least one mapping","connect/map helpers","Sun Sep 20 15:59:50 UTC 2026","passed","Sun Sep 20 15:59:50 UTC 2026","","","",""
"","3","reads the kind off an object payload","approvalCheckpointKind","Sun Sep 20 16:00:29 UTC 2026","passed","Sun Sep 20 16:00:29 UTC 2026","","","",""
"","48","lets an admin delete every deployed prompt at once","Prompts — search","Sun Sep 20 15:59:36 UTC 2026","passed","Sun Sep 20 15:59:36 UTC 2026","","","",""
"","128","imports a spec from a URL source","OpenApiIntegrations","Sun Sep 20 15:59:48 UTC 2026","passed","Sun Sep 20 15:59:48 UTC 2026","","","",""
"","67","auto-lowercases typed characters for kebab-case","SkillWizard","Sun Sep 20 16:00:36 UTC 2026","passed","Sun Sep 20 16:00:36 UTC 2026","","Step 1: Identity & Classification","",""
"","34","shows agent form with tool checkboxes and fires onChangeNode","Inspector","Sun Sep 20 15:59:10 UTC 2026","passed","Sun Sep 20 15:59:10 UTC 2026","","","",""
"","118","shows an explicit resume note when approval records fail to load for a paused monitored run","WorkflowEditor handler branches","Sun Sep 20 15:59:05 UTC 2026","passed","Sun Sep 20 15:59:05 UTC 2026","","","",""
"","515","runs AGE-backed retrieval directly from the graph tab","Knowledge Bases page","Sun Sep 20 15:59:19 UTC 2026","passed","Sun Sep 20 15:59:20 UTC 2026","","","",""
"","21","builds encoded query strings and path params across endpoint wrappers","caliberApi","Sun Sep 20 16:00:20 UTC 2026","passed","Sun Sep 20 16:00:20 UTC 2026","","","",""
"","0","falls back from ports.keys to metadata.keys for output_bucket","extractStorageNodeDiagnostics","Sun Sep 20 15:59:38 UTC 2026","passed","Sun Sep 20 15:59:38 UTC 2026","","","",""
"","0","parallel_fanout wires a parallel branch into a join","templateManifest","Sun Sep 20 15:59:50 UTC 2026","passed","Sun Sep 20 15:59:50 UTC 2026","","","",""
"","96","renders the full (non-compact) stepper with labeled stages and connecting rails","PipelineProgress","Sun Sep 20 16:03:08 UTC 2026","passed","Sun Sep 20 16:03:08 UTC 2026","","","",""
"","10","selects artifact type tool","ArtifactTypeSelector","Sun Sep 20 16:01:38 UTC 2026","passed","Sun Sep 20 16:01:38 UTC 2026","","","",""
"","1","renders archived with a distinct label + testid","VersionStatusBadge","Sun Sep 20 16:03:37 UTC 2026","passed","Sun Sep 20 16:03:37 UTC 2026","","","",""
"","33","surfaces persisted object-store artifacts even when the run file registry is empty","RunFilePanel","Sun Sep 20 16:01:05 UTC 2026","passed","Sun Sep 20 16:01:05 UTC 2026","","","",""
"","0","describeApiError survives a bare object","resilience — this code runs inside catch blocks","Sun Sep 20 16:01:19 UTC 2026","passed","Sun Sep 20 16:01:19 UTC 2026","","","",""
"","5","renders folder_input storage diagnostics with pattern, recursion, and a matched-vs-count mismatch","StepPreview — additional prop-driven render branches","Sun Sep 20 15:59:38 UTC 2026","passed","Sun Sep 20 15:59:38 UTC 2026","","","",""
"","17","saves cases explicitly and shows the Saved badge","CalibrationPanel (branch coverage)","Sun Sep 20 16:02:09 UTC 2026","passed","Sun Sep 20 16:02:09 UTC 2026","","","",""
"","226","filters rows by the Type dropdown (folder vs file category)","Object Store file manager","Sun Sep 20 16:00:05 UTC 2026","passed","Sun Sep 20 16:00:05 UTC 2026","","","",""
"","0","honours a legacy policy that predates the requires_approval field","agent tool bindings","Sun Sep 20 15:59:50 UTC 2026","passed","Sun Sep 20 15:59:50 UTC 2026","","","",""
"","50","refreshes the list when a workflow is created elsewhere","Workflows — live status refresh","Sun Sep 20 16:00:14 UTC 2026","passed","Sun Sep 20 16:00:14 UTC 2026","","","",""
"","96","executes a plan, surfaces the interaction, and approves it to resume","AriaPlans","Sun Sep 20 16:01:27 UTC 2026","passed","Sun Sep 20 16:01:27 UTC 2026","","","",""
"","100","restores a prior version as a new draft","WorkflowDetail Versions tab","Sun Sep 20 16:02:38 UTC 2026","passed","Sun Sep 20 16:02:38 UTC 2026","","","",""
"","1","falls back to candidate.calibration_gate and eval_results candidates","workflowCalibrationView","Sun Sep 20 16:00:59 UTC 2026","passed","Sun Sep 20 16:00:59 UTC 2026","","","",""
"","46","shows the completed item's read-only summary and a submit failure message","ReviewQueues","Sun Sep 20 16:00:53 UTC 2026","passed","Sun Sep 20 16:00:53 UTC 2026","","","",""
"","22","toggles a boolean field via its checkbox and submits the boolean","PlanInteractionPrompt — input kind","Sun Sep 20 16:00:47 UTC 2026","passed","Sun Sep 20 16:00:47 UTC 2026","","","",""
"","1","extracts the squash-merge PR suffix","mergedPrNumbers","Sun Sep 20 16:02:27 UTC 2026","passed","Sun Sep 20 16:02:27 UTC 2026","","","",""
"","143","goes back from step 2 to step 1","SkillWizard","Sun Sep 20 16:00:35 UTC 2026","passed","Sun Sep 20 16:00:36 UTC 2026","","Step navigation","",""
"","0","normalizes a bare hash (no leading '#', strips a leading slash)","externalLinks port-5001 + hash branches","Sun Sep 20 16:00:59 UTC 2026","passed","Sun Sep 20 16:00:59 UTC 2026","","","",""
"","2","nodeGuide and nodeValidationSummary expose readiness guidance","node helpers","Sun Sep 20 15:59:50 UTC 2026","passed","Sun Sep 20 15:59:50 UTC 2026","","","",""
"","0","treats an empty hash as no hash","externalLinks port-5001 + hash branches","Sun Sep 20 16:00:59 UTC 2026","passed","Sun Sep 20 16:00:59 UTC 2026","","","",""
"","11","renders nothing when there are no tool calls","ToolCallList","Sun Sep 20 16:03:27 UTC 2026","passed","Sun Sep 20 16:03:27 UTC 2026","","","",""
"","1","keeps only well-formed sources and trims the bucket","knowledgeBuildLaunch","Sun Sep 20 16:00:59 UTC 2026","passed","Sun Sep 20 16:00:59 UTC 2026","","","",""
"","76","renders the span tree with badges, durations, and nesting","WorkflowRunTracePanel","Sun Sep 20 16:02:54 UTC 2026","passed","Sun Sep 20 16:02:54 UTC 2026","","","",""
"","0","infers waiting_event from a blocked wait_for_event/wait_until node","workflowRunStatusFromStep","Sun Sep 20 16:00:29 UTC 2026","passed","Sun Sep 20 16:00:29 UTC 2026","","","",""
"","103","shows the no-guardrails-on-this-endpoint state, then attaches and detaches a guardrail","GatewayGuardrailsTab","Sun Sep 20 16:00:50 UTC 2026","passed","Sun Sep 20 16:00:50 UTC 2026","","","",""
"","18","renders guardrail rows with dashes for a missing action/scorer","GatewayGuardrailsTab","Sun Sep 20 16:00:50 UTC 2026","passed","Sun Sep 20 16:00:50 UTC 2026","","","",""
"","359","queues workflow runs through the async run endpoint for manual and alias targets","WorkflowDetail calibration","Sun Sep 20 15:58:37 UTC 2026","passed","Sun Sep 20 15:58:37 UTC 2026","","","",""
"","5","renders no content when closed","Tooltip","Sun Sep 20 16:03:04 UTC 2026","passed","Sun Sep 20 16:03:04 UTC 2026","","","",""
"","1","throws, rather than truncating, when the section is absent","parseLedger","Sun Sep 20 16:02:27 UTC 2026","passed","Sun Sep 20 16:02:27 UTC 2026","","","",""
"","208","shows GraphRAG and AGE onboarding in the graph explore view before any corpus exists","Knowledge Bases page","Sun Sep 20 15:59:14 UTC 2026","passed","Sun Sep 20 15:59:14 UTC 2026","","","",""
"","33","renders the manifest as editable JSON","CodeView — manifest tab","Sun Sep 20 16:03:01 UTC 2026","passed","Sun Sep 20 16:03:01 UTC 2026","","","",""
"","17","removes a chip","ChipMultiSelect","Sun Sep 20 16:03:13 UTC 2026","passed","Sun Sep 20 16:03:13 UTC 2026","","","",""
"","0","returns null (falls through) with no status and no version id","describeStepChange — knowledge-build diagnostics branches","Sun Sep 20 15:59:38 UTC 2026","passed","Sun Sep 20 15:59:38 UTC 2026","","","",""
"","86","formats hover tooltips per chart: time label, series names/values, and percent error rate","TraceMetricsCharts","Sun Sep 20 16:02:02 UTC 2026","passed","Sun Sep 20 16:02:02 UTC 2026","","","",""
"","8","shows a recoverable error instead of loading forever when the version request fails","WorkflowVersionDetail page","Sun Sep 20 15:58:51 UTC 2026","passed","Sun Sep 20 15:58:51 UTC 2026","","","",""
"","25","labels the earliest step for a completed run","step transition guidance for the earliest step","Sun Sep 20 16:00:10 UTC 2026","passed","Sun Sep 20 16:00:10 UTC 2026","","","",""
"","273","returns to login with an explanation after resetting the current account password","App shell end-to-end journeys","Sun Sep 20 15:59:57 UTC 2026","passed","Sun Sep 20 15:59:58 UTC 2026","","","",""
"","56","refreshes counts and filtered cards when a workflow is archived elsewhere","Workflows — live status refresh","Sun Sep 20 16:00:14 UTC 2026","passed","Sun Sep 20 16:00:14 UTC 2026","","","",""
"","216","retries a failed run from the selected checkpoint","WorkflowDetail calibration","Sun Sep 20 15:58:50 UTC 2026","passed","Sun Sep 20 15:58:50 UTC 2026","","","",""
"","18","deduplicates CSRF bootstrap and sends CSRF/user headers on writes","caliberApi","Sun Sep 20 16:00:20 UTC 2026","passed","Sun Sep 20 16:00:20 UTC 2026","","","",""
"","0","returns null for a null/undefined step","workflowRunStatusFromStep","Sun Sep 20 16:00:29 UTC 2026","passed","Sun Sep 20 16:00:29 UTC 2026","","","",""
"","10","labels a failed build","knowledge build status tones","Sun Sep 20 16:00:11 UTC 2026","passed","Sun Sep 20 16:00:11 UTC 2026","","","",""
"","9","shows a plural compatibility warning listing every incompatible mapping","ConnectMapPopover","Sun Sep 20 16:01:23 UTC 2026","passed","Sun Sep 20 16:01:23 UTC 2026","","","",""
"","0","defaults citation/chunk labels and ids when fields are absent","extractKnowledgeQueryDiagnostics","Sun Sep 20 15:59:38 UTC 2026","passed","Sun Sep 20 15:59:38 UTC 2026","","","",""
"","2","accepts a completed login cookie mutation across a competing display boundary","caliberApi","Sun Sep 20 16:00:20 UTC 2026","passed","Sun Sep 20 16:00:20 UTC 2026","","","",""
"","5","removes a check by index","GuardrailChecksEditor","Sun Sep 20 16:02:42 UTC 2026","passed","Sun Sep 20 16:02:42 UTC 2026","","","",""
"","1","falls back to tool calls, questions, and errors for older messages","processStepsFromMetadata","Sun Sep 20 16:03:29 UTC 2026","passed","Sun Sep 20 16:03:29 UTC 2026","","","",""
"","33","closes the loop: 'Fix with copilot' feeds the failing step into a new edit","WorkflowCopilot","Sun Sep 20 16:02:16 UTC 2026","passed","Sun Sep 20 16:02:16 UTC 2026","","","",""
"","0","copies a saved policy onto the binding","ensureAgentToolBindings","Sun Sep 20 16:02:55 UTC 2026","passed","Sun Sep 20 16:02:55 UTC 2026","","","",""
"","9","shows loading and empty states","ToolTests panel","Sun Sep 20 16:02:15 UTC 2026","passed","Sun Sep 20 16:02:15 UTC 2026","","","",""
"","60","renders the path and fires Create Verification Item","TraceReplayGraph","Sun Sep 20 15:59:12 UTC 2026","passed","Sun Sep 20 15:59:12 UTC 2026","","","",""
"","48","clears the password field after creating an account","Administration","Sun Sep 20 16:00:18 UTC 2026","passed","Sun Sep 20 16:00:18 UTC 2026","","","",""
"","3","renders a join card with zero merged branches but an output preview","StepPreview — additional prop-driven render branches","Sun Sep 20 15:59:38 UTC 2026","passed","Sun Sep 20 15:59:38 UTC 2026","","","",""
"","11","surfaces field-level focus targets when a node field is referenced","ProblemsPanel","Sun Sep 20 15:59:12 UTC 2026","passed","Sun Sep 20 15:59:12 UTC 2026","","","",""
"","34","shows error result when test run request fails","ToolPlayground panel","Sun Sep 20 16:02:15 UTC 2026","passed","Sun Sep 20 16:02:15 UTC 2026","","","",""
"","189","retries a failed monitored run from the selected checkpoint","WorkflowEditor handler branches","Sun Sep 20 15:59:01 UTC 2026","passed","Sun Sep 20 15:59:01 UTC 2026","","","",""
"","501","lists agent configurations and registers a new one","Agents lifecycle UI","Sun Sep 20 16:01:02 UTC 2026","passed","Sun Sep 20 16:01:02 UTC 2026","","","",""
"","0","returns null when the error payload is absent","extractErrorBoundaryDiagnostics","Sun Sep 20 15:59:38 UTC 2026","passed","Sun Sep 20 15:59:38 UTC 2026","","","",""
"","101","shows an error when the assistant does not return a parseable test array","McpServers","Sun Sep 20 15:59:54 UTC 2026","passed","Sun Sep 20 15:59:55 UTC 2026","","","",""
"","24","surfaces expired lifecycle diagnostics around the relevant step","WorkflowRunDebugger","Sun Sep 20 15:59:39 UTC 2026","passed","Sun Sep 20 15:59:39 UTC 2026","","","",""
"","29","explains a missing input snapshot for a stopped run","missing port snapshots","Sun Sep 20 16:00:10 UTC 2026","passed","Sun Sep 20 16:00:10 UTC 2026","","","",""
"","8","selecting a source output calls onChange with the updated map, replacing any prior mapping for that input","ConnectMapPopover","Sun Sep 20 16:01:23 UTC 2026","passed","Sun Sep 20 16:01:23 UTC 2026","","","",""
"","6","surfaces knowledge-build version, activation, and graph diagnostics","StepPreview","Sun Sep 20 15:59:38 UTC 2026","passed","Sun Sep 20 15:59:38 UTC 2026","","","",""
"","0","falls back to 'Checkpoint' for the checkpoint kind and unknown/null values","workflowRunCheckpointLabel","Sun Sep 20 16:00:29 UTC 2026","passed","Sun Sep 20 16:00:29 UTC 2026","","","",""
"","34","parses a valid decimal value for a number field and submits it","PlanInteractionPrompt — input kind","Sun Sep 20 16:00:47 UTC 2026","passed","Sun Sep 20 16:00:47 UTC 2026","","","",""
"","3","renders a blocked subworkflow with minimal fields (no alias/version/steps/tokens)","StepPreview — additional prop-driven render branches","Sun Sep 20 15:59:38 UTC 2026","passed","Sun Sep 20 15:59:38 UTC 2026","","","",""
"","3","builds the canonical workflow run path","workflowRunLinks","Sun Sep 20 16:03:36 UTC 2026","passed","Sun Sep 20 16:03:36 UTC 2026","","","",""
"","1","reads the persisted choice back on a fresh mount","useViewMode","Sun Sep 20 16:03:28 UTC 2026","passed","Sun Sep 20 16:03:28 UTC 2026","","","",""
"","6","renders unified diff with stats","PromptDiff","Sun Sep 20 16:02:59 UTC 2026","passed","Sun Sep 20 16:02:59 UTC 2026","","","",""
"","16","opens the group holding the current route and leaves the rest closed","Sidebar navigation groups","Sun Sep 20 16:02:23 UTC 2026","passed","Sun Sep 20 16:02:23 UTC 2026","","","",""
"","218","blocks knowledge-base creation when local embeddings are flagged in the runtime","Knowledge Bases page","Sun Sep 20 15:59:15 UTC 2026","passed","Sun Sep 20 15:59:15 UTC 2026","","","",""
"","22","stringifies a non-Error rejection when validation throws a plain value","WorkflowImportDialog (import mode)","Sun Sep 20 16:00:21 UTC 2026","passed","Sun Sep 20 16:00:21 UTC 2026","","","",""
"","61","flags invalid JSON typed into the Inputs field specifically","Judges","Sun Sep 20 16:00:28 UTC 2026","passed","Sun Sep 20 16:00:28 UTC 2026","","","",""
"","52","renders source/target names, port counts, and falls back to id when name is absent","ConnectMapPopover","Sun Sep 20 16:01:23 UTC 2026","passed","Sun Sep 20 16:01:23 UTC 2026","","","",""
"","25","sends a deployment_bundle payload when the pasted JSON is a caliber deployment bundle","WorkflowImportDialog (import mode)","Sun Sep 20 16:00:21 UTC 2026","passed","Sun Sep 20 16:00:21 UTC 2026","","","",""
"","26","shows an inline export error and recovers when the export call fails","AuditLog","Sun Sep 20 16:01:29 UTC 2026","passed","Sun Sep 20 16:01:29 UTC 2026","","","",""
"","121","opens a KB into a workspace with a header and four stage tabs, then returns via Back","Knowledge Bases asset workspace (R1 IA)","Sun Sep 20 15:59:21 UTC 2026","passed","Sun Sep 20 15:59:21 UTC 2026","","","",""
"","6","prompts to pick a bucket when none is provided","BucketTree","Sun Sep 20 16:01:08 UTC 2026","passed","Sun Sep 20 16:01:08 UTC 2026","","","",""
"","34","renders the right-rail metadata, composition, and skill_metadata JSON","SkillDetail","Sun Sep 20 16:00:33 UTC 2026","passed","Sun Sep 20 16:00:33 UTC 2026","","","",""
"","15","lets the user skip the step even mid-input","PlanInteractionPrompt — input kind","Sun Sep 20 16:00:47 UTC 2026","passed","Sun Sep 20 16:00:47 UTC 2026","","","",""
"","129","changes to chat from the dropdown","ModeSelector","Sun Sep 20 16:01:37 UTC 2026","passed","Sun Sep 20 16:01:38 UTC 2026","","","",""
"","1","nodeGuide checks the right field per API Request mode","node helpers","Sun Sep 20 15:59:50 UTC 2026","passed","Sun Sep 20 15:59:50 UTC 2026","","","",""
"","389","supports assistant-guided resolve, plan, and execute for calibration","Prompts","Sun Sep 20 15:59:32 UTC 2026","passed","Sun Sep 20 15:59:32 UTC 2026","","","",""
"","134","disables workflow-wide event matching in detail for legacy wait_event checkpoints","WorkflowDetail calibration","Sun Sep 20 15:58:43 UTC 2026","passed","Sun Sep 20 15:58:43 UTC 2026","","","",""
"","16","stays inert when disabled","ModeSelector","Sun Sep 20 16:01:38 UTC 2026","passed","Sun Sep 20 16:01:38 UTC 2026","","","",""
"","335","adopts a template's default stage/action, exposes its fields, and creates a native-scorer guardrail","GatewayGuardrailsTab","Sun Sep 20 16:00:50 UTC 2026","passed","Sun Sep 20 16:00:51 UTC 2026","","","",""
"","3","persists the choice to localStorage under the namespaced key","useViewMode","Sun Sep 20 16:03:28 UTC 2026","passed","Sun Sep 20 16:03:28 UTC 2026","","","",""
"","1","special-cases file_input with a path regardless of counts","describeStepChange — storage diagnostics branches (via diagnostics override)","Sun Sep 20 15:59:38 UTC 2026","passed","Sun Sep 20 15:59:38 UTC 2026","","","",""
"","155","selecting a node from the outline shows its inspector","WorkflowEditor page","Sun Sep 20 15:58:33 UTC 2026","passed","Sun Sep 20 15:58:33 UTC 2026","","","",""
"","154","falls back to a historical saved workflow version when the run-manifest lookup fails","WorkflowEditor handler branches","Sun Sep 20 15:58:57 UTC 2026","passed","Sun Sep 20 15:58:57 UTC 2026","","","",""
"","4","downloads workflow exports with trusted-user and project headers","caliberApi","Sun Sep 20 16:00:20 UTC 2026","passed","Sun Sep 20 16:00:20 UTC 2026","","","",""
"","190","shows the empty history state, then pins a baseline and computes regressions","Tool Workspace — Test Runs stage","Sun Sep 20 16:00:42 UTC 2026","passed","Sun Sep 20 16:00:43 UTC 2026","","","",""
"","3","clears stale browser display state when an API request returns 401","caliberApi","Sun Sep 20 16:00:20 UTC 2026","passed","Sun Sep 20 16:00:20 UTC 2026","","","",""
"","206","builds a queue with a custom question and creates it","ReviewQueues","Sun Sep 20 16:00:52 UTC 2026","passed","Sun Sep 20 16:00:53 UTC 2026","","","",""
"","71","filters via the chip toolbar and reflects counts","Workflows — summary tiles & status filters","Sun Sep 20 16:00:14 UTC 2026","passed","Sun Sep 20 16:00:14 UTC 2026","","","",""
"","6","honors ?theme= query hints before persisted storage","useTheme","Sun Sep 20 16:02:31 UTC 2026","passed","Sun Sep 20 16:02:31 UTC 2026","","","",""
"","60","turns idle run-monitor sections into guided empty states when no run is selected","WorkflowEditor handler branches","Sun Sep 20 15:59:06 UTC 2026","passed","Sun Sep 20 15:59:06 UTC 2026","","","",""
"","0","storageCountLabel pluralizes and handles null","pure label/formatting helpers","Sun Sep 20 15:59:38 UTC 2026","passed","Sun Sep 20 15:59:38 UTC 2026","","","",""
"","13","selects artifact type prompt","ArtifactTypeSelector","Sun Sep 20 16:01:38 UTC 2026","passed","Sun Sep 20 16:01:38 UTC 2026","","","",""
"","0","falls back to just the retrieval mode when there are no chunks/citations/results","describeStepChange — knowledge-query diagnostics branches","Sun Sep 20 15:59:38 UTC 2026","passed","Sun Sep 20 15:59:38 UTC 2026","","","",""
"","1","filters, sorts, and detects dirty benchmark report drafts","workflowBakeoff","Sun Sep 20 16:02:11 UTC 2026","passed","Sun Sep 20 16:02:11 UTC 2026","","","",""
"","56","reacts to workflow.run.completed event-stream messages","WorkflowDetail calibration","Sun Sep 20 15:58:46 UTC 2026","passed","Sun Sep 20 15:58:46 UTC 2026","","","",""
"","1","returns null for a null node type and humanizes fully unmapped ones","workflowNodeTypeLabel","Sun Sep 20 15:59:38 UTC 2026","passed","Sun Sep 20 15:59:38 UTC 2026","","","",""
"","27","renders the dataset header and its example rows","EvalDatasetDetail","Sun Sep 20 16:00:45 UTC 2026","passed","Sun Sep 20 16:00:45 UTC 2026","","","",""
"","1","nodeLabel prefers agent name","node helpers","Sun Sep 20 15:59:50 UTC 2026","passed","Sun Sep 20 15:59:50 UTC 2026","","","",""
"","104","opens a skill into its Workspace and renders Render Preview with manual variables","Skills page with wizard integration","Sun Sep 20 16:00:40 UTC 2026","passed","Sun Sep 20 16:00:40 UTC 2026","","","",""
"","138","turns empty run logs into completed-run guidance when step logs were never persisted","WorkflowDetail calibration","Sun Sep 20 15:58:47 UTC 2026","passed","Sun Sep 20 15:58:47 UTC 2026","","","",""
"","0","derives count and failed from results when metadata is absent","extractForEachDiagnostics","Sun Sep 20 15:59:38 UTC 2026","passed","Sun Sep 20 15:59:38 UTC 2026","","","",""
"","5","renders removed nodes","GraphDiff","Sun Sep 20 16:02:51 UTC 2026","passed","Sun Sep 20 16:02:51 UTC 2026","","","",""
"","3","renders the current approval mode auto_safe","ApprovalModeSelector","Sun Sep 20 16:01:38 UTC 2026","passed","Sun Sep 20 16:01:38 UTC 2026","","","",""
"","63","mounts the shared VersionPanel with Promote/Roll back controls","WorkflowDetail Versions tab","Sun Sep 20 16:02:38 UTC 2026","passed","Sun Sep 20 16:02:38 UTC 2026","","","",""
"","171","paginates recursive search results and shows the truncated warning","Object Store file manager","Sun Sep 20 16:00:06 UTC 2026","passed","Sun Sep 20 16:00:07 UTC 2026","","","",""
"","61","archives an active judge and restores an archived one","Judges","Sun Sep 20 16:00:27 UTC 2026","passed","Sun Sep 20 16:00:27 UTC 2026","","","",""
"","138","refreshes approvals and checkpoints immediately when a monitored run enters waiting approval","WorkflowEditor handler branches","Sun Sep 20 15:59:07 UTC 2026","passed","Sun Sep 20 15:59:07 UTC 2026","","","",""
"","24","reads a chosen file into the manifest textarea and resets the preview","WorkflowImportDialog (import mode)","Sun Sep 20 16:00:21 UTC 2026","passed","Sun Sep 20 16:00:21 UTC 2026","","","",""
"","1","falls back to files.length and a string file_count for folder_input counts","extractStorageNodeDiagnostics","Sun Sep 20 15:59:38 UTC 2026","passed","Sun Sep 20 15:59:38 UTC 2026","","","",""
"","95","surfaces and operates all three recovery queues","Releases","Sun Sep 20 16:00:31 UTC 2026","passed","Sun Sep 20 16:00:31 UTC 2026","","","",""
"","2","renders an em-dash for empty output","StepPreview","Sun Sep 20 15:59:38 UTC 2026","passed","Sun Sep 20 15:59:38 UTC 2026","","","",""
"","152","orders destinations by build, integration, evaluation, and operating lifecycle","Sidebar navigation groups","Sun Sep 20 16:02:23 UTC 2026","passed","Sun Sep 20 16:02:23 UTC 2026","","","",""
"","47","degrades gracefully when the guardrail API is unavailable","Gateway → Guardrails tab","Sun Sep 20 16:01:16 UTC 2026","passed","Sun Sep 20 16:01:16 UTC 2026","","","",""
"","6","omits the output section when there is no step","Component enhancements (label / advanced / output / legacy)","Sun Sep 20 15:59:12 UTC 2026","passed","Sun Sep 20 15:59:12 UTC 2026","","","",""
"","130","disables event matching in the monitor when checkpoint persistence is disabled","WorkflowEditor handler branches","Sun Sep 20 15:59:01 UTC 2026","passed","Sun Sep 20 15:59:01 UTC 2026","","","",""
"","224","refreshes the graph explorer when an AGE sync finishes on the graph tab","Knowledge Bases page","Sun Sep 20 15:59:17 UTC 2026","passed","Sun Sep 20 15:59:17 UTC 2026","","","",""
"","124","renders a card grid and filters it with search","Skills page","Sun Sep 20 16:00:23 UTC 2026","passed","Sun Sep 20 16:00:23 UTC 2026","","","",""
"","133","promotes a non-live version after confirmation (no override needed)","VersionPanel","Sun Sep 20 16:02:32 UTC 2026","passed","Sun Sep 20 16:02:32 UTC 2026","","","",""
"","12","surfaces a load error","PromptDiagnosisTab","Sun Sep 20 16:01:30 UTC 2026","passed","Sun Sep 20 16:01:30 UTC 2026","","","",""
"","9","surfaces a compile/export error","CodeView — python tab","Sun Sep 20 16:03:01 UTC 2026","passed","Sun Sep 20 16:03:01 UTC 2026","","","",""
"","1","round-trips build → parse for a full payload","knowledgeBuildLaunch","Sun Sep 20 16:00:59 UTC 2026","passed","Sun Sep 20 16:00:59 UTC 2026","","","",""
"","0","falls back status resolution across ports, result, and version","extractKnowledgeBuildDiagnostics","Sun Sep 20 15:59:38 UTC 2026","passed","Sun Sep 20 15:59:38 UTC 2026","","","",""
"","64","blocks applying a candidate when the recorded evaluation gate failed","Prompt optimization calibration edge flows","Sun Sep 20 16:00:03 UTC 2026","passed","Sun Sep 20 16:00:03 UTC 2026","","","",""
"","43","renders existing attachments and removes one via the delete button","AttachmentBar — chip list & remove","Sun Sep 20 16:00:48 UTC 2026","passed","Sun Sep 20 16:00:48 UTC 2026","","","",""
"","2","converts schema to editable property rows","ToolWizard helpers","Sun Sep 20 16:03:09 UTC 2026","passed","Sun Sep 20 16:03:09 UTC 2026","","","",""
"","6","shows Invalid with errors","ValidationPanel","Sun Sep 20 16:02:28 UTC 2026","passed","Sun Sep 20 16:02:28 UTC 2026","","","",""
"","6","ignores a focused node id that does not match any recorded step","selection persistence and focus effects","Sun Sep 20 16:00:11 UTC 2026","passed","Sun Sep 20 16:00:11 UTC 2026","","","",""
"","0","ignores arrow consts, which are not the duplication being measured","topLevelFunctionNames / duplicatedHelpers","Sun Sep 20 16:02:10 UTC 2026","passed","Sun Sep 20 16:02:10 UTC 2026","","","",""
"","32","closes when Escape is pressed","CaliberAssistantPanel","Sun Sep 20 15:59:41 UTC 2026","passed","Sun Sep 20 15:59:41 UTC 2026","","","",""
"","18","shows a friendly message when the cron preview request fails","Inspector","Sun Sep 20 15:59:10 UTC 2026","passed","Sun Sep 20 15:59:10 UTC 2026","","","",""
"","2","renders failed as Failed with its tone color","StatusBadge","Sun Sep 20 16:03:32 UTC 2026","passed","Sun Sep 20 16:03:32 UTC 2026","","","",""
"","8","labels a queued build","knowledge build status tones","Sun Sep 20 16:00:11 UTC 2026","passed","Sun Sep 20 16:00:11 UTC 2026","","","",""
"","77","shows an error when the import request fails","OpenApiIntegrations","Sun Sep 20 15:59:48 UTC 2026","passed","Sun Sep 20 15:59:48 UTC 2026","","","",""
"","56","shows an error when creating an integration fails","OpenApiIntegrations","Sun Sep 20 15:59:47 UTC 2026","passed","Sun Sep 20 15:59:47 UTC 2026","","","",""
"","44","renders nothing before the current-user query resolves","AccessBadge","Sun Sep 20 16:02:45 UTC 2026","passed","Sun Sep 20 16:02:45 UTC 2026","","","",""
"","53","captures an example from a trace id (POST /examples/from-trace)","EvalDatasetDetail — capture from trace","Sun Sep 20 16:00:45 UTC 2026","passed","Sun Sep 20 16:00:45 UTC 2026","","","",""
"","84","shows usage, tags, request, assessments, and identity chips","Observability page","Sun Sep 20 16:01:11 UTC 2026","passed","Sun Sep 20 16:01:11 UTC 2026","","","",""
"","37","shows an account-mutation error when creating an account is rejected","Administration","Sun Sep 20 16:00:18 UTC 2026","passed","Sun Sep 20 16:00:18 UTC 2026","","","",""
"","277","does not promote to prod when saving an edited prompt","single-environment defaults","Sun Sep 20 16:02:48 UTC 2026","passed","Sun Sep 20 16:02:48 UTC 2026","","","",""
"","1","formats finite scores to 3dp and non-numbers to em-dash","workflowCalibration formatters","Sun Sep 20 16:00:59 UTC 2026","passed","Sun Sep 20 16:00:59 UTC 2026","","","",""
"","8","labels rejection, waiting-event, resumed, cancel-requested, and cancelled markers on the final step","remaining step-marker lifecycle branches","Sun Sep 20 16:00:11 UTC 2026","passed","Sun Sep 20 16:00:11 UTC 2026","","","",""
"","35","changes to build from the dropdown","ModeSelector","Sun Sep 20 16:01:38 UTC 2026","passed","Sun Sep 20 16:01:38 UTC 2026","","","",""
"","10","fails safely when the workspace list cannot be loaded","WorkspaceSelector","Sun Sep 20 16:02:18 UTC 2026","passed","Sun Sep 20 16:02:18 UTC 2026","","","",""
"","0","autoMapPorts matches by name first, then positionally","connect/map helpers","Sun Sep 20 15:59:50 UTC 2026","passed","Sun Sep 20 15:59:50 UTC 2026","","","",""
"","1","finds whether an agent references a skill and builds labels","Skills helpers","Sun Sep 20 16:03:22 UTC 2026","passed","Sun Sep 20 16:03:22 UTC 2026","","","",""
"","127","shows queue-disabled scheduled wait guidance in the monitor when wait_until runs cannot resume","WorkflowEditor handler branches","Sun Sep 20 15:59:00 UTC 2026","passed","Sun Sep 20 15:59:00 UTC 2026","","","",""
"","249","surfaces the graph-native blueprint before the first build exists","Knowledge Bases page","Sun Sep 20 15:59:14 UTC 2026","passed","Sun Sep 20 15:59:14 UTC 2026","","","",""
"","0","carries a write policy through rather than downgrading it to read","agent tool bindings","Sun Sep 20 15:59:50 UTC 2026","passed","Sun Sep 20 15:59:50 UTC 2026","","","",""
"","142","filters dependency rows by status and reviews a suggested one","OpenApiIntegrations","Sun Sep 20 15:59:48 UTC 2026","passed","Sun Sep 20 15:59:48 UTC 2026","","","",""
"","54","refetches on refresh(), racing the previous call via AbortController","useApi","Sun Sep 20 16:02:58 UTC 2026","passed","Sun Sep 20 16:02:58 UTC 2026","","","",""
"","20","shows inline node guidance and validation issues for incomplete nodes","Inspector","Sun Sep 20 15:59:11 UTC 2026","passed","Sun Sep 20 15:59:11 UTC 2026","","","",""
"","1","builds schema from visual properties when raw mode is disabled","ToolWizard helpers","Sun Sep 20 16:03:09 UTC 2026","passed","Sun Sep 20 16:03:09 UTC 2026","","","",""
"","2","prefers the server's message over a fallback when the API answered","ApiErrorMessage","Sun Sep 20 16:02:52 UTC 2026","passed","Sun Sep 20 16:02:52 UTC 2026","","","",""
"","26","changes to full_autonomy from the dropdown","ApprovalModeSelector","Sun Sep 20 16:01:38 UTC 2026","passed","Sun Sep 20 16:01:38 UTC 2026","","","",""
"","166","triggers event-start deployments from the deployments table","WorkflowDetail calibration","Sun Sep 20 15:58:38 UTC 2026","passed","Sun Sep 20 15:58:38 UTC 2026","","","",""
"","315","creates a new rate through the add-rate form and refreshes the table","GatewayPricingTab","Sun Sep 20 16:02:24 UTC 2026","passed","Sun Sep 20 16:02:25 UTC 2026","","","",""
"","33","shows an error when import fails after a successful preview","WorkflowImportDialog (import mode)","Sun Sep 20 16:00:21 UTC 2026","passed","Sun Sep 20 16:00:21 UTC 2026","","","",""
"","17","surfaces a save failure and suppresses the Saved badge","CalibrationPanel (branch coverage)","Sun Sep 20 16:02:09 UTC 2026","passed","Sun Sep 20 16:02:09 UTC 2026","","","",""
"","117","submits human feedback on a trace","Observability page","Sun Sep 20 16:01:11 UTC 2026","passed","Sun Sep 20 16:01:12 UTC 2026","","","",""
"","0","falls back to the handoff/router target","describeStepChange","Sun Sep 20 15:59:38 UTC 2026","passed","Sun Sep 20 15:59:38 UTC 2026","","","",""
"","2","falls back to generic guidance for an unrecognized run status with no evidence","empty debugger state (no recorded steps)","Sun Sep 20 16:00:10 UTC 2026","passed","Sun Sep 20 16:00:10 UTC 2026","","","",""
"","1","single_agent has start/agent/final wired","templateManifest","Sun Sep 20 15:59:50 UTC 2026","passed","Sun Sep 20 15:59:50 UTC 2026","","","",""
"","0","falls back to a bare chunk count (singular) with no retrieval-mode label","describeStepChange — knowledge-query diagnostics branches","Sun Sep 20 15:59:38 UTC 2026","passed","Sun Sep 20 15:59:38 UTC 2026","","","",""
"","230","requires an operator reason and retries an ambiguous run as a new job","ToolCalibrationJobs","Sun Sep 20 16:03:05 UTC 2026","passed","Sun Sep 20 16:03:06 UTC 2026","","","",""
"","402","applies graph query presets before running AGE-backed retrieval","Knowledge Bases page","Sun Sep 20 15:59:20 UTC 2026","passed","Sun Sep 20 15:59:20 UTC 2026","","","",""
"","10","rejects a node without a type","NodeCodeModal","Sun Sep 20 16:03:14 UTC 2026","passed","Sun Sep 20 16:03:14 UTC 2026","","","",""
"","3","returns empty array for two empty strings","computeDiff","Sun Sep 20 16:02:59 UTC 2026","passed","Sun Sep 20 16:02:59 UTC 2026","","","",""
"","42","shows deltas when compared against a baseline run","EvaluationDetail page","Sun Sep 20 16:01:00 UTC 2026","passed","Sun Sep 20 16:01:01 UTC 2026","","","",""
"","2","guides a stopped run that has lifecycle evidence but no rich steps","empty debugger state (no recorded steps)","Sun Sep 20 16:00:10 UTC 2026","passed","Sun Sep 20 16:00:10 UTC 2026","","","",""
"","31","shows an empty-folder note when an expanded folder has no children","BucketTree","Sun Sep 20 16:01:08 UTC 2026","passed","Sun Sep 20 16:01:08 UTC 2026","","","",""
"","0","exposes curl, Python, and JavaScript","buildServiceSnippet","Sun Sep 20 16:03:11 UTC 2026","passed","Sun Sep 20 16:03:11 UTC 2026","","","",""
"","1","covers every explicit event-type branch","workflowRunLifecycleMessage","Sun Sep 20 16:00:29 UTC 2026","passed","Sun Sep 20 16:00:29 UTC 2026","","","",""
"","33","groups MCP Servers and the LLM Gateway together as integrations","Sidebar navigation groups","Sun Sep 20 16:02:23 UTC 2026","passed","Sun Sep 20 16:02:23 UTC 2026","","","",""
"","72","lets orchestration nodes target executable non-agent nodes","Inspector","Sun Sep 20 15:59:11 UTC 2026","passed","Sun Sep 20 15:59:11 UTC 2026","","","",""
"","209","does not let a duplicated waiting approval event overwrite approval feedback","WorkflowEditor handler branches","Sun Sep 20 15:58:59 UTC 2026","passed","Sun Sep 20 15:58:59 UTC 2026","","","",""
"","93","surfaces calibration errors and allows selecting another enabled agent","WorkflowDetail calibration","Sun Sep 20 15:58:36 UTC 2026","passed","Sun Sep 20 15:58:37 UTC 2026","","","",""
"","286","renders the stat tiles and all four chart cards for populated metrics","TraceMetricsCharts","Sun Sep 20 16:02:02 UTC 2026","passed","Sun Sep 20 16:02:02 UTC 2026","","","",""
"","53","does not prefill a default credential","Login","Sun Sep 20 16:02:43 UTC 2026","passed","Sun Sep 20 16:02:43 UTC 2026","","","",""
"","32","changes to auto_all from the dropdown","ApprovalModeSelector","Sun Sep 20 16:01:38 UTC 2026","passed","Sun Sep 20 16:01:38 UTC 2026","","","",""
"","0","reports only what moved, with a signed delta","diffCensus","Sun Sep 20 16:02:10 UTC 2026","passed","Sun Sep 20 16:02:10 UTC 2026","","","",""
"","97","renders dependencies as operation relationships instead of opaque ids","OpenApiIntegrations","Sun Sep 20 15:59:46 UTC 2026","passed","Sun Sep 20 15:59:46 UTC 2026","","","",""
"","207","runs using the version currently deployed to prod","WorkflowDetail calibration","Sun Sep 20 15:58:37 UTC 2026","passed","Sun Sep 20 15:58:37 UTC 2026","","","",""
"","118","reuses the active session for a Steer message instead of creating a new one","CaliberAssistantPanel — queueing & session reuse","Sun Sep 20 15:59:43 UTC 2026","passed","Sun Sep 20 15:59:44 UTC 2026","","","",""
"","7","marks the active row with the active border styling","ChatHistory","Sun Sep 20 16:01:18 UTC 2026","passed","Sun Sep 20 16:01:18 UTC 2026","","","",""
"","117","narrows the card grid with the Category and Status filter dropdowns","Skills page","Sun Sep 20 16:00:23 UTC 2026","passed","Sun Sep 20 16:00:23 UTC 2026","","","",""
"","28","labels the earliest step for an active run","step transition guidance for the earliest step","Sun Sep 20 16:00:10 UTC 2026","passed","Sun Sep 20 16:00:10 UTC 2026","","","",""
"","61","only shows Trigger now for deployment aliases targeted by the Start trigger","WorkflowDetail calibration","Sun Sep 20 15:58:38 UTC 2026","passed","Sun Sep 20 15:58:38 UTC 2026","","","",""
"","52","times out a hung GET instead of hanging forever","caliberApi","Sun Sep 20 16:00:20 UTC 2026","passed","Sun Sep 20 16:00:20 UTC 2026","","","",""
"","67","resets a password through the write-only account control and clears it","Administration","Sun Sep 20 16:00:18 UTC 2026","passed","Sun Sep 20 16:00:18 UTC 2026","","","",""
"","3","omits the required-scope UI when there is none","PlanInteractionPrompt — permission/approval kind","Sun Sep 20 16:00:47 UTC 2026","passed","Sun Sep 20 16:00:47 UTC 2026","","","",""
"","69","shows a loading state before the agent resolves","AgentDetail","Sun Sep 20 16:00:54 UTC 2026","passed","Sun Sep 20 16:00:54 UTC 2026","","","",""
"","65","falls back to the recent run index in the monitor when paged run history is unavailable","WorkflowEditor handler branches","Sun Sep 20 15:59:06 UTC 2026","passed","Sun Sep 20 15:59:06 UTC 2026","","","",""
"","34","rejects a non-integer value for an integer field","PlanInteractionPrompt — input kind","Sun Sep 20 16:00:47 UTC 2026","passed","Sun Sep 20 16:00:47 UTC 2026","","","",""
"","33","flags a synced-but-changed test set as stale with a re-sync action","EvalDatasets","Sun Sep 20 16:02:07 UTC 2026","passed","Sun Sep 20 16:02:07 UTC 2026","","","",""
"","316","surfaces run, bulk delete, and folder delete errors","Object Store file manager","Sun Sep 20 16:00:08 UTC 2026","passed","Sun Sep 20 16:00:09 UTC 2026","","","",""
"","1","renders data edges and dashed handoff edges","manifestToFlow","Sun Sep 20 15:59:50 UTC 2026","passed","Sun Sep 20 15:59:50 UTC 2026","","","",""
"","279","renders the graph explorer with AGE sync details and artifact entry points","Knowledge Bases page","Sun Sep 20 15:59:18 UTC 2026","passed","Sun Sep 20 15:59:18 UTC 2026","","","",""
"","105","keeps the create dialog open and shows the API error when creation fails","WorkspaceSelector","Sun Sep 20 16:02:18 UTC 2026","passed","Sun Sep 20 16:02:18 UTC 2026","","","",""
"","64","renders a blank x-axis tick instead of crashing when a bucket has an invalid timestamp","TraceMetricsCharts","Sun Sep 20 16:02:02 UTC 2026","passed","Sun Sep 20 16:02:02 UTC 2026","","","",""
"","28","exposes a clickable row as a focusable button and activates on Enter/Space","ListRow keyboard accessibility","Sun Sep 20 16:03:35 UTC 2026","passed","Sun Sep 20 16:03:35 UTC 2026","","","",""
"","1","passes when any one of the required scopes is held","canAnyScope","Sun Sep 20 16:02:41 UTC 2026","passed","Sun Sep 20 16:02:41 UTC 2026","","","",""
"","1","curl: posts to the endpoint and shows the poll step","buildServiceSnippet","Sun Sep 20 16:03:11 UTC 2026","passed","Sun Sep 20 16:03:11 UTC 2026","","","",""
"","11","Auto-Map matches by name","ConnectMapPopover","Sun Sep 20 15:59:12 UTC 2026","passed","Sun Sep 20 15:59:12 UTC 2026","","","",""
"","6","closes via the close button","NodeCodeModal","Sun Sep 20 16:03:14 UTC 2026","passed","Sun Sep 20 16:03:14 UTC 2026","","","",""
"","2","renders validation report state {""valid"":true,""errors"":[],""warnings"":[]}","ValidationPanel","Sun Sep 20 16:01:38 UTC 2026","passed","Sun Sep 20 16:01:38 UTC 2026","","","",""
"","128","does not switch tabs if unsaved changes are rejected","Prompts","Sun Sep 20 15:59:33 UTC 2026","passed","Sun Sep 20 15:59:33 UTC 2026","","","",""
"","98","drills into a session and clears it","Observability page","Sun Sep 20 16:01:11 UTC 2026","passed","Sun Sep 20 16:01:11 UTC 2026","","","",""
"","132","requires the checkpoint correlation field before matching a wait_for_event run in the monitor","WorkflowEditor handler branches","Sun Sep 20 15:59:00 UTC 2026","passed","Sun Sep 20 15:59:00 UTC 2026","","","",""
"","44","lists accounts with their status and last login","Administration","Sun Sep 20 16:00:18 UTC 2026","passed","Sun Sep 20 16:00:18 UTC 2026","","","",""
"","8","lists required inputs only when input_schema.required is a string array","PlanStepRow","Sun Sep 20 16:00:46 UTC 2026","passed","Sun Sep 20 16:00:46 UTC 2026","","","",""
"","1","reports the highest scope held, not the first listed","accessLevel","Sun Sep 20 16:02:41 UTC 2026","passed","Sun Sep 20 16:02:41 UTC 2026","","","",""
"","0","is empty for disjoint files","topLevelFunctionNames / duplicatedHelpers","Sun Sep 20 16:02:10 UTC 2026","passed","Sun Sep 20 16:02:10 UTC 2026","","","",""
"","4","initializes from persisted key, toggles, and syncs mlflow keys","useTheme","Sun Sep 20 16:02:31 UTC 2026","passed","Sun Sep 20 16:02:31 UTC 2026","","","",""
"","0","ignores malformed MCP tool refs and unknown MCP servers","agent tool bindings","Sun Sep 20 15:59:50 UTC 2026","passed","Sun Sep 20 15:59:50 UTC 2026","","","",""
"","1","renders status tested with the right tone","DraftStatusBadge","Sun Sep 20 16:01:38 UTC 2026","passed","Sun Sep 20 16:01:38 UTC 2026","","","",""
"","396","turns stale retry, approval, and resume failures into recovery guidance","WorkflowDetail calibration","Sun Sep 20 15:58:45 UTC 2026","passed","Sun Sep 20 15:58:46 UTC 2026","","","",""
"","221","undoes and redoes a palette add from the toolbar","WorkflowEditor page","Sun Sep 20 15:58:33 UTC 2026","passed","Sun Sep 20 15:58:33 UTC 2026","","","",""
"","86","lists skills, switches resource type, and attaches a resource","AttachmentBar — Library resource modal","Sun Sep 20 16:00:48 UTC 2026","passed","Sun Sep 20 16:00:49 UTC 2026","","","",""
"","2","ignores filtered-out events and cleans up listeners on unmount","useEventStream","Sun Sep 20 16:02:59 UTC 2026","passed","Sun Sep 20 16:02:59 UTC 2026","","","",""
"","19","separates a failed dashboard load from an empty one","Dashboard","Sun Sep 20 16:01:07 UTC 2026","passed","Sun Sep 20 16:01:07 UTC 2026","","","",""
"","30","shows direct tool settings and updates the selected binding","Inspector","Sun Sep 20 15:59:11 UTC 2026","passed","Sun Sep 20 15:59:11 UTC 2026","","","",""
"","17","reports fleet coverage as unmeasured when no agents are registered","Dashboard","Sun Sep 20 16:01:06 UTC 2026","passed","Sun Sep 20 16:01:07 UTC 2026","","","",""
"","97","supports collapsing, expanding, and resizing the desktop panel","CaliberAssistantPanel","Sun Sep 20 15:59:41 UTC 2026","passed","Sun Sep 20 15:59:41 UTC 2026","","","",""
"","8","turns an empty recovery timeline into guidance that uses existing recovery evidence","workflow run panels","Sun Sep 20 16:00:12 UTC 2026","passed","Sun Sep 20 16:00:12 UTC 2026","","","",""
"","218","renders the heading and table","Prompts","Sun Sep 20 15:59:24 UTC 2026","passed","Sun Sep 20 15:59:25 UTC 2026","","","",""
"","133","updates start trigger mode, event fields, cron fields, target alias, and enabled state","Inspector","Sun Sep 20 15:59:10 UTC 2026","passed","Sun Sep 20 15:59:10 UTC 2026","","","",""
"","12","does not activate a blocked control by keyboard, even when focused","MutationGuard","Sun Sep 20 16:02:12 UTC 2026","passed","Sun Sep 20 16:02:12 UTC 2026","","","",""
"","24","surfaces blocked local embedding runtimes in knowledge build nodes","Inspector","Sun Sep 20 15:59:11 UTC 2026","passed","Sun Sep 20 15:59:11 UTC 2026","","","",""
"","147","runs the deterministic suite and persists a durable suite run","Tool Workspace — Hardening stage","Sun Sep 20 16:00:43 UTC 2026","passed","Sun Sep 20 16:00:43 UTC 2026","","","",""
"","143","edits summary, description, category, lists, allowed tools, and status","SkillDetail","Sun Sep 20 16:00:33 UTC 2026","passed","Sun Sep 20 16:00:33 UTC 2026","","","",""
"","49","humanizes every known setup-check kind and falls back to the raw kind for unknown ones","WorkflowComponentSchemaSummary","Sun Sep 20 16:01:09 UTC 2026","passed","Sun Sep 20 16:01:09 UTC 2026","","","",""
"","3","degrades gracefully when the Clipboard API is unavailable","CopyButton","Sun Sep 20 16:03:02 UTC 2026","passed","Sun Sep 20 16:03:02 UTC 2026","","","",""
"","113","selects operations and generates a tool draft","OpenApiIntegrations","Sun Sep 20 15:59:46 UTC 2026","passed","Sun Sep 20 15:59:46 UTC 2026","","","",""
"","152","auto-follows the live node when a selected run receives workflow.run.node_started","WorkflowDetail calibration","Sun Sep 20 15:58:47 UTC 2026","passed","Sun Sep 20 15:58:47 UTC 2026","","","",""
"","3","announces the blocked state rather than leaving it silent","MutationGuard","Sun Sep 20 16:02:12 UTC 2026","passed","Sun Sep 20 16:02:12 UTC 2026","","","",""
"","128","creates a bounded refinement loop workflow starter","Workflows — template create flow","Sun Sep 20 16:00:15 UTC 2026","passed","Sun Sep 20 16:00:15 UTC 2026","","","",""
"","24","surfaces an unreachable gateway without failing","Gateway page","Sun Sep 20 16:01:16 UTC 2026","passed","Sun Sep 20 16:01:16 UTC 2026","","","",""
"","1","reconstructs a blocked wait graph from checkpoints when step history is unavailable","buildSyntheticWorkflowRunManifest","Sun Sep 20 16:02:29 UTC 2026","passed","Sun Sep 20 16:02:29 UTC 2026","","","",""
"","61","aborts the in-flight fetch and ignores its resolution after unmount","useApi","Sun Sep 20 16:02:58 UTC 2026","passed","Sun Sep 20 16:02:58 UTC 2026","","","",""
"","3","hydrates persisted width -> 320","AssistantPanelContext","Sun Sep 20 16:02:35 UTC 2026","passed","Sun Sep 20 16:02:35 UTC 2026","","","",""
"","213","applies code and copilot edits, exports python, and completes save/validate/publish","WorkflowEditor handler branches","Sun Sep 20 15:58:58 UTC 2026","passed","Sun Sep 20 15:58:58 UTC 2026","","","",""
"","2","renders test report state {""passed"":false,""total"":0,""failures"":0,""details"":[],""error"":""Sandbox failed""}","TestPanel","Sun Sep 20 16:01:38 UTC 2026","passed","Sun Sep 20 16:01:38 UTC 2026","","","",""
"","84","shows the empty-state placeholder before generating tests","Prompts — Workspace Test Sets stage","Sun Sep 20 15:59:34 UTC 2026","passed","Sun Sep 20 15:59:34 UTC 2026","","","",""
"","168","falls back to the saved workflow version already loaded in the editor when run-manifest lookup fails","WorkflowEditor handler branches","Sun Sep 20 15:58:57 UTC 2026","passed","Sun Sep 20 15:58:57 UTC 2026","","","",""
"","2","renders dismissed as Dismissed with its tone color","StatusBadge","Sun Sep 20 16:03:32 UTC 2026","passed","Sun Sep 20 16:03:32 UTC 2026","","","",""
"","1","catches a row claiming Landed for an unmerged PR","checkLedger","Sun Sep 20 16:02:27 UTC 2026","passed","Sun Sep 20 16:02:27 UTC 2026","","","",""
"","1","does not credit a crumbs prop on some other component","passesCrumbs / usesPageHeader","Sun Sep 20 16:02:10 UTC 2026","passed","Sun Sep 20 16:02:10 UTC 2026","","","",""
"","32","shows MCP resource settings and updates server/tool configuration","Inspector","Sun Sep 20 15:59:10 UTC 2026","passed","Sun Sep 20 15:59:11 UTC 2026","","","",""
"","0","appendThemeHintToUrl returns href unchanged when theme is null or href empty","externalLinks port-5001 + hash branches","Sun Sep 20 16:00:59 UTC 2026","passed","Sun Sep 20 16:00:59 UTC 2026","","","",""
"","26","shows cold-start message when baseline is null","PromptDiff","Sun Sep 20 16:02:59 UTC 2026","passed","Sun Sep 20 16:02:59 UTC 2026","","","",""
"","30","surfaces artifact upload failures instead of blaming the workflow for empty artifact tabs","RunFilePanel","Sun Sep 20 16:01:05 UTC 2026","passed","Sun Sep 20 16:01:05 UTC 2026","","","",""
"","0","falls back to location alone (pluralized unit) when there is no count","describeStepChange — storage diagnostics branches (via diagnostics override)","Sun Sep 20 15:59:38 UTC 2026","passed","Sun Sep 20 15:59:38 UTC 2026","","","",""
"","1","falls back to mlflow preference keys when caliber key is missing","useTheme","Sun Sep 20 16:02:31 UTC 2026","passed","Sun Sep 20 16:02:31 UTC 2026","","","",""
"","2","renders '—' for a missing overall score rather than crashing on undefined.toFixed","EvalComparison","Sun Sep 20 16:02:57 UTC 2026","passed","Sun Sep 20 16:02:57 UTC 2026","","","",""
"","78","creates session from suggested prompt click","CaliberAssistantPanel","Sun Sep 20 15:59:42 UTC 2026","passed","Sun Sep 20 15:59:42 UTC 2026","","","",""
"","3","blocks an unloaded identity even without the loading flag","MutationGuard","Sun Sep 20 16:02:12 UTC 2026","passed","Sun Sep 20 16:02:12 UTC 2026","","","",""
"","7","separates historical approval rows from the active blocked gate","workflow run panels","Sun Sep 20 16:00:12 UTC 2026","passed","Sun Sep 20 16:00:12 UTC 2026","","","",""
"","10","surfaces a load error instead of the table","GatewayGuardrailsTab","Sun Sep 20 16:00:50 UTC 2026","passed","Sun Sep 20 16:00:50 UTC 2026","","","",""
"","1","does not color digits embedded in an identifier","highlightTokens — Python classification","Sun Sep 20 16:03:16 UTC 2026","passed","Sun Sep 20 16:03:16 UTC 2026","","","",""
"","31","syncs the dataset to MLflow (POST /sync) and refreshes","EvalDatasetDetail — sync, retire-error, and version filter","Sun Sep 20 16:00:45 UTC 2026","passed","Sun Sep 20 16:00:45 UTC 2026","","","",""
"","6","renders every section together for a fully mixed diff","GraphDiff","Sun Sep 20 16:02:51 UTC 2026","passed","Sun Sep 20 16:02:51 UTC 2026","","","",""
"","0","appends approval id + reason detail when present","workflowRunLifecycleSummary","Sun Sep 20 16:00:29 UTC 2026","passed","Sun Sep 20 16:00:29 UTC 2026","","","",""
"","29","shows the required-scope chip and separation-of-duties note, with Approve/Deny buttons","PlanInteractionPrompt — permission/approval kind","Sun Sep 20 16:00:47 UTC 2026","passed","Sun Sep 20 16:00:47 UTC 2026","","","",""
"","12","populates the form fields from the loaded config","AssistantSettings","Sun Sep 20 16:01:18 UTC 2026","passed","Sun Sep 20 16:01:18 UTC 2026","","","",""
"","26","shows loading and empty states","SkillPlaygroundPanel (Render Preview)","Sun Sep 20 16:03:12 UTC 2026","passed","Sun Sep 20 16:03:12 UTC 2026","","","",""
"","500","surfaces Apache AGE retrieval in the playground and sends the age_graph mode","Knowledge Bases page","Sun Sep 20 15:59:17 UTC 2026","passed","Sun Sep 20 15:59:18 UTC 2026","","","",""
"","11","positions itself near the anchor point, fixed, when an anchor is given","ConnectMapPopover","Sun Sep 20 16:01:23 UTC 2026","passed","Sun Sep 20 16:01:23 UTC 2026","","","",""
"","9","supports overriding the default 'All' option label","FilterSelect","Sun Sep 20 16:03:23 UTC 2026","passed","Sun Sep 20 16:03:23 UTC 2026","","","",""
"","1","falls back when persisted process steps are invalid: %p","processStepsFromMetadata","Sun Sep 20 16:02:41 UTC 2026","passed","Sun Sep 20 16:02:41 UTC 2026","","","",""
"","207","saves provider keys from the Providers tab","Settings page","Sun Sep 20 16:01:21 UTC 2026","passed","Sun Sep 20 16:01:21 UTC 2026","","","",""
"","15","labels an MCP-bound tool node distinctly from a registered function","tool binding tone","Sun Sep 20 16:00:10 UTC 2026","passed","Sun Sep 20 16:00:11 UTC 2026","","","",""
"","11","treats a non-finite numerator as unmeasured in percentOf","Dashboard","Sun Sep 20 16:01:07 UTC 2026","passed","Sun Sep 20 16:01:07 UTC 2026","","","",""
"","73","adds and removes cases, with the remove button disabled at a single case","CalibrationPanel (branch coverage)","Sun Sep 20 16:02:09 UTC 2026","passed","Sun Sep 20 16:02:09 UTC 2026","","","",""
"","29","shows empty state when no workflows","Workflows page","Sun Sep 20 15:58:31 UTC 2026","passed","Sun Sep 20 15:58:31 UTC 2026","","","",""
"","202","runs tests, shows result, and manages history","ToolPlayground panel","Sun Sep 20 16:02:15 UTC 2026","passed","Sun Sep 20 16:02:15 UTC 2026","","","",""
"","191","Runs stage shows history, pins a baseline, computes regressions, and calibrates","Skills page","Sun Sep 20 16:00:24 UTC 2026","passed","Sun Sep 20 16:00:25 UTC 2026","","","",""
"","2","names every accepted scope when any one of several grants the action","MutationGuard","Sun Sep 20 16:02:12 UTC 2026","passed","Sun Sep 20 16:02:12 UTC 2026","","","",""
"","8","omits the loop meta line when a for_each step reports counts but no per-item results","diagnostics meta lines that collapse to null","Sun Sep 20 16:00:11 UTC 2026","passed","Sun Sep 20 16:00:11 UTC 2026","","","",""
"","4","turns partial lineage warnings into active-run guidance when parent history is missing","workflow run panels","Sun Sep 20 16:00:12 UTC 2026","passed","Sun Sep 20 16:00:12 UTC 2026","","","",""
"","250","shows the mode selector and sends the selected mode","CaliberAssistantPanel — modes & settings","Sun Sep 20 16:01:34 UTC 2026","passed","Sun Sep 20 16:01:34 UTC 2026","","","",""
"","3","renders remote MCP tool binding target and a multi-call badge","StepPreview — additional prop-driven render branches","Sun Sep 20 15:59:38 UTC 2026","passed","Sun Sep 20 15:59:38 UTC 2026","","","",""
"","125","compares two traces side by side","Observability page","Sun Sep 20 16:01:12 UTC 2026","passed","Sun Sep 20 16:01:12 UTC 2026","","","",""
"","0","returns null when output_by_port is missing","extractJoinDiagnostics","Sun Sep 20 15:59:38 UTC 2026","passed","Sun Sep 20 15:59:38 UTC 2026","","","",""
"","46","renders the null model/version as em dashes in the header","Prompts — Workspace","Sun Sep 20 15:59:36 UTC 2026","passed","Sun Sep 20 15:59:36 UTC 2026","","","",""
"","2","renders status review_failed with the right tone","DraftStatusBadge","Sun Sep 20 16:01:38 UTC 2026","passed","Sun Sep 20 16:01:38 UTC 2026","","","",""
"","5","renders MLflow prompt references for agent instructions","NodeDetailPanel","Sun Sep 20 15:59:11 UTC 2026","passed","Sun Sep 20 15:59:11 UTC 2026","","","",""
"","210","removes trigger phrases","SkillWizard","Sun Sep 20 16:00:38 UTC 2026","passed","Sun Sep 20 16:00:38 UTC 2026","","Step 4: Trigger Testing","",""
"","66","shows backing-service health on the Services tab","Settings page","Sun Sep 20 16:01:21 UTC 2026","passed","Sun Sep 20 16:01:22 UTC 2026","","","",""
"","3","normalizes partial worksheet data and backfills missing entries","workflowBakeoff","Sun Sep 20 16:02:11 UTC 2026","passed","Sun Sep 20 16:02:11 UTC 2026","","","",""
"","2","falls back to generic evidence guidance for an unrecognized status","empty debugger state (no recorded steps)","Sun Sep 20 16:00:10 UTC 2026","passed","Sun Sep 20 16:00:10 UTC 2026","","","",""
"","13","falls back to a no-job message when no job is linked to the item","PromptDiagnosisTab","Sun Sep 20 16:01:30 UTC 2026","passed","Sun Sep 20 16:01:30 UTC 2026","","","",""
"","1103","supports cancel, retry, approve, and resume run actions from run details","WorkflowDetail calibration","Sun Sep 20 15:58:39 UTC 2026","passed","Sun Sep 20 15:58:40 UTC 2026","","","",""
"","10","renders markdown images with a safe src","MarkdownView","Sun Sep 20 16:01:08 UTC 2026","passed","Sun Sep 20 16:01:08 UTC 2026","","","",""
"","255","refreshes exact run-history counts after retry queues a new run","WorkflowDetail calibration","Sun Sep 20 15:58:40 UTC 2026","passed","Sun Sep 20 15:58:40 UTC 2026","","","",""
"","7","blocks manual approval recovery when no approved decision is attached","workflow run panels","Sun Sep 20 16:00:12 UTC 2026","passed","Sun Sep 20 16:00:12 UTC 2026","","","",""
"","46","refreshes the list when a workflow is deleted elsewhere","Workflows — live status refresh","Sun Sep 20 16:00:14 UTC 2026","passed","Sun Sep 20 16:00:14 UTC 2026","","","",""
"","107","surfaces artifact persistence badges in recent run history before recovery panels are opened","WorkflowEditor handler branches","Sun Sep 20 15:59:05 UTC 2026","passed","Sun Sep 20 15:59:06 UTC 2026","","","",""
"","1","adds a synthetic start node when current node is the only recorded clue","buildSyntheticWorkflowRunManifest","Sun Sep 20 16:02:29 UTC 2026","passed","Sun Sep 20 16:02:29 UTC 2026","","","",""
"","1","unescapes doubled quotes and drops fully-empty rows","parseDelimited","Sun Sep 20 16:01:08 UTC 2026","passed","Sun Sep 20 16:01:08 UTC 2026","","","",""
"","10","adds the selected check kind as a single-key object","GuardrailChecksEditor","Sun Sep 20 16:02:42 UTC 2026","passed","Sun Sep 20 16:02:42 UTC 2026","","","",""
"","159","shows scheduled wait messaging and resumes wait_until runs without event payload","WorkflowEditor handler branches","Sun Sep 20 15:59:00 UTC 2026","passed","Sun Sep 20 15:59:00 UTC 2026","","","",""
"","117","switches between the Overview and Content tabs","SkillDetail","Sun Sep 20 16:00:33 UTC 2026","passed","Sun Sep 20 16:00:33 UTC 2026","","","",""
"","31","shows an error when storing a secret is rejected","Administration","Sun Sep 20 16:00:18 UTC 2026","passed","Sun Sep 20 16:00:18 UTC 2026","","","",""
"","77","extracts Word documents to inline text","Object Store file manager","Sun Sep 20 16:00:07 UTC 2026","passed","Sun Sep 20 16:00:07 UTC 2026","","","",""
"","107","deletes from the workspace header, returning to the library","Knowledge Bases delete","Sun Sep 20 15:59:23 UTC 2026","passed","Sun Sep 20 15:59:23 UTC 2026","","","",""
"","115","renders implementation facts, schema, and source; shows unavailable-source","Tool Workspace — Spec stage","Sun Sep 20 16:00:42 UTC 2026","passed","Sun Sep 20 16:00:42 UTC 2026","","","",""
"","168","blocks the create submit until instructions reference a template var","Judges","Sun Sep 20 16:00:26 UTC 2026","passed","Sun Sep 20 16:00:26 UTC 2026","","","",""
"","11","filters the top-level view by label (case-insensitive)","BucketTree","Sun Sep 20 16:01:08 UTC 2026","passed","Sun Sep 20 16:01:08 UTC 2026","","","",""
"","27","hides legacy components until Show legacy is toggled, with a badge","Component enhancements (label / advanced / output / legacy)","Sun Sep 20 15:59:12 UTC 2026","passed","Sun Sep 20 15:59:12 UTC 2026","","","",""
"","29","rejects a non-numeric value for a number field","PlanInteractionPrompt — input kind","Sun Sep 20 16:00:47 UTC 2026","passed","Sun Sep 20 16:00:47 UTC 2026","","","",""
"","123","disables editor resume actions when a wait-for-event checkpoint loses its expected event name","WorkflowEditor handler branches","Sun Sep 20 15:59:02 UTC 2026","passed","Sun Sep 20 15:59:02 UTC 2026","","","",""
"","211","runs draft lifecycle actions from the drafts drawer","CaliberAssistantPanel","Sun Sep 20 15:59:42 UTC 2026","passed","Sun Sep 20 15:59:42 UTC 2026","","","",""
"","39","shows suggested prompts in empty state","CaliberAssistantPanel","Sun Sep 20 15:59:41 UTC 2026","passed","Sun Sep 20 15:59:41 UTC 2026","","","",""
"","139","explains why AGE retrieval is unavailable when the deployment cannot serve it","Knowledge Bases page","Sun Sep 20 15:59:14 UTC 2026","passed","Sun Sep 20 15:59:15 UTC 2026","","","",""
"","5","marks unmapped-input outputs as having no compatible source when none are assignable","ConnectMapPopover","Sun Sep 20 16:01:23 UTC 2026","passed","Sun Sep 20 16:01:23 UTC 2026","","","",""
"","97","keeps MCP credentials write-only during an unrelated admin edit","McpServers","Sun Sep 20 15:59:54 UTC 2026","passed","Sun Sep 20 15:59:54 UTC 2026","","","",""
"","4","shows passed when all tests pass","TestPanel","Sun Sep 20 16:02:28 UTC 2026","passed","Sun Sep 20 16:02:28 UTC 2026","","","",""
"","39","renders empty states and known root types","ToolSignature","Sun Sep 20 16:02:31 UTC 2026","passed","Sun Sep 20 16:02:31 UTC 2026","","","",""
"","9","warns when the active checkpoint node identity disagrees with the current run gate","workflow run panels","Sun Sep 20 16:00:12 UTC 2026","passed","Sun Sep 20 16:00:12 UTC 2026","","","",""
"","3","turns an empty retry lineage into recovery guidance for paused runs","workflow run panels","Sun Sep 20 16:00:12 UTC 2026","passed","Sun Sep 20 16:00:12 UTC 2026","","","",""
"","339","opens quick-add from a node and inserts a connected guardrail","WorkflowEditor page","Sun Sep 20 15:58:34 UTC 2026","passed","Sun Sep 20 15:58:35 UTC 2026","","","",""
"","7","turns an empty event timeline into completed-run guidance when stored event history is missing","WorkflowRunDebugger","Sun Sep 20 15:59:39 UTC 2026","passed","Sun Sep 20 15:59:39 UTC 2026","","","",""
"","0","knowledge_age_build presets an AGE-native knowledge build","templateManifest","Sun Sep 20 15:59:50 UTC 2026","passed","Sun Sep 20 15:59:50 UTC 2026","","","",""
"","94","Runs stage shows the empty history state and surfaces calibrate/baseline errors","Skills page","Sun Sep 20 16:00:25 UTC 2026","passed","Sun Sep 20 16:00:25 UTC 2026","","","",""
"","25","hides edit and delete controls from non-admins","McpServers","Sun Sep 20 15:59:54 UTC 2026","passed","Sun Sep 20 15:59:54 UTC 2026","","","",""
"","73","shows a loading state while the listing resolves","BucketTree","Sun Sep 20 16:01:08 UTC 2026","passed","Sun Sep 20 16:01:08 UTC 2026","","","",""
"","2","renders status publishing with the right tone","DraftStatusBadge","Sun Sep 20 16:01:38 UTC 2026","passed","Sun Sep 20 16:01:38 UTC 2026","","","",""
"","605","validates required fields and surfaces create failures","Prompts — create/edit error flows","Sun Sep 20 15:59:35 UTC 2026","passed","Sun Sep 20 15:59:35 UTC 2026","","","",""
"","8","toggles a PII entity on and off","GuardrailChecksEditor","Sun Sep 20 16:02:42 UTC 2026","passed","Sun Sep 20 16:02:42 UTC 2026","","","",""
"","33","updates orchestration settings and execution policy","Inspector","Sun Sep 20 15:59:10 UTC 2026","passed","Sun Sep 20 15:59:10 UTC 2026","","","",""
"","47","shows an error state when operations fail to load","OpenApiIntegrations","Sun Sep 20 15:59:48 UTC 2026","passed","Sun Sep 20 15:59:48 UTC 2026","","","",""
"","113","marks a case failed on invocation error and falls back to a partial verdict when judging is unavailable","McpServers","Sun Sep 20 15:59:55 UTC 2026","passed","Sun Sep 20 15:59:55 UTC 2026","","","",""
"","0","portColor maps known data types and falls back for unknown values","node helpers","Sun Sep 20 15:59:50 UTC 2026","passed","Sun Sep 20 15:59:50 UTC 2026","","","",""
"","176","saves a new prompt version without touching what is live","Prompts","Sun Sep 20 15:59:32 UTC 2026","passed","Sun Sep 20 15:59:32 UTC 2026","","","",""
"","3","does not query attachments when there is no session","AttachmentBar — add-context menu","Sun Sep 20 16:00:48 UTC 2026","passed","Sun Sep 20 16:00:48 UTC 2026","","","",""
"","1","defaults build_mode to 'new' and drops an unknown graph_preset","knowledgeBuildLaunch","Sun Sep 20 16:00:59 UTC 2026","passed","Sun Sep 20 16:00:59 UTC 2026","","","",""
"","21","shows the no-dependencies message when the dependency list is empty","WorkflowImportDialog (import mode)","Sun Sep 20 16:00:21 UTC 2026","passed","Sun Sep 20 16:00:21 UTC 2026","","","",""
"","119","clears the entered key from the form after a successful save","Settings page","Sun Sep 20 16:01:21 UTC 2026","passed","Sun Sep 20 16:01:21 UTC 2026","","","",""
"","431","filters run history by artifact upload outcome and searches artifact metadata","WorkflowDetail calibration","Sun Sep 20 15:58:40 UTC 2026","passed","Sun Sep 20 15:58:40 UTC 2026","","","",""
"","11","updates the CSS custom property when the panel collapses","AssistantPanelContext","Sun Sep 20 16:02:35 UTC 2026","passed","Sun Sep 20 16:02:35 UTC 2026","","","",""
"","0","converts a numeric creation timestamp to an ISO string","promptVersionsToArtifactVersions","Sun Sep 20 16:03:21 UTC 2026","passed","Sun Sep 20 16:03:21 UTC 2026","","","",""
"","151","enables Next when name and owner are valid, navigates to step 2","SkillWizard","Sun Sep 20 16:00:35 UTC 2026","passed","Sun Sep 20 16:00:35 UTC 2026","","Step navigation","",""
"","1","collects only top-level declarations","topLevelFunctionNames / duplicatedHelpers","Sun Sep 20 16:02:10 UTC 2026","passed","Sun Sep 20 16:02:10 UTC 2026","","","",""
"","9","shows every constraint token, examples, and formats varied default value types","WorkflowComponentSchemaSummary","Sun Sep 20 16:01:09 UTC 2026","passed","Sun Sep 20 16:01:09 UTC 2026","","","",""
"","13","surfaces recovered lease diagnostics around the relevant step","WorkflowRunDebugger","Sun Sep 20 15:59:39 UTC 2026","passed","Sun Sep 20 15:59:39 UTC 2026","","","",""
"","0","computes compact model label for %p","assistantConfigUi","Sun Sep 20 16:02:56 UTC 2026","passed","Sun Sep 20 16:02:56 UTC 2026","","","",""
"","28","renders the live board and the promotion/rollback timeline","Releases","Sun Sep 20 16:00:30 UTC 2026","passed","Sun Sep 20 16:00:31 UTC 2026","","","",""
"","118","turns approval lookup failures into stopped-run recovery guidance in the run monitor","WorkflowEditor handler branches","Sun Sep 20 15:59:05 UTC 2026","passed","Sun Sep 20 15:59:05 UTC 2026","","","",""
"","0","maps provider label for %p","assistantConfigUi","Sun Sep 20 16:02:56 UTC 2026","passed","Sun Sep 20 16:02:56 UTC 2026","","","",""
"","33","explains weighted coverage and preserves prediction evidence when a scorer fails","EvaluationDetail page","Sun Sep 20 16:01:01 UTC 2026","passed","Sun Sep 20 16:01:01 UTC 2026","","","",""
"","174","renders depends-on, allowed-tools, and metadata fields","SkillWizard","Sun Sep 20 16:00:37 UTC 2026","passed","Sun Sep 20 16:00:37 UTC 2026","","Step 3: Composability","",""
"","15","hides the uploader when canUpload is false","RunFilePanel","Sun Sep 20 16:01:05 UTC 2026","passed","Sun Sep 20 16:01:05 UTC 2026","","","",""
"","57","reacts to workflow.run.cancel_requested event-stream messages","WorkflowDetail calibration","Sun Sep 20 15:58:46 UTC 2026","passed","Sun Sep 20 15:58:46 UTC 2026","","","",""
"","10","disables handoff creation when no other agent targets exist","Inspector","Sun Sep 20 15:59:10 UTC 2026","passed","Sun Sep 20 15:59:10 UTC 2026","","","",""
"","4","falls back to the generic explanation for an unrecognized or missing status","runEventsLoadErrorMessage","Sun Sep 20 16:00:10 UTC 2026","passed","Sun Sep 20 16:00:10 UTC 2026","","","",""
"","161","adds and removes metadata rows","SkillWizard","Sun Sep 20 16:00:37 UTC 2026","passed","Sun Sep 20 16:00:37 UTC 2026","","Step 3: Composability","",""
"","31","surfaces a save error and keeps the modal open","AssistantSettings","Sun Sep 20 16:01:18 UTC 2026","passed","Sun Sep 20 16:01:18 UTC 2026","","","",""
"","105","prefers backend workflow templates when creating the first version","Workflows — template create flow","Sun Sep 20 16:00:15 UTC 2026","passed","Sun Sep 20 16:00:15 UTC 2026","","","",""
"","1","normalizes persisted artifact upload summaries from run metadata","workflowRunArtifactPersistence","Sun Sep 20 16:02:29 UTC 2026","passed","Sun Sep 20 16:02:29 UTC 2026","","","",""
"","30","fires onNewChat when '+ New chat' is clicked","ChatHistory","Sun Sep 20 16:01:18 UTC 2026","passed","Sun Sep 20 16:01:18 UTC 2026","","","",""
"","86","opens the settings modal","CaliberAssistantPanel — modes & settings","Sun Sep 20 16:01:34 UTC 2026","passed","Sun Sep 20 16:01:35 UTC 2026","","","",""
"","4","renders children","Badge","Sun Sep 20 16:03:04 UTC 2026","passed","Sun Sep 20 16:03:04 UTC 2026","","","",""
"","5","surfaces for-each loop diagnostics with item outcomes","StepPreview","Sun Sep 20 15:59:38 UTC 2026","passed","Sun Sep 20 15:59:38 UTC 2026","","","",""
"","3","projects a full calibration spec with winner-resolved candidate","workflowCalibrationView","Sun Sep 20 16:00:59 UTC 2026","passed","Sun Sep 20 16:00:59 UTC 2026","","","",""
"","43","shows a successful row-level connection test and refreshes the list","McpServers","Sun Sep 20 15:59:54 UTC 2026","passed","Sun Sep 20 15:59:54 UTC 2026","","","",""
"","3","hydrates persisted width 480 -> 480","AssistantPanelContext","Sun Sep 20 16:02:35 UTC 2026","passed","Sun Sep 20 16:02:35 UTC 2026","","","",""
"","52","reconciles a fallback login race to the authoritative cookie identity","local auth cookie-operation coordination","Sun Sep 20 16:02:30 UTC 2026","passed","Sun Sep 20 16:02:30 UTC 2026","","","",""
"","14","surfaces a load error for the agent list","Agents list page","Sun Sep 20 16:01:03 UTC 2026","passed","Sun Sep 20 16:01:03 UTC 2026","","","",""
"","2","accepts a custom test id so a surface can target its own banner","ApiErrorMessage","Sun Sep 20 16:02:52 UTC 2026","passed","Sun Sep 20 16:02:52 UTC 2026","","","",""
"","3","picks up storage events from other tabs","useTheme","Sun Sep 20 16:02:31 UTC 2026","passed","Sun Sep 20 16:02:31 UTC 2026","","","",""
"","1","routes the CALIBER link through the :5050 gateway on port 5001","externalLinks port-5001 + hash branches","Sun Sep 20 16:00:59 UTC 2026","passed","Sun Sep 20 16:00:59 UTC 2026","","","",""
"","2","renders the empty-state placeholder when no report exists","ValidationPanel","Sun Sep 20 16:01:38 UTC 2026","passed","Sun Sep 20 16:01:38 UTC 2026","","","",""
"","2","renders status approved with the right tone","DraftStatusBadge","Sun Sep 20 16:01:38 UTC 2026","passed","Sun Sep 20 16:01:38 UTC 2026","","","",""
"","0","appends the recovery reason","workflowRunLifecycleSummary","Sun Sep 20 16:00:29 UTC 2026","passed","Sun Sep 20 16:00:29 UTC 2026","","","",""
"","280","only enables manual resume in the run monitor after an approval has been recorded","WorkflowEditor handler branches","Sun Sep 20 15:58:59 UTC 2026","passed","Sun Sep 20 15:58:59 UTC 2026","","","",""
"","2","renders no input details when there is no upstream output","StepPreview — additional prop-driven render branches","Sun Sep 20 15:59:38 UTC 2026","passed","Sun Sep 20 15:59:38 UTC 2026","","","",""
"","29","renders a placeholder when no results are recorded","EvalComparison","Sun Sep 20 16:02:56 UTC 2026","passed","Sun Sep 20 16:02:57 UTC 2026","","","",""
"","2","turns an empty checkpoint trail into recovery guidance for paused runs","workflow run panels","Sun Sep 20 16:00:12 UTC 2026","passed","Sun Sep 20 16:00:12 UTC 2026","","","",""
"","0","returns null when every extracted field is empty","extractForEachDiagnostics","Sun Sep 20 15:59:38 UTC 2026","passed","Sun Sep 20 15:59:38 UTC 2026","","","",""
"","2","leaves a non-interactive row as a plain element (no role/tabindex)","ListRow keyboard accessibility","Sun Sep 20 16:03:35 UTC 2026","passed","Sun Sep 20 16:03:35 UTC 2026","","","",""
"","104","creates an AGE-native knowledge workflow starter","Workflows — template create flow","Sun Sep 20 16:00:15 UTC 2026","passed","Sun Sep 20 16:00:15 UTC 2026","","","",""
"","27","renders the empty state when there are no non-archived sessions","ChatHistory","Sun Sep 20 16:01:18 UTC 2026","passed","Sun Sep 20 16:01:18 UTC 2026","","","",""
"","0","templates carry workflow_id and runtime-pinned policy","templateManifest","Sun Sep 20 15:59:50 UTC 2026","passed","Sun Sep 20 15:59:50 UTC 2026","","","",""
"","1","rejoins to the exact Python input","highlightTokens — lossless","Sun Sep 20 16:03:16 UTC 2026","passed","Sun Sep 20 16:03:16 UTC 2026","","","",""
"","33","applies shared graph query profiles to knowledge query nodes","Inspector","Sun Sep 20 15:59:11 UTC 2026","passed","Sun Sep 20 15:59:11 UTC 2026","","","",""
"","1","returns null when artifact_type is not 'workflow_manifest'","workflowCalibrationView","Sun Sep 20 16:00:59 UTC 2026","passed","Sun Sep 20 16:00:59 UTC 2026","","","",""
"","57","surfaces a server error when submitting a review fails","ReviewQueues","Sun Sep 20 16:00:53 UTC 2026","passed","Sun Sep 20 16:00:53 UTC 2026","","","",""
"","119","disables paused approval resume in the monitor when checkpoint persistence is disabled","WorkflowEditor handler branches","Sun Sep 20 15:58:59 UTC 2026","passed","Sun Sep 20 15:58:59 UTC 2026","","","",""
"","55","filters workflow cards by search query","Workflows page","Sun Sep 20 15:58:32 UTC 2026","passed","Sun Sep 20 15:58:32 UTC 2026","","","",""
"","232","runs a query against the header version with the segmented mode while compare stays collapsed","Knowledge Bases R3 declutter (Explore Query)","Sun Sep 20 15:59:22 UTC 2026","passed","Sun Sep 20 15:59:22 UTC 2026","","","",""
"","132","filters the grid when a summary tile is clicked","Workflows — summary tiles & status filters","Sun Sep 20 16:00:13 UTC 2026","passed","Sun Sep 20 16:00:14 UTC 2026","","","",""
"","0","degrades safely with no requirement","scopeLabel / missingScopeReason","Sun Sep 20 16:02:41 UTC 2026","passed","Sun Sep 20 16:02:41 UTC 2026","","","",""
"","127","distinguishes a throttled sign-in from a wrong password","Login","Sun Sep 20 16:02:44 UTC 2026","passed","Sun Sep 20 16:02:44 UTC 2026","","","",""
"","0","does not match on a bare or partial scope name","hasScope","Sun Sep 20 16:02:41 UTC 2026","passed","Sun Sep 20 16:02:41 UTC 2026","","","",""
"","56","renders assistant process steps and action traces from message metadata","CaliberAssistantPanel","Sun Sep 20 15:59:41 UTC 2026","passed","Sun Sep 20 15:59:41 UTC 2026","","","",""
"","6","shows a cold-start message instead of a baseline block when there is no baseline","EvalComparison","Sun Sep 20 16:02:57 UTC 2026","passed","Sun Sep 20 16:02:57 UTC 2026","","","",""
"","2","renders running as Running with its tone color","StatusBadge","Sun Sep 20 16:03:32 UTC 2026","passed","Sun Sep 20 16:03:32 UTC 2026","","","",""
"","25","shows a live GEPA progress readout on the active run","Prompt optimization calibration edge flows","Sun Sep 20 16:00:03 UTC 2026","passed","Sun Sep 20 16:00:03 UTC 2026","","","",""
"","7","uses singular port-count wording for exactly one input/output","ConnectMapPopover","Sun Sep 20 16:01:23 UTC 2026","passed","Sun Sep 20 16:01:23 UTC 2026","","","",""
"","96","mounts the shared version-management panel on the Use stage","Knowledge Bases asset workspace (R1 IA)","Sun Sep 20 15:59:21 UTC 2026","passed","Sun Sep 20 15:59:21 UTC 2026","","","",""
"","9","surfaces knowledge-query graph diagnostics, citations, and chunk previews","StepPreview","Sun Sep 20 15:59:38 UTC 2026","passed","Sun Sep 20 15:59:38 UTC 2026","","","",""
"","23","resets the selection to the latest step once the selected key disappears","selection persistence and focus effects","Sun Sep 20 16:00:11 UTC 2026","passed","Sun Sep 20 16:00:11 UTC 2026","","","",""
"","66","shows the non-admin fallback, an archive error, and project access with permission","Tool Workspace — Publish stage","Sun Sep 20 16:00:43 UTC 2026","passed","Sun Sep 20 16:00:43 UTC 2026","","","",""
"","4","hides upload controls for non-admin users","BucketSelect workflow helpers","Sun Sep 20 16:02:36 UTC 2026","passed","Sun Sep 20 16:02:36 UTC 2026","","","",""
"","91","preserves unrelated mappings when changing one input's source","ConnectMapPopover","Sun Sep 20 16:01:23 UTC 2026","passed","Sun Sep 20 16:01:23 UTC 2026","","","",""
"","3","hydrates persisted open and collapsed state","AssistantPanelContext","Sun Sep 20 16:02:35 UTC 2026","passed","Sun Sep 20 16:02:35 UTC 2026","","","",""
"","2","shows error message","TestPanel","Sun Sep 20 16:02:28 UTC 2026","passed","Sun Sep 20 16:02:28 UTC 2026","","","",""
"","0","apiErrorText survives a thrown string","resilience — this code runs inside catch blocks","Sun Sep 20 16:01:19 UTC 2026","passed","Sun Sep 20 16:01:19 UTC 2026","","","",""
"","38","renders the implementation panel and the unavailable-source branch","ToolDetail","Sun Sep 20 16:01:25 UTC 2026","passed","Sun Sep 20 16:01:25 UTC 2026","","","",""
"","97","formats the totals: locale counts, percent error rate, rounded latency, dollar cost","TraceMetricsCharts","Sun Sep 20 16:02:02 UTC 2026","passed","Sun Sep 20 16:02:02 UTC 2026","","","",""
"","1","falls back to workflowRunCheckpointLabel for anything else","workflowRunCheckpointMarkerLabel","Sun Sep 20 16:00:29 UTC 2026","passed","Sun Sep 20 16:00:29 UTC 2026","","","",""
"","3","shows Valid when report is valid","ValidationPanel","Sun Sep 20 16:02:28 UTC 2026","passed","Sun Sep 20 16:02:28 UTC 2026","","","",""
"","0","returns null for a non-subworkflow step","extractSubworkflowDiagnostics","Sun Sep 20 15:59:38 UTC 2026","passed","Sun Sep 20 15:59:38 UTC 2026","","","",""
"","81","opens a tool into the Workspace and back returns to the registry","ToolRegistry page","Sun Sep 20 15:58:32 UTC 2026","passed","Sun Sep 20 15:58:32 UTC 2026","","","",""
"","0","matches field-scoped validation issues on exact and nested paths","node helpers","Sun Sep 20 15:59:50 UTC 2026","passed","Sun Sep 20 15:59:50 UTC 2026","","","",""
"","0","carries the theme hint across the :5001 → :5050 gateway hop","externalLinks port-5001 + hash branches","Sun Sep 20 16:00:59 UTC 2026","passed","Sun Sep 20 16:00:59 UTC 2026","","","",""
"","116","expands a span to reveal outputs and attributes","WorkflowRunTracePanel","Sun Sep 20 16:02:54 UTC 2026","passed","Sun Sep 20 16:02:54 UTC 2026","","","",""
"","2","merges a caller className onto the card classes","FilterBar","Sun Sep 20 16:03:33 UTC 2026","passed","Sun Sep 20 16:03:33 UTC 2026","","","",""
"","109","serializes successful cookie mutations through one origin-wide Web Lock","local auth cookie-operation coordination","Sun Sep 20 16:02:30 UTC 2026","passed","Sun Sep 20 16:02:30 UTC 2026","","","",""
"","73","lists objects for a selected bucket and attaches one","AttachmentBar — Object store modal","Sun Sep 20 16:00:49 UTC 2026","passed","Sun Sep 20 16:00:49 UTC 2026","","","",""
"","910","walks all five steps, edits the schema, and registers the tool","ToolWizard","Sun Sep 20 16:01:31 UTC 2026","passed","Sun Sep 20 16:01:32 UTC 2026","","","",""
"","3","prefers the step detail (guardrail redact / block reason)","describeStepChange","Sun Sep 20 15:59:38 UTC 2026","passed","Sun Sep 20 15:59:38 UTC 2026","","","",""
"","0","returns null for file_input with no path and no metadata","extractStorageNodeDiagnostics","Sun Sep 20 15:59:38 UTC 2026","passed","Sun Sep 20 15:59:38 UTC 2026","","","",""
"","14","sets the CSS custom property to 0px when the panel closes","AssistantPanelContext","Sun Sep 20 16:02:35 UTC 2026","passed","Sun Sep 20 16:02:35 UTC 2026","","","",""
"","16","lazy-loads and renders the compiled python","CodeView — python tab","Sun Sep 20 16:03:01 UTC 2026","passed","Sun Sep 20 16:03:01 UTC 2026","","","",""
"","1","catches a Landed row citing no PR","checkLedger","Sun Sep 20 16:02:27 UTC 2026","passed","Sun Sep 20 16:02:27 UTC 2026","","","",""
"","4","edits a string param","GuardrailChecksEditor","Sun Sep 20 16:02:42 UTC 2026","passed","Sun Sep 20 16:02:42 UTC 2026","","","",""
"","37","runs a tool with JSON input from the detail page","ToolDetail page","Sun Sep 20 15:58:52 UTC 2026","passed","Sun Sep 20 15:58:52 UTC 2026","","","",""
"","4","renders with placeholder","Input","Sun Sep 20 16:03:04 UTC 2026","passed","Sun Sep 20 16:03:04 UTC 2026","","","",""
"","128","opens a flagged item, shows why it was flagged, and the linked job's pipeline progress","PromptDiagnosisTab","Sun Sep 20 16:01:30 UTC 2026","passed","Sun Sep 20 16:01:30 UTC 2026","","","",""
"","2","uses the caller's fallback for a non-API failure","ApiErrorMessage","Sun Sep 20 16:02:52 UTC 2026","passed","Sun Sep 20 16:02:52 UTC 2026","","","",""
"","69","auto-dispatches a queued message when no turn is running","CaliberAssistantPanel — queue & steer","Sun Sep 20 16:02:20 UTC 2026","passed","Sun Sep 20 16:02:20 UTC 2026","","","",""
"","76","shows the no-tools empty state and toggles the register wizard","ToolRegistry list","Sun Sep 20 16:00:42 UTC 2026","passed","Sun Sep 20 16:00:42 UTC 2026","","","",""
"","0","does not match a scope absent from the effective set","hasScope","Sun Sep 20 16:02:41 UTC 2026","passed","Sun Sep 20 16:02:41 UTC 2026","","","",""
"","29","shows template settings and updates template body, output format, and missing-variable mode","Inspector","Sun Sep 20 15:59:11 UTC 2026","passed","Sun Sep 20 15:59:11 UTC 2026","","","",""
"","5","renders a non-validation error as the summary alone","ApiErrorMessage","Sun Sep 20 16:02:52 UTC 2026","passed","Sun Sep 20 16:02:52 UTC 2026","","","",""
"","7","applies reusable operational connector presets without embedding credentials","Component enhancements (label / advanced / output / legacy)","Sun Sep 20 15:59:12 UTC 2026","passed","Sun Sep 20 15:59:12 UTC 2026","","","",""
"","27","reacts to workflow.run.started event-stream messages","WorkflowDetail calibration","Sun Sep 20 15:58:46 UTC 2026","passed","Sun Sep 20 15:58:46 UTC 2026","","","",""
"","128","cleans low-level MCP execution errors before showing them in the playground","McpServers","Sun Sep 20 15:59:54 UTC 2026","passed","Sun Sep 20 15:59:54 UTC 2026","","","",""
"","182","Scenario Sets builds cases that Trigger Tests runs in a batch","SkillWorkspace","Sun Sep 20 16:01:14 UTC 2026","passed","Sun Sep 20 16:01:14 UTC 2026","","","",""
"","119","clears the error when a field is edited","Login","Sun Sep 20 16:02:44 UTC 2026","passed","Sun Sep 20 16:02:44 UTC 2026","","","",""
"","30","shows an empty state and no chips when nothing is selected","ChipMultiSelect","Sun Sep 20 16:03:13 UTC 2026","passed","Sun Sep 20 16:03:13 UTC 2026","","","",""
"","20","associates each toggle with the panel it controls","Sidebar navigation groups","Sun Sep 20 16:02:23 UTC 2026","passed","Sun Sep 20 16:02:23 UTC 2026","","","",""
"","112","shows save failures and lets cancel clear local form errors","SkillDetail","Sun Sep 20 16:00:33 UTC 2026","passed","Sun Sep 20 16:00:33 UTC 2026","","","",""
"","4","renders a decorative, aria-hidden divider","StepConnector","Sun Sep 20 16:03:19 UTC 2026","passed","Sun Sep 20 16:03:19 UTC 2026","","","",""
"","254","edits fields and PATCHes the parsed CSV payload on Save, then closes","AssistantSettings","Sun Sep 20 16:01:18 UTC 2026","passed","Sun Sep 20 16:01:18 UTC 2026","","","",""
"","116","lists past calibration runs and loads detail when one is selected","Knowledge Bases page","Sun Sep 20 15:59:21 UTC 2026","passed","Sun Sep 20 15:59:21 UTC 2026","","","",""
"","0","does not mistake an ordinary Error for an ApiError","resilience — this code runs inside catch blocks","Sun Sep 20 16:01:19 UTC 2026","passed","Sun Sep 20 16:01:19 UTC 2026","","","",""
"","26","calls onClose when X button is clicked","SkillWizard","Sun Sep 20 16:00:36 UTC 2026","passed","Sun Sep 20 16:00:36 UTC 2026","","Step navigation","",""
"","1","writes default skill mode auto","assistantPreferences","Sun Sep 20 16:02:45 UTC 2026","passed","Sun Sep 20 16:02:45 UTC 2026","","","",""
"","39","surfaces a generic failure message when the rejection is not an ApiError","GatewayGuardrailsTab","Sun Sep 20 16:00:50 UTC 2026","passed","Sun Sep 20 16:00:50 UTC 2026","","","",""
"","2","nodeGuide merges backend component metadata with graph-aware checks","node helpers","Sun Sep 20 15:59:50 UTC 2026","passed","Sun Sep 20 15:59:50 UTC 2026","","","",""
"","62","warns when the proposal fails validation","WorkflowCopilot","Sun Sep 20 16:02:16 UTC 2026","passed","Sun Sep 20 16:02:16 UTC 2026","","","",""
"","92","imports an immutable project file and keeps clipboard denial non-fatal","Object Store file manager","Sun Sep 20 16:00:05 UTC 2026","passed","Sun Sep 20 16:00:05 UTC 2026","","","",""
"","38","marks inherited approval checkpoints distinctly in the step map","WorkflowRunDebugger","Sun Sep 20 15:59:39 UTC 2026","passed","Sun Sep 20 15:59:39 UTC 2026","","","",""
"","65","has send button disabled when input is empty","CaliberAssistantPanel","Sun Sep 20 15:59:42 UTC 2026","passed","Sun Sep 20 15:59:42 UTC 2026","","","",""
"","20","keeps the dialog open for an empty submitted name and closes on the backdrop","WorkspaceSelector","Sun Sep 20 16:02:18 UTC 2026","passed","Sun Sep 20 16:02:18 UTC 2026","","","",""
"","3","does not submit a form from inside a blocked control","MutationGuard","Sun Sep 20 16:02:12 UTC 2026","passed","Sun Sep 20 16:02:12 UTC 2026","","","",""
"","0","adds top-level manifest bindings for direct tool nodes","agent tool bindings","Sun Sep 20 15:59:50 UTC 2026","passed","Sun Sep 20 15:59:50 UTC 2026","","","",""
"","7","applies variant classes","Button","Sun Sep 20 16:03:04 UTC 2026","passed","Sun Sep 20 16:03:04 UTC 2026","","","",""
"","112","generates and runs tool unit tests from the Hardening stage","ToolRegistry page","Sun Sep 20 15:58:32 UTC 2026","passed","Sun Sep 20 15:58:32 UTC 2026","","","",""
"","10","shows history without privileged actions to a viewer","ToolCalibrationJobs","Sun Sep 20 16:03:06 UTC 2026","passed","Sun Sep 20 16:03:06 UTC 2026","","","",""
"","265","runs an evaluation from the modal","Evaluations page","Sun Sep 20 16:01:00 UTC 2026","passed","Sun Sep 20 16:01:00 UTC 2026","","","",""
"","23","calls onClose when Cancel is clicked on step 1","SkillWizard","Sun Sep 20 16:00:36 UTC 2026","passed","Sun Sep 20 16:00:36 UTC 2026","","Step navigation","",""
"","1","marks the active version live and only completed versions promotable","makeKnowledgeBaseVersionAdapter","Sun Sep 20 16:02:05 UTC 2026","passed","Sun Sep 20 16:02:05 UTC 2026","","","",""
"","135","checks human alignment (agreement + kappa) from the playground","Judges","Sun Sep 20 16:00:27 UTC 2026","passed","Sun Sep 20 16:00:27 UTC 2026","","","",""
"","24","shows the backend calibration failure on the active run","Prompt optimization calibration edge flows","Sun Sep 20 16:00:03 UTC 2026","passed","Sun Sep 20 16:00:03 UTC 2026","","","",""
"","5","renders caliber_tags as a key/value grid","EvalComparison","Sun Sep 20 16:02:57 UTC 2026","passed","Sun Sep 20 16:02:57 UTC 2026","","","",""
"","1","labels every known checkpoint kind","workflowRunCheckpointLabel","Sun Sep 20 16:00:29 UTC 2026","passed","Sun Sep 20 16:00:29 UTC 2026","","","",""
"","37","keeps the list intact and shows an inline error when an action fails","VersionPanel","Sun Sep 20 16:02:32 UTC 2026","passed","Sun Sep 20 16:02:33 UTC 2026","","","",""
"","3","explains that persisted events are unavailable for a completed run","runEventsLoadErrorMessage","Sun Sep 20 16:00:10 UTC 2026","passed","Sun Sep 20 16:00:10 UTC 2026","","","",""
"","0","apiErrorText survives undefined","resilience — this code runs inside catch blocks","Sun Sep 20 16:01:19 UTC 2026","passed","Sun Sep 20 16:01:19 UTC 2026","","","",""
"","94","refetches with a new since_ms window when the time range changes","GatewayUsageTab","Sun Sep 20 16:02:13 UTC 2026","passed","Sun Sep 20 16:02:13 UTC 2026","","","",""
"","4","paints the current stage failed when the job's status is rejected","PipelineProgress","Sun Sep 20 16:03:08 UTC 2026","passed","Sun Sep 20 16:03:08 UTC 2026","","","",""
"","63","lets an admin delete a prompt from the card","Prompts — search","Sun Sep 20 15:59:36 UTC 2026","passed","Sun Sep 20 15:59:36 UTC 2026","","","",""
"","179","saves agent tool selections with manifest registry bindings","WorkflowEditor page","Sun Sep 20 15:58:34 UTC 2026","passed","Sun Sep 20 15:58:34 UTC 2026","","","",""
"","115","keeps the monitored run in recent history when the server list is stale","WorkflowEditor handler branches","Sun Sep 20 15:59:05 UTC 2026","passed","Sun Sep 20 15:59:05 UTC 2026","","","",""
"","123","uploads selected files into the current folder","Object Store file manager","Sun Sep 20 16:00:05 UTC 2026","passed","Sun Sep 20 16:00:06 UTC 2026","","","",""
"","1","maps known statuses and defaults unknown ones","stepStatusStyle","Sun Sep 20 15:59:38 UTC 2026","passed","Sun Sep 20 15:59:38 UTC 2026","","","",""
"","227","sends the selected approval mode","CaliberAssistantPanel — modes & settings","Sun Sep 20 16:01:34 UTC 2026","passed","Sun Sep 20 16:01:34 UTC 2026","","","",""
"","256","shows passing checklist items","SkillWizard","Sun Sep 20 16:00:39 UTC 2026","passed","Sun Sep 20 16:00:39 UTC 2026","","Step 5: Review & Create","",""
"","246","layers, reorders, and removes behaviors as an ordered stack","Prompts","Sun Sep 20 15:59:30 UTC 2026","passed","Sun Sep 20 15:59:30 UTC 2026","","","",""
"","1","passes when every claim matches the log","checkLedger","Sun Sep 20 16:02:27 UTC 2026","passed","Sun Sep 20 16:02:27 UTC 2026","","","",""
"","14","keeps the node id immutable even if edited in the JSON","NodeCodeModal","Sun Sep 20 16:03:14 UTC 2026","passed","Sun Sep 20 16:03:14 UTC 2026","","","",""
"","3","clamps test case counts into the allowed range","Prompts utility helpers","Sun Sep 20 16:02:53 UTC 2026","passed","Sun Sep 20 16:02:53 UTC 2026","","","",""
"","0","toolBindingTypeLabel maps known bindings and humanizes unknown ones","pure label/formatting helpers","Sun Sep 20 15:59:38 UTC 2026","passed","Sun Sep 20 15:59:38 UTC 2026","","","",""
"","85","deletes only the individually selected knowledge base","Knowledge Bases delete","Sun Sep 20 15:59:23 UTC 2026","passed","Sun Sep 20 15:59:23 UTC 2026","","","",""
"","104","renders summary, description, and content fields","SkillWizard","Sun Sep 20 16:00:36 UTC 2026","passed","Sun Sep 20 16:00:36 UTC 2026","","Step 2: Content (Progressive Disclosure)","",""
"","16","fires onChange with the auto-mapped ports when Auto-Map is clicked","ConnectMapPopover","Sun Sep 20 16:01:23 UTC 2026","passed","Sun Sep 20 16:01:23 UTC 2026","","","",""
"","0","returns setup checks linked to a specific field","node helpers","Sun Sep 20 15:59:50 UTC 2026","passed","Sun Sep 20 15:59:50 UTC 2026","","","",""
"","32","calls onChange with the newly selected value","FilterSelect","Sun Sep 20 16:03:23 UTC 2026","passed","Sun Sep 20 16:03:23 UTC 2026","","","",""
"","26","surfaces a load error for project members","Administration","Sun Sep 20 16:00:19 UTC 2026","passed","Sun Sep 20 16:00:19 UTC 2026","","","",""
"","0","event_resume wires a wait gate before the release agent","templateManifest","Sun Sep 20 15:59:50 UTC 2026","passed","Sun Sep 20 15:59:50 UTC 2026","","","",""
"","1","workflowRunApprovalRecordedLabel / RejectedLabel / BlockedLabel / PauseLabel","approval phrasing helpers","Sun Sep 20 16:00:29 UTC 2026","passed","Sun Sep 20 16:00:29 UTC 2026","","","",""
"","4","shows 'no declared inputs' when the target has no inputs","ConnectMapPopover","Sun Sep 20 16:01:23 UTC 2026","passed","Sun Sep 20 16:01:23 UTC 2026","","","",""
"","43","labels runtime approval checkpoints distinctly in the step map and event timeline","WorkflowRunDebugger","Sun Sep 20 15:59:39 UTC 2026","passed","Sun Sep 20 15:59:39 UTC 2026","","","",""
"","96","surfaces the server error message when creating a judge fails","Judges","Sun Sep 20 16:00:28 UTC 2026","passed","Sun Sep 20 16:00:28 UTC 2026","","","",""
"","1","builds input/output schema from raw json and falls back on parse errors","ToolWizard helpers","Sun Sep 20 16:03:09 UTC 2026","passed","Sun Sep 20 16:03:09 UTC 2026","","","",""
"","3","renders output_folder storage diagnostics via the generic files fallback","StepPreview — additional prop-driven render branches","Sun Sep 20 15:59:38 UTC 2026","passed","Sun Sep 20 15:59:38 UTC 2026","","","",""
"","20","surfaces an upload failure without adding a chip","AttachmentBar — upload via file picker","Sun Sep 20 16:00:48 UTC 2026","passed","Sun Sep 20 16:00:48 UTC 2026","","","",""
"","7","shows no compatibility warning banner when the map is empty or fully valid","ConnectMapPopover","Sun Sep 20 16:01:23 UTC 2026","passed","Sun Sep 20 16:01:23 UTC 2026","","","",""
"","0","curl: includes a Bearer header on both calls when auth is required","buildServiceSnippet","Sun Sep 20 16:03:11 UTC 2026","passed","Sun Sep 20 16:03:11 UTC 2026","","","",""
"","27","keeps human approval replay markers generic","TraceReplayGraph","Sun Sep 20 15:59:12 UTC 2026","passed","Sun Sep 20 15:59:12 UTC 2026","","","",""
"","0","names the unrouted pages rather than only counting them","toMarkdown","Sun Sep 20 16:02:10 UTC 2026","passed","Sun Sep 20 16:02:10 UTC 2026","","","",""
"","3","shows a no-rows message when there are no sheets","DataTable","Sun Sep 20 16:01:08 UTC 2026","passed","Sun Sep 20 16:01:08 UTC 2026","","","",""
"","1","ignores the footnote marker and the bold markup","parseLedger","Sun Sep 20 16:02:27 UTC 2026","passed","Sun Sep 20 16:02:27 UTC 2026","","","",""
"","37","renders verified and invalid bundle-integrity sections, including the digest","WorkflowImportDialog (import mode)","Sun Sep 20 16:00:21 UTC 2026","passed","Sun Sep 20 16:00:21 UTC 2026","","","",""
"","0","prefers reason over error, and humanizes lease_expired","workflowRunLifecycleReason","Sun Sep 20 16:00:29 UTC 2026","passed","Sun Sep 20 16:00:29 UTC 2026","","","",""
"","5","shows python-code settings and updates code + timeout","Inspector","Sun Sep 20 15:59:11 UTC 2026","passed","Sun Sep 20 15:59:11 UTC 2026","","","",""
"","2","sends workflow-scoped external event payloads for wait-event recovery","caliberApi","Sun Sep 20 16:00:20 UTC 2026","passed","Sun Sep 20 16:00:20 UTC 2026","","","",""
"","0","nodeOutputs / nodeInputs read declared ports","connect/map helpers","Sun Sep 20 15:59:50 UTC 2026","passed","Sun Sep 20 15:59:50 UTC 2026","","","",""
"","1","builds prompt snapshots and optimization storage keys","Prompts identity helpers","Sun Sep 20 16:03:26 UTC 2026","passed","Sun Sep 20 16:03:26 UTC 2026","","","",""
"","115","turns inherited source-checkpoint lookup failures into stopped-run guidance in the run monitor","WorkflowEditor handler branches","Sun Sep 20 15:59:05 UTC 2026","passed","Sun Sep 20 15:59:05 UTC 2026","","","",""
"","59","has the updated follow-up placeholder","CaliberAssistantPanel","Sun Sep 20 15:59:42 UTC 2026","passed","Sun Sep 20 15:59:42 UTC 2026","","","",""
"","1","returns the summary alone when there is no field detail","apiErrorText","Sun Sep 20 16:01:19 UTC 2026","passed","Sun Sep 20 16:01:19 UTC 2026","","","",""
"","1","preserves a colon inside the source path (splits on first ':' only)","knowledgeBuildLaunch","Sun Sep 20 16:00:59 UTC 2026","passed","Sun Sep 20 16:00:59 UTC 2026","","","",""
"","0","returns null (falls through) when count is zero","describeStepChange — for-each/loop diagnostics branches","Sun Sep 20 15:59:38 UTC 2026","passed","Sun Sep 20 15:59:38 UTC 2026","","","",""
"","1","renders active with a distinct label + testid","VersionStatusBadge","Sun Sep 20 16:03:37 UTC 2026","passed","Sun Sep 20 16:03:37 UTC 2026","","","",""
"","1","does not report a name declared twice in the same file","topLevelFunctionNames / duplicatedHelpers","Sun Sep 20 16:02:10 UTC 2026","passed","Sun Sep 20 16:02:10 UTC 2026","","","",""
"","2","renders modified nodes with their changed field list","GraphDiff","Sun Sep 20 16:02:51 UTC 2026","passed","Sun Sep 20 16:02:51 UTC 2026","","","",""
"","14","resizes via the drag handle and persists the width","CollapsiblePanel","Sun Sep 20 16:02:31 UTC 2026","passed","Sun Sep 20 16:02:31 UTC 2026","","","",""
"","524","narrows the server table with search, status, and transport filters","McpServers","Sun Sep 20 15:59:51 UTC 2026","passed","Sun Sep 20 15:59:52 UTC 2026","","","",""
"","4","configures external app nodes with a callable entrypoint","Inspector","Sun Sep 20 15:59:11 UTC 2026","passed","Sun Sep 20 15:59:11 UTC 2026","","","",""
"","4","does not trigger an enclosing row's click handler","CopyButton","Sun Sep 20 16:03:02 UTC 2026","passed","Sun Sep 20 16:03:02 UTC 2026","","","",""
"","3","renders selected items as chips","ChipMultiSelect","Sun Sep 20 16:03:13 UTC 2026","passed","Sun Sep 20 16:03:13 UTC 2026","","","",""
"","1","returns zeroes rather than throwing on a file with no routes","parseRoutes","Sun Sep 20 16:02:10 UTC 2026","passed","Sun Sep 20 16:02:10 UTC 2026","","","",""
"","1","maps every known event type to a status","workflowRunStatusFromEventType","Sun Sep 20 16:00:29 UTC 2026","passed","Sun Sep 20 16:00:29 UTC 2026","","","",""
"","106","proposes a change and renders summary, diff, and grounding","WorkflowCopilot","Sun Sep 20 16:02:16 UTC 2026","passed","Sun Sep 20 16:02:16 UTC 2026","","","",""
"","127","supports selecting multiple methods (match any of the selected)","Prompts","Sun Sep 20 15:59:29 UTC 2026","passed","Sun Sep 20 15:59:29 UTC 2026","","","",""
"","47","validates using the selected version's manifest and clone name, and clones on submit","WorkflowImportDialog (clone mode)","Sun Sep 20 16:00:21 UTC 2026","passed","Sun Sep 20 16:00:22 UTC 2026","","","",""
"","25","shows both digests, the per-scorer denominator, and latency","EvaluationDetail evidence panel","Sun Sep 20 16:01:01 UTC 2026","passed","Sun Sep 20 16:01:01 UTC 2026","","","",""
"","2","renders status review_rejected with the right tone","DraftStatusBadge","Sun Sep 20 16:01:38 UTC 2026","passed","Sun Sep 20 16:01:38 UTC 2026","","","",""
"","126","turns session-memory lookup failures into stopped-run recovery guidance","WorkflowDetail calibration","Sun Sep 20 15:58:49 UTC 2026","passed","Sun Sep 20 15:58:49 UTC 2026","","","",""
"","47","restores the session's last mode and approval mode, and reattaches its in-flight plan","CaliberAssistantPanel — session restore","Sun Sep 20 15:59:43 UTC 2026","passed","Sun Sep 20 15:59:43 UTC 2026","","","",""
"","2","explains that persisted events are unavailable while the run is still active (resuming)","runEventsLoadErrorMessage","Sun Sep 20 16:00:10 UTC 2026","passed","Sun Sep 20 16:00:10 UTC 2026","","","",""
"","1","keeps palette node types aligned with icon coverage","NodePalette","Sun Sep 20 15:59:09 UTC 2026","passed","Sun Sep 20 15:59:09 UTC 2026","","","",""
"","2","turns missing inherited checkpoint details into active-gate guidance for paused runs","workflow run panels","Sun Sep 20 16:00:12 UTC 2026","passed","Sun Sep 20 16:00:12 UTC 2026","","","",""
"","131","edits owner and metadata JSON","SkillDetail","Sun Sep 20 16:00:33 UTC 2026","passed","Sun Sep 20 16:00:33 UTC 2026","","","",""
"","23","hides desktop-only controls on a narrow viewport","CaliberAssistantPanel — responsive layout","Sun Sep 20 15:59:43 UTC 2026","passed","Sun Sep 20 15:59:43 UTC 2026","","","",""
"","0","adds error state when metadata marks the turn failed for %p","processStepsFromMetadata","Sun Sep 20 16:02:41 UTC 2026","passed","Sun Sep 20 16:02:41 UTC 2026","","","",""
"","64","reacts to workflow.run.expired event-stream messages","WorkflowDetail calibration","Sun Sep 20 15:58:46 UTC 2026","passed","Sun Sep 20 15:58:46 UTC 2026","","","",""
"","149","shows a loading state, then the tool detail, hiding admin controls for a non-admin viewer","ToolDetail","Sun Sep 20 16:01:24 UTC 2026","passed","Sun Sep 20 16:01:24 UTC 2026","","","",""
"","26","renders the scorecard aggregate and per-example rows","EvaluationDetail page","Sun Sep 20 16:01:00 UTC 2026","passed","Sun Sep 20 16:01:00 UTC 2026","","","",""
"","504","drafts a prompt from a description and hands off to the manual builder","Prompts","Sun Sep 20 15:59:31 UTC 2026","passed","Sun Sep 20 15:59:31 UTC 2026","","","",""
"","237","seeds strict AGE defaults into the graph explorer and playground","Knowledge Bases page","Sun Sep 20 15:59:20 UTC 2026","passed","Sun Sep 20 15:59:20 UTC 2026","","","",""
"","43","redirects back to the workflow list when the live stream reports deletion","WorkflowDetail calibration","Sun Sep 20 15:58:48 UTC 2026","passed","Sun Sep 20 15:58:48 UTC 2026","","","",""
"","6","maps indexed handoff validation issues back onto the handoffs field","Inspector","Sun Sep 20 15:59:10 UTC 2026","passed","Sun Sep 20 15:59:10 UTC 2026","","","",""
"","4","keeps the GET deadline active through JSON body parsing","caliberApi","Sun Sep 20 16:00:20 UTC 2026","passed","Sun Sep 20 16:00:20 UTC 2026","","","",""
"","31","renders recent job activity as informational rows","Dashboard","Sun Sep 20 16:01:06 UTC 2026","passed","Sun Sep 20 16:01:06 UTC 2026","","","",""
"","74","surfaces restore failures and re-enables the action","EvalDatasetDetail","Sun Sep 20 16:00:45 UTC 2026","passed","Sun Sep 20 16:00:45 UTC 2026","","","",""
"","16","subscribes to typed SSE events and delivers matching payloads","useEventStream","Sun Sep 20 16:02:59 UTC 2026","passed","Sun Sep 20 16:02:59 UTC 2026","","","",""
"","22","shows package warnings and preview errors without hiding the download link","SkillDetail","Sun Sep 20 16:00:34 UTC 2026","passed","Sun Sep 20 16:00:34 UTC 2026","","","",""
"","2","renders body rows even when a sheet has no header row","DataTable","Sun Sep 20 16:01:08 UTC 2026","passed","Sun Sep 20 16:01:08 UTC 2026","","","",""
"","30","shows welcome text in empty state","CaliberAssistantPanel","Sun Sep 20 15:59:41 UTC 2026","passed","Sun Sep 20 15:59:41 UTC 2026","","","",""
"","18","switches agent instructions to registered-prompt mode","Inspector","Sun Sep 20 15:59:10 UTC 2026","passed","Sun Sep 20 15:59:10 UTC 2026","","","",""
"","134","hides retry actions in run detail when the workflow run queue is disabled","WorkflowDetail calibration","Sun Sep 20 15:58:44 UTC 2026","passed","Sun Sep 20 15:58:44 UTC 2026","","","",""
"","61","surfaces orchestration diagnostics across the step map, snapshot, and event timeline","WorkflowRunDebugger","Sun Sep 20 15:59:39 UTC 2026","passed","Sun Sep 20 15:59:39 UTC 2026","","","",""
"","20","picking an eval dataset wires the node ref and artifacts.eval_datasets","Inspector","Sun Sep 20 15:59:10 UTC 2026","passed","Sun Sep 20 15:59:10 UTC 2026","","","",""
"","91","resolves workflow run routes through the real app router","App shell end-to-end journeys","Sun Sep 20 15:59:58 UTC 2026","passed","Sun Sep 20 15:59:58 UTC 2026","","","",""
"","3","explains that persisted events are unavailable while the run is still active (running)","runEventsLoadErrorMessage","Sun Sep 20 16:00:10 UTC 2026","passed","Sun Sep 20 16:00:10 UTC 2026","","","",""
"","25","shows an error card when workflow listing fails","Workflows page","Sun Sep 20 15:58:32 UTC 2026","passed","Sun Sep 20 15:58:32 UTC 2026","","","",""
"","7","labels a skipped preview build","knowledge build status tones","Sun Sep 20 16:00:11 UTC 2026","passed","Sun Sep 20 16:00:11 UTC 2026","","","",""
"","1","returns null when there are no source params","knowledgeBuildLaunch","Sun Sep 20 16:00:59 UTC 2026","passed","Sun Sep 20 16:00:59 UTC 2026","","","",""
"","8","leaves the selection untouched when the focused node id is already selected","selection persistence and focus effects","Sun Sep 20 16:00:11 UTC 2026","passed","Sun Sep 20 16:00:11 UTC 2026","","","",""
"","19","calls onAnswer when an option is clicked","QuestionList","Sun Sep 20 16:02:28 UTC 2026","passed","Sun Sep 20 16:02:28 UTC 2026","","","",""
"","117","explains a missing input snapshot for an active run","missing port snapshots","Sun Sep 20 16:00:10 UTC 2026","passed","Sun Sep 20 16:00:10 UTC 2026","","","",""
"","43","filters the add list by search","ChipMultiSelect","Sun Sep 20 16:03:13 UTC 2026","passed","Sun Sep 20 16:03:13 UTC 2026","","","",""
"","5","renders test report state {""passed"":false,""total"":2,""failures"":2,""details"":[{""passed"":false},{""test"":""type-check"",""passed"":false}],""error"":""Compilation failed""}","TestPanel","Sun Sep 20 16:01:38 UTC 2026","passed","Sun Sep 20 16:01:38 UTC 2026","","","",""
"","0","returns null (falls through) without a workflow id","describeStepChange — subworkflow diagnostics branches","Sun Sep 20 15:59:38 UTC 2026","passed","Sun Sep 20 15:59:38 UTC 2026","","","",""
"","113","imports a pasted spec from the Import tab","OpenApiIntegrations","Sun Sep 20 15:59:46 UTC 2026","passed","Sun Sep 20 15:59:46 UTC 2026","","","",""
"","8","explains intentional empty port contracts for control-flow and terminal nodes","WorkflowComponentSchemaSummary","Sun Sep 20 15:59:10 UTC 2026","passed","Sun Sep 20 15:59:10 UTC 2026","","","",""
"","2","renders added and removed edges","GraphDiff","Sun Sep 20 16:02:51 UTC 2026","passed","Sun Sep 20 16:02:51 UTC 2026","","","",""
"","1","refinement_loop wires a bounded loop to a reusable editor agent","templateManifest","Sun Sep 20 15:59:50 UTC 2026","passed","Sun Sep 20 15:59:50 UTC 2026","","","",""
"","2","explains that persisted events are unavailable for a stopped run (failed)","runEventsLoadErrorMessage","Sun Sep 20 16:00:10 UTC 2026","passed","Sun Sep 20 16:00:10 UTC 2026","","","",""
"","1","preserves recorded step types and infers simple port types from step payloads","buildSyntheticWorkflowRunManifest","Sun Sep 20 16:02:29 UTC 2026","passed","Sun Sep 20 16:02:29 UTC 2026","","","",""
"","11","selects artifact type skill","ArtifactTypeSelector","Sun Sep 20 16:01:38 UTC 2026","passed","Sun Sep 20 16:01:38 UTC 2026","","","",""
"","103","shows test case controls locked to the open prompt","Prompts — Workspace Test Sets stage","Sun Sep 20 15:59:34 UTC 2026","passed","Sun Sep 20 15:59:34 UTC 2026","","","",""
"","157","renders trigger and anti-trigger inputs","SkillWizard","Sun Sep 20 16:00:38 UTC 2026","passed","Sun Sep 20 16:00:38 UTC 2026","","Step 4: Trigger Testing","",""
"","2","normalizes generated test cases and validates shape","ToolRegistry helpers","Sun Sep 20 16:03:25 UTC 2026","passed","Sun Sep 20 16:03:25 UTC 2026","","","",""
"","3","explains that persisted events are unavailable for a stopped run (cancelled)","runEventsLoadErrorMessage","Sun Sep 20 16:00:10 UTC 2026","passed","Sun Sep 20 16:00:10 UTC 2026","","","",""
"","154","sets a run as baseline and surfaces the diff/regression vs the viewed run","Prompts — Workspace Runs stage","Sun Sep 20 15:59:34 UTC 2026","passed","Sun Sep 20 15:59:35 UTC 2026","","","",""
"","6","labels a real admin payload Admin, not Viewer","AccessBadge","Sun Sep 20 16:02:45 UTC 2026","passed","Sun Sep 20 16:02:45 UTC 2026","","","",""
"","67","opens delete confirmation and deletes a workflow","Workflows page","Sun Sep 20 15:58:31 UTC 2026","passed","Sun Sep 20 15:58:31 UTC 2026","","","",""
"","79","reacts to workflow.run.waiting_approval event-stream messages","WorkflowDetail calibration","Sun Sep 20 15:58:46 UTC 2026","passed","Sun Sep 20 15:58:46 UTC 2026","","","",""
"","0","appends node type + node id detail for node_started","workflowRunLifecycleSummary","Sun Sep 20 16:00:29 UTC 2026","passed","Sun Sep 20 16:00:29 UTC 2026","","","",""
"","17","surfaces calibration option load errors","Prompt optimization calibration edge flows","Sun Sep 20 16:00:02 UTC 2026","passed","Sun Sep 20 16:00:02 UTC 2026","","","",""
"","71","renders label, subtitle, and type","CaliberNode","Sun Sep 20 15:59:09 UTC 2026","passed","Sun Sep 20 15:59:09 UTC 2026","","","",""
"","33","changes to auto_safe from the dropdown","ApprovalModeSelector","Sun Sep 20 16:01:38 UTC 2026","passed","Sun Sep 20 16:01:38 UTC 2026","","","",""
"","188","groups the inventory into Deployed and Needs prompt, and the CTA prefills the builder","Prompts","Sun Sep 20 15:59:25 UTC 2026","passed","Sun Sep 20 15:59:25 UTC 2026","","","",""
"","3","explains that persisted events are unavailable for a stopped run (expired)","runEventsLoadErrorMessage","Sun Sep 20 16:00:10 UTC 2026","passed","Sun Sep 20 16:00:10 UTC 2026","","","",""
"","35","renders summary tiles and prompt cards with source folded into the agent card","Prompts","Sun Sep 20 15:59:25 UTC 2026","passed","Sun Sep 20 15:59:25 UTC 2026","","","",""
"","28","surfaces a verify action error without losing the item detail","PromptDiagnosisTab","Sun Sep 20 16:01:30 UTC 2026","passed","Sun Sep 20 16:01:30 UTC 2026","","","",""
"","100","requires an override reason to promote a gate-FAIL version","VersionPanel","Sun Sep 20 16:02:32 UTC 2026","passed","Sun Sep 20 16:02:32 UTC 2026","","","",""
"","1","materializes dynamic starter timestamps from backend templates","WorkflowEditor newNode","Sun Sep 20 16:02:46 UTC 2026","passed","Sun Sep 20 16:02:46 UTC 2026","","","",""
"","23","lets an operator inspect effects but reserves effect resolution for admins","Releases","Sun Sep 20 16:00:31 UTC 2026","passed","Sun Sep 20 16:00:31 UTC 2026","","","",""
"","80","lists evaluation runs with scores","Evaluations page","Sun Sep 20 16:01:00 UTC 2026","passed","Sun Sep 20 16:01:00 UTC 2026","","","",""
"","0","knowledgeBuildStatusLabel covers preview-skipped, known, unknown, and null","pure label/formatting helpers","Sun Sep 20 15:59:38 UTC 2026","passed","Sun Sep 20 15:59:38 UTC 2026","","","",""
"","14","says there are no active projects rather than showing an empty member table","Administration","Sun Sep 20 16:00:19 UTC 2026","passed","Sun Sep 20 16:00:19 UTC 2026","","","",""
"","25","does not throw when triggering a download in an environment without URL.createObjectURL","AuditLog","Sun Sep 20 16:01:29 UTC 2026","passed","Sun Sep 20 16:01:29 UTC 2026","","","",""
"","107","keeps selected run details visible when only the per-run snapshot remains","WorkflowDetail calibration","Sun Sep 20 15:58:51 UTC 2026","passed","Sun Sep 20 15:58:51 UTC 2026","","","",""
"","386","edits every field of the configuration form and saves the full payload","AgentDetail","Sun Sep 20 16:00:55 UTC 2026","passed","Sun Sep 20 16:00:55 UTC 2026","","","",""
"","68","shows deployment errors from the promote endpoint","WorkflowDetail calibration","Sun Sep 20 15:58:37 UTC 2026","passed","Sun Sep 20 15:58:37 UTC 2026","","","",""
"","1","computes worksheet stats and rubric averages","workflowBakeoff","Sun Sep 20 16:02:11 UTC 2026","passed","Sun Sep 20 16:02:11 UTC 2026","","","",""
"","62","surfaces a save error without losing the edited draft","ToolDetail","Sun Sep 20 16:01:25 UTC 2026","passed","Sun Sep 20 16:01:25 UTC 2026","","","",""
"","251","shows correct values in summary grid","SkillWizard","Sun Sep 20 16:00:39 UTC 2026","passed","Sun Sep 20 16:00:39 UTC 2026","","Step 5: Review & Create","",""
"","1","counts crumbs across a wrapped opening tag","passesCrumbs / usesPageHeader","Sun Sep 20 16:02:10 UTC 2026","passed","Sun Sep 20 16:02:10 UTC 2026","","","",""
"","3","sends exact requests for project archive/restore/transfer-ownership","caliberApi","Sun Sep 20 16:00:20 UTC 2026","passed","Sun Sep 20 16:00:20 UTC 2026","","","",""
"","55","cancels the create-integration panel without creating anything","OpenApiIntegrations","Sun Sep 20 15:59:47 UTC 2026","passed","Sun Sep 20 15:59:47 UTC 2026","","","",""
"","2","renders the same placeholder when results is undefined","EvalComparison","Sun Sep 20 16:02:57 UTC 2026","passed","Sun Sep 20 16:02:57 UTC 2026","","","",""
"","13","renders target inputs and lets operators unmap an input","ConnectMapPopover","Sun Sep 20 15:59:12 UTC 2026","passed","Sun Sep 20 15:59:12 UTC 2026","","","",""
"","27","reacts to workflow.run.queued event-stream messages","WorkflowDetail calibration","Sun Sep 20 15:58:46 UTC 2026","passed","Sun Sep 20 15:58:46 UTC 2026","","","",""
"","1","falls back to title-cased words for an unknown status, and 'Unknown' for null","workflowRunStatusLabel / Phrase / VerbPhrase / Message","Sun Sep 20 16:00:29 UTC 2026","passed","Sun Sep 20 16:00:29 UTC 2026","","","",""
"","1","never renders an empty summary","describeApiError — everything that is not a schema failure","Sun Sep 20 16:01:19 UTC 2026","passed","Sun Sep 20 16:01:19 UTC 2026","","","",""
"","67","shows a distinct empty state before and after a search narrows the list to nothing","Agents list page","Sun Sep 20 16:01:03 UTC 2026","passed","Sun Sep 20 16:01:03 UTC 2026","","","",""
"","14","summarizes the active recovery path, approvals, and lifecycle events","workflow run panels","Sun Sep 20 16:00:12 UTC 2026","passed","Sun Sep 20 16:00:12 UTC 2026","","","",""
"","31","shows the empty state when a resource type has no items","AttachmentBar — Library resource modal","Sun Sep 20 16:00:49 UTC 2026","passed","Sun Sep 20 16:00:49 UTC 2026","","","",""
"","42","persists the list choice across a fresh mount","Knowledge Bases library view toggle","Sun Sep 20 16:02:50 UTC 2026","passed","Sun Sep 20 16:02:50 UTC 2026","","","",""
"","33","opens a queue by clicking its name (not just the Open link)","ReviewQueues","Sun Sep 20 16:00:53 UTC 2026","passed","Sun Sep 20 16:00:53 UTC 2026","","","",""
"","0","workflowRunStatusMessage composes the run id and verb phrase","workflowRunStatusLabel / Phrase / VerbPhrase / Message","Sun Sep 20 16:00:29 UTC 2026","passed","Sun Sep 20 16:00:29 UTC 2026","","","",""
"","67","renders an unrecognised URL as a 404, not an unbuilt-page stub","App shell end-to-end journeys","Sun Sep 20 16:00:00 UTC 2026","passed","Sun Sep 20 16:00:00 UTC 2026","","","",""
"","1","labels an admin Admin — the reported bug","accessLevel","Sun Sep 20 16:02:41 UTC 2026","passed","Sun Sep 20 16:02:41 UTC 2026","","","",""
"","1","applies label overrides","apiErrorText","Sun Sep 20 16:01:19 UTC 2026","passed","Sun Sep 20 16:01:19 UTC 2026","","","",""
"","237","signs in through the server and reports the session, not a synthesised identity","Login","Sun Sep 20 16:02:43 UTC 2026","passed","Sun Sep 20 16:02:44 UTC 2026","","","",""
"","72","searches recursively across all folders","Object Store file manager","Sun Sep 20 16:00:06 UTC 2026","passed","Sun Sep 20 16:00:06 UTC 2026","","","",""
"","0","preserves partial-progress diagnostics for failed uploads","workflowRunArtifactPersistence","Sun Sep 20 16:02:29 UTC 2026","passed","Sun Sep 20 16:02:29 UTC 2026","","","",""
"","1","nodeColor is type-coded","node helpers","Sun Sep 20 15:59:50 UTC 2026","passed","Sun Sep 20 15:59:50 UTC 2026","","","",""
"","1","normalizes reasoning value %p -> %p","assistantConfigUi","Sun Sep 20 16:02:56 UTC 2026","passed","Sun Sep 20 16:02:56 UTC 2026","","","",""
"","0","apiErrorText survives a thrown number","resilience — this code runs inside catch blocks","Sun Sep 20 16:01:19 UTC 2026","passed","Sun Sep 20 16:01:19 UTC 2026","","","",""
"","3","does not replay a CSRF-rejected write under a newer auth boundary","caliberApi","Sun Sep 20 16:00:20 UTC 2026","passed","Sun Sep 20 16:00:20 UTC 2026","","","",""
"","48","hosts search, both filters, clear, and the view toggle inside the shared FilterBar","Prompts — Workspace","Sun Sep 20 15:59:36 UTC 2026","passed","Sun Sep 20 15:59:37 UTC 2026","","","",""
"","68","renders a single-bucket series without crashing","TraceMetricsCharts","Sun Sep 20 16:02:02 UTC 2026","passed","Sun Sep 20 16:02:02 UTC 2026","","","",""
"","200","defaults an existing knowledge base back to Apache AGE sync for the next build","Knowledge Bases page","Sun Sep 20 15:59:16 UTC 2026","passed","Sun Sep 20 15:59:16 UTC 2026","","","",""
"","342","registers remote servers and opens detail dialogs for connected catalog servers","McpServers","Sun Sep 20 15:59:53 UTC 2026","passed","Sun Sep 20 15:59:53 UTC 2026","","","",""
"","161","scores a real artifact (prompt version) via predict_target + subject_ref","Evaluations page","Sun Sep 20 16:01:00 UTC 2026","passed","Sun Sep 20 16:01:00 UTC 2026","","","",""
"","19","shows the first-run empty state when there are no workflows","Workflows — empty & error states","Sun Sep 20 16:00:14 UTC 2026","passed","Sun Sep 20 16:00:14 UTC 2026","","","",""
"","365","converges a delayed login to the authoritative session after a cross-tab race","App shell end-to-end journeys","Sun Sep 20 15:59:56 UTC 2026","passed","Sun Sep 20 15:59:57 UTC 2026","","","",""
"","13","updates the CSS custom property when the panel opens","AssistantPanelContext","Sun Sep 20 16:02:35 UTC 2026","passed","Sun Sep 20 16:02:35 UTC 2026","","","",""
"","3","collapses a blank error message down to 'Unknown error'","runEventsLoadErrorMessage","Sun Sep 20 16:00:10 UTC 2026","passed","Sun Sep 20 16:00:10 UTC 2026","","","",""
"","8","falls back to a handoff summary when a step event has no detail","event timeline summary text for edge-case events","Sun Sep 20 16:00:11 UTC 2026","passed","Sun Sep 20 16:00:11 UTC 2026","","","",""
"","1","builds an absolute workflow run URL when an origin is provided","workflowRunLinks","Sun Sep 20 16:03:36 UTC 2026","passed","Sun Sep 20 16:03:36 UTC 2026","","","",""
"","5","reads the canonical {kind,params} shape too (e.g. imported workflows)","GuardrailChecksEditor","Sun Sep 20 16:02:42 UTC 2026","passed","Sun Sep 20 16:02:42 UTC 2026","","","",""
"","97","shows an authentication transition notice","Login","Sun Sep 20 16:02:43 UTC 2026","passed","Sun Sep 20 16:02:43 UTC 2026","","","",""
"","0","appends field detail to the summary on one line","apiErrorText","Sun Sep 20 16:01:19 UTC 2026","passed","Sun Sep 20 16:01:19 UTC 2026","","","",""
"","69","sends a suggested prompt without a decorative emoji prefix","CaliberAssistantPanel","Sun Sep 20 15:59:42 UTC 2026","passed","Sun Sep 20 15:59:42 UTC 2026","","","",""
"","129","shows a generic error when the server rejects the credentials","Login","Sun Sep 20 16:02:44 UTC 2026","passed","Sun Sep 20 16:02:44 UTC 2026","","","",""
"","30","renders critical in red, with an accessible label naming the severity","SeverityBadge","Sun Sep 20 16:03:38 UTC 2026","passed","Sun Sep 20 16:03:38 UTC 2026","","","",""
"","69","can switch to another prompt while editor is open","Prompts","Sun Sep 20 15:59:33 UTC 2026","passed","Sun Sep 20 15:59:33 UTC 2026","","","",""
"","0","toolSideEffectLabel maps external_action and humanizes unknown ones","pure label/formatting helpers","Sun Sep 20 15:59:38 UTC 2026","passed","Sun Sep 20 15:59:38 UTC 2026","","","",""
"","240","lists integrations and opens a detail view","OpenApiIntegrations","Sun Sep 20 15:59:46 UTC 2026","passed","Sun Sep 20 15:59:46 UTC 2026","","","",""
"","119","shows the monitoring dashboard with metrics","Observability page","Sun Sep 20 16:01:12 UTC 2026","passed","Sun Sep 20 16:01:12 UTC 2026","","","",""
"","137","disables workflow-wide event matching in detail when the checkpoint never captured the required correlation value","WorkflowDetail calibration","Sun Sep 20 15:58:42 UTC 2026","passed","Sun Sep 20 15:58:43 UTC 2026","","","",""
"","0","routes the MLflow link through the :5050 gateway on port 5001","externalLinks port-5001 + hash branches","Sun Sep 20 16:00:59 UTC 2026","passed","Sun Sep 20 16:00:59 UTC 2026","","","",""
"","7","reflects the current value as the selected option","FilterSelect","Sun Sep 20 16:03:23 UTC 2026","passed","Sun Sep 20 16:03:23 UTC 2026","","","",""
"","29","requests a JSON export","AuditLog","Sun Sep 20 16:01:29 UTC 2026","passed","Sun Sep 20 16:01:29 UTC 2026","","","",""
"","52","surfaces knowledge-build diagnostics across the step map, snapshot, and event timeline","WorkflowRunDebugger","Sun Sep 20 15:59:39 UTC 2026","passed","Sun Sep 20 15:59:39 UTC 2026","","","",""
"","57","rejects a syntactically valid JSON array as a config value","AgentDetail","Sun Sep 20 16:00:55 UTC 2026","passed","Sun Sep 20 16:00:55 UTC 2026","","","",""
"","1","finds a page component App.tsx never mounts","findUnroutedPages","Sun Sep 20 16:02:10 UTC 2026","passed","Sun Sep 20 16:02:10 UTC 2026","","","",""
"","32","changes to plan from the dropdown","ModeSelector","Sun Sep 20 16:01:38 UTC 2026","passed","Sun Sep 20 16:01:38 UTC 2026","","","",""
"","53","surfaces an ApiError from the fetcher as-is","useApi","Sun Sep 20 16:02:57 UTC 2026","passed","Sun Sep 20 16:02:57 UTC 2026","","","",""
"","0","uses item wording with a target and failures for for_each","describeStepChange — for-each/loop diagnostics branches","Sun Sep 20 15:59:38 UTC 2026","passed","Sun Sep 20 15:59:38 UTC 2026","","","",""
"","123","creates an AGE knowledge-build workflow starter","Workflows — template create flow","Sun Sep 20 16:00:15 UTC 2026","passed","Sun Sep 20 16:00:15 UTC 2026","","","",""
"","6","renders questions and option buttons","QuestionList","Sun Sep 20 16:02:28 UTC 2026","passed","Sun Sep 20 16:02:28 UTC 2026","","","",""
"","35","surfaces a missing bucket and treats 409 create as adoption","BucketSelect workflow helpers","Sun Sep 20 16:02:36 UTC 2026","passed","Sun Sep 20 16:02:36 UTC 2026","","","",""
"","118","keeps fallback retry lineage visible when canonical lineage lookup fails in the run monitor","WorkflowEditor handler branches","Sun Sep 20 15:59:05 UTC 2026","passed","Sun Sep 20 15:59:05 UTC 2026","","","",""
"","5","reconstructs a sequential graph from node path and current node","buildSyntheticWorkflowRunManifest","Sun Sep 20 16:02:29 UTC 2026","passed","Sun Sep 20 16:02:29 UTC 2026","","","",""
"","5","renders the default retrieval-mode tone for a mode other than AGE graph or GraphRAG hybrid","diagnostics meta lines that collapse to null","Sun Sep 20 16:00:11 UTC 2026","passed","Sun Sep 20 16:00:11 UTC 2026","","","",""
"","295","auto-saves a completed run with the right payload","prompt test run durability","Sun Sep 20 16:02:21 UTC 2026","passed","Sun Sep 20 16:02:21 UTC 2026","","","",""
"","61","shows an empty playground state when no MCP servers are registered","McpServers","Sun Sep 20 15:59:53 UTC 2026","passed","Sun Sep 20 15:59:53 UTC 2026","","","",""
"","23","surfaces expired diagnostics inside the replay path","TraceReplayGraph","Sun Sep 20 15:59:12 UTC 2026","passed","Sun Sep 20 15:59:12 UTC 2026","","","",""
"","5","includes runtime approval decision events in the recovery timeline","workflow run panels","Sun Sep 20 16:00:12 UTC 2026","passed","Sun Sep 20 16:00:12 UTC 2026","","","",""
"","0","prefers persisted process steps from metadata %p","processStepsFromMetadata","Sun Sep 20 16:02:41 UTC 2026","passed","Sun Sep 20 16:02:41 UTC 2026","","","",""
"","225","adds should-trigger phrases","SkillWizard","Sun Sep 20 16:00:38 UTC 2026","passed","Sun Sep 20 16:00:38 UTC 2026","","Step 4: Trigger Testing","",""
"","530","carries AGE graph explorer settings into the playground query","Knowledge Bases page","Sun Sep 20 15:59:19 UTC 2026","passed","Sun Sep 20 15:59:19 UTC 2026","","","",""
"","3","renders validation report state {""valid"":false,""errors"":[""Missing field""],""warnings"":[""Consider adding a description""]}","ValidationPanel","Sun Sep 20 16:01:38 UTC 2026","passed","Sun Sep 20 16:01:38 UTC 2026","","","",""
"","98","enables and disables an account, and surfaces an error when the toggle is rejected","Administration","Sun Sep 20 16:00:18 UTC 2026","passed","Sun Sep 20 16:00:18 UTC 2026","","","",""
"","156","links Docs to the documentation HTML in a new tab","Sidebar plans badge","Sun Sep 20 16:03:16 UTC 2026","passed","Sun Sep 20 16:03:16 UTC 2026","","","",""
"","80","renders CSV files as a table","Object Store file manager","Sun Sep 20 16:00:07 UTC 2026","passed","Sun Sep 20 16:00:07 UTC 2026","","","",""
"","1","formats scorer categories and overall score safely","Prompts utility helpers","Sun Sep 20 16:02:53 UTC 2026","passed","Sun Sep 20 16:02:53 UTC 2026","","","",""
"","8","surfaces the fallback mode badge, override badge, and combined meta line","knowledge query fallback and override diagnostics","Sun Sep 20 16:00:11 UTC 2026","passed","Sun Sep 20 16:00:11 UTC 2026","","","",""
"","167","binds to a workflow node with a free-text node id","Prompts — Workspace Bind stage","Sun Sep 20 15:59:35 UTC 2026","passed","Sun Sep 20 15:59:35 UTC 2026","","","",""
"","7","picking a registered prompt wires the node ref and artifacts.prompts","Inspector","Sun Sep 20 15:59:10 UTC 2026","passed","Sun Sep 20 15:59:10 UTC 2026","","","",""
"","31","shows precise API/database reachability when /health responds","Sidebar health footer","Sun Sep 20 16:03:07 UTC 2026","passed","Sun Sep 20 16:03:07 UTC 2026","","","",""
"","47","runs an honest configuration preflight and exposes audit-backed revisions","Agents lifecycle UI","Sun Sep 20 16:01:02 UTC 2026","passed","Sun Sep 20 16:01:02 UTC 2026","","","",""
"","131","closes the editor when the discard confirm is accepted","Prompts","Sun Sep 20 15:59:33 UTC 2026","passed","Sun Sep 20 15:59:33 UTC 2026","","","",""
"","0","toolBindingTargetLabel covers module, remote, server-only, and null","pure label/formatting helpers","Sun Sep 20 15:59:38 UTC 2026","passed","Sun Sep 20 15:59:38 UTC 2026","","","",""
"","60","lets an operator skip a step instead of supplying missing inputs","AriaPlans","Sun Sep 20 16:01:27 UTC 2026","passed","Sun Sep 20 16:01:27 UTC 2026","","","",""
"","0","returns null for any other event type","workflowRunLifecycleDetail","Sun Sep 20 16:00:29 UTC 2026","passed","Sun Sep 20 16:00:29 UTC 2026","","","",""
"","26","guides an active run","empty event timeline without checkpoint evidence","Sun Sep 20 16:00:10 UTC 2026","passed","Sun Sep 20 16:00:10 UTC 2026","","","",""
"","23","groups results by dataset tag","EvaluationDetail evidence panel","Sun Sep 20 16:01:01 UTC 2026","passed","Sun Sep 20 16:01:01 UTC 2026","","","",""
"","1","builds export payloads and markdown from worksheet evidence","workflowBakeoff","Sun Sep 20 16:02:11 UTC 2026","passed","Sun Sep 20 16:02:11 UTC 2026","","","",""
"","1","orders ALL_SCOPES most-privileged first","scope constants","Sun Sep 20 16:02:41 UTC 2026","passed","Sun Sep 20 16:02:41 UTC 2026","","","",""
"","139","opens a skill into its Workspace with six stage tabs and back returns","Skills page","Sun Sep 20 16:00:24 UTC 2026","passed","Sun Sep 20 16:00:24 UTC 2026","","","",""
"","118","Runs: set-baseline calls setSkillBaseline","SkillWorkspace","Sun Sep 20 16:01:14 UTC 2026","passed","Sun Sep 20 16:01:14 UTC 2026","","","",""
"","30","renders pending as Pending with its tone color","StatusBadge","Sun Sep 20 16:03:32 UTC 2026","passed","Sun Sep 20 16:03:32 UTC 2026","","","",""
"","104","filters the list by search text","Observability page","Sun Sep 20 16:01:11 UTC 2026","passed","Sun Sep 20 16:01:11 UTC 2026","","","",""
"","4","surfaces skipped bucket objects and truncation in the storage diagnostics card","StepPreview","Sun Sep 20 15:59:38 UTC 2026","passed","Sun Sep 20 15:59:38 UTC 2026","","","",""
"","3","shows failure count","TestPanel","Sun Sep 20 16:02:28 UTC 2026","passed","Sun Sep 20 16:02:28 UTC 2026","","","",""
"","0","covers the remaining wait/approval node-type branches","describeStepChange","Sun Sep 20 15:59:38 UTC 2026","passed","Sun Sep 20 15:59:38 UTC 2026","","","",""
"","45","pins the latest synced version when AGE retrieval is requested before the active version is ready","Inspector","Sun Sep 20 15:59:11 UTC 2026","passed","Sun Sep 20 15:59:11 UTC 2026","","","",""
"","11","shows a warning when the source workflow has no versions to clone","WorkflowImportDialog (clone mode)","Sun Sep 20 16:00:21 UTC 2026","passed","Sun Sep 20 16:00:21 UTC 2026","","","",""
"","1","does not leak anything but the server's own strings","describeApiError — everything that is not a schema failure","Sun Sep 20 16:01:19 UTC 2026","passed","Sun Sep 20 16:01:19 UTC 2026","","","",""
"","161","creates an event-resume workflow starter","Workflows — template create flow","Sun Sep 20 16:00:15 UTC 2026","passed","Sun Sep 20 16:00:15 UTC 2026","","","",""
"","9","shows the gate score only for settled verdicts, not pending/stale","VersionPanel","Sun Sep 20 16:02:33 UTC 2026","passed","Sun Sep 20 16:02:33 UTC 2026","","","",""
"","10","shows a friendly empty state when the run has no trace","WorkflowRunTracePanel","Sun Sep 20 16:02:54 UTC 2026","passed","Sun Sep 20 16:02:54 UTC 2026","","","",""
"","90","shows the not-found error with a link back to tools","ToolDetail","Sun Sep 20 16:01:24 UTC 2026","passed","Sun Sep 20 16:01:24 UTC 2026","","","",""
"","53","shows an error state when the resource list fails to load","AttachmentBar — Library resource modal","Sun Sep 20 16:00:49 UTC 2026","passed","Sun Sep 20 16:00:49 UTC 2026","","","",""
"","6","uploads multipart files with CSRF refresh and trims project path","caliberApi","Sun Sep 20 16:00:20 UTC 2026","passed","Sun Sep 20 16:00:20 UTC 2026","","","",""
"","121","links selected runs to MLflow when the workflow experiment id is known","WorkflowDetail calibration","Sun Sep 20 15:58:51 UTC 2026","passed","Sun Sep 20 15:58:51 UTC 2026","","","",""
"","18","explains focused empty state when a selected step stopped before writing files","RunFilePanel","Sun Sep 20 16:01:05 UTC 2026","passed","Sun Sep 20 16:01:05 UTC 2026","","","",""
"","0","maps reasoning description for %p","assistantConfigUi","Sun Sep 20 16:02:56 UTC 2026","passed","Sun Sep 20 16:02:56 UTC 2026","","","",""
"","0","deriveEdgeMap falls back to placeholder ports when nodes have no ports","connect/map helpers","Sun Sep 20 15:59:50 UTC 2026","passed","Sun Sep 20 15:59:50 UTC 2026","","","",""
"","5","renders nothing when all providers are real or readiness fails","ProviderBanner","Sun Sep 20 16:02:17 UTC 2026","passed","Sun Sep 20 16:02:17 UTC 2026","","","",""
"","101","renders empty states when a workflow has no versions, deployments, runs, promotions, or patches","WorkflowDetail calibration","Sun Sep 20 15:58:36 UTC 2026","passed","Sun Sep 20 15:58:36 UTC 2026","","","",""
"","0","falls back to a humanized type label for an unrecognized event","workflowRunLifecycleLabel","Sun Sep 20 16:00:29 UTC 2026","passed","Sun Sep 20 16:00:29 UTC 2026","","","",""
"","12","clears user-scoped query data when authentication is lost","App shell end-to-end journeys","Sun Sep 20 15:59:57 UTC 2026","passed","Sun Sep 20 15:59:57 UTC 2026","","","",""
"","1","rolls back via the skill rollback endpoint","makeSkillVersionAdapter","Sun Sep 20 16:02:05 UTC 2026","passed","Sun Sep 20 16:02:05 UTC 2026","","","",""
"","461","creates a skill with all fields and closes","SkillWizard","Sun Sep 20 16:00:39 UTC 2026","passed","Sun Sep 20 16:00:40 UTC 2026","","Full wizard submission","",""
"","128","cleans structured MCP invocation errors before showing them in the playground","McpServers","Sun Sep 20 15:59:54 UTC 2026","passed","Sun Sep 20 15:59:54 UTC 2026","","","",""
"","270","creates a folder via the folders endpoint","Object Store file manager","Sun Sep 20 16:00:05 UTC 2026","passed","Sun Sep 20 16:00:05 UTC 2026","","","",""
"","54","wraps a plain Error from the fetcher into an ApiError(0, message)","useApi","Sun Sep 20 16:02:57 UTC 2026","passed","Sun Sep 20 16:02:58 UTC 2026","","","",""
"","85","disables workflow launch controls when deployment run capabilities fail to load","WorkflowDetail calibration","Sun Sep 20 15:58:37 UTC 2026","passed","Sun Sep 20 15:58:38 UTC 2026","","","",""
"","32","keeps human approval events generic in the event timeline","WorkflowRunDebugger","Sun Sep 20 15:59:39 UTC 2026","passed","Sun Sep 20 15:59:39 UTC 2026","","","",""
"","121","requires picking a scorer for the existing-scorer source, then creates from it","GatewayGuardrailsTab","Sun Sep 20 16:00:51 UTC 2026","passed","Sun Sep 20 16:00:51 UTC 2026","","","",""
"","237","opens a queue and submits a review that writes back to the trace","ReviewQueues","Sun Sep 20 16:00:52 UTC 2026","passed","Sun Sep 20 16:00:52 UTC 2026","","","",""
"","17","renders the manifest, validates, and shows export mode metadata","WorkflowVersionDetail page","Sun Sep 20 15:58:51 UTC 2026","passed","Sun Sep 20 15:58:51 UTC 2026","","","",""
"","1","fails closed on an empty requirement list","canAnyScope","Sun Sep 20 16:02:41 UTC 2026","passed","Sun Sep 20 16:02:41 UTC 2026","","","",""
"","2","renders nothing when hiding is explicitly requested","MutationGuard","Sun Sep 20 16:02:12 UTC 2026","passed","Sun Sep 20 16:02:12 UTC 2026","","","",""
"","3","falls back to the raw status string and a neutral tone for an unrecognized status","StatusBadge","Sun Sep 20 16:03:32 UTC 2026","passed","Sun Sep 20 16:03:32 UTC 2026","","","",""
"","54","stops listening once unmounted","useApi + workspace changes","Sun Sep 20 16:03:24 UTC 2026","passed","Sun Sep 20 16:03:25 UTC 2026","","","",""
"","64","surfaces recent-history estimates when exact run totals are unavailable","WorkflowDetail calibration","Sun Sep 20 15:58:41 UTC 2026","passed","Sun Sep 20 15:58:41 UTC 2026","","","",""
"","168","persists a Sandbox run as kind:'sandbox' so it appears under Test Runs","ToolWorkspace","Sun Sep 20 16:02:04 UTC 2026","passed","Sun Sep 20 16:02:04 UTC 2026","","","",""
"","432","turns stale retry, approval, resume, and event-match monitor failures into recovery guidance","WorkflowEditor handler branches","Sun Sep 20 15:59:01 UTC 2026","passed","Sun Sep 20 15:59:02 UTC 2026","","","",""
"","14","shows category card picker with custom selected by default","SkillWizard","Sun Sep 20 16:00:36 UTC 2026","passed","Sun Sep 20 16:00:36 UTC 2026","","Step 1: Identity & Classification","",""
"","131","ignores a Send click while a new session is still being created","CaliberAssistantPanel — auto-dispatch guards","Sun Sep 20 15:59:44 UTC 2026","passed","Sun Sep 20 15:59:44 UTC 2026","","","",""
"","1","derives tool-action counts from metadata %p","processStepsFromMetadata","Sun Sep 20 16:02:41 UTC 2026","passed","Sun Sep 20 16:02:41 UTC 2026","","","",""
"","128","turns sparse active debugger step state into in-flight transition and port guidance","WorkflowDetail calibration","Sun Sep 20 15:58:47 UTC 2026","passed","Sun Sep 20 15:58:47 UTC 2026","","","",""
"","43","persists which groups the user opened","Sidebar navigation groups","Sun Sep 20 16:02:23 UTC 2026","passed","Sun Sep 20 16:02:23 UTC 2026","","","",""
"","122","keeps Create disabled until both name and owner are filled","EvalDatasets create panel (lines 399-485)","Sun Sep 20 16:02:26 UTC 2026","passed","Sun Sep 20 16:02:26 UTC 2026","","","",""
"","1","passes a 403 through unchanged","describeApiError — everything that is not a schema failure","Sun Sep 20 16:01:19 UTC 2026","passed","Sun Sep 20 16:01:19 UTC 2026","","","",""
"","99","shows the loading placeholder before data resolves","GatewayUsageTab","Sun Sep 20 16:02:13 UTC 2026","passed","Sun Sep 20 16:02:13 UTC 2026","","","",""
"","64","renders totals + the by-model table from trace-derived usage","Gateway → Usage tab","Sun Sep 20 16:01:17 UTC 2026","passed","Sun Sep 20 16:01:17 UTC 2026","","","",""
"","143","turns unrecoverable historical manifest load failures into recovery guidance in the run monitor","WorkflowEditor handler branches","Sun Sep 20 15:58:57 UTC 2026","passed","Sun Sep 20 15:58:58 UTC 2026","","","",""
"","0","ignores a blank/whitespace-only reason string","workflowRunLifecycleReason","Sun Sep 20 16:00:29 UTC 2026","passed","Sun Sep 20 16:00:29 UTC 2026","","","",""
"","96","does not re-dispatch the same queued row while a refetch still reports it","CaliberAssistantPanel — auto-dispatch guards","Sun Sep 20 15:59:44 UTC 2026","passed","Sun Sep 20 15:59:44 UTC 2026","","","",""
"","167","toggles the add-context menu open and closed","AttachmentBar — add-context menu","Sun Sep 20 16:00:48 UTC 2026","passed","Sun Sep 20 16:00:48 UTC 2026","","","",""
"","0","autoMapCompatiblePorts skips incompatible outputs before falling back positionally","connect/map helpers","Sun Sep 20 15:59:50 UTC 2026","passed","Sun Sep 20 15:59:50 UTC 2026","","","",""
"","0","falls back to a humanized type label when the event type is unrecognized","workflowRunLifecycleMessage","Sun Sep 20 16:00:29 UTC 2026","passed","Sun Sep 20 16:00:29 UTC 2026","","","",""
"","32","dismisses a pending item","PromptDiagnosisTab","Sun Sep 20 16:01:30 UTC 2026","passed","Sun Sep 20 16:01:30 UTC 2026","","","",""
"","111","offers custom LLM judges as graders and includes the selected one","Evaluations page","Sun Sep 20 16:01:00 UTC 2026","passed","Sun Sep 20 16:01:00 UTC 2026","","","",""
"","0","defaults the waiting_approval approvalKind to null in both modes when omitted","workflowRunLifecycleLabel","Sun Sep 20 16:00:29 UTC 2026","passed","Sun Sep 20 16:00:29 UTC 2026","","","",""
"","106","uploads a ZIP with an explicit conflict strategy","SkillDetail","Sun Sep 20 16:00:34 UTC 2026","passed","Sun Sep 20 16:00:34 UTC 2026","","","",""
"","0","rolls back via the audited endpoint","makePromptVersionAdapter","Sun Sep 20 16:02:05 UTC 2026","passed","Sun Sep 20 16:02:05 UTC 2026","","","",""
"","50","clears the current browser session after resetting its own password","Administration","Sun Sep 20 16:00:18 UTC 2026","passed","Sun Sep 20 16:00:18 UTC 2026","","","",""
"","31","renders a 'no changes' message when the diff is marked empty","GraphDiff","Sun Sep 20 16:02:51 UTC 2026","passed","Sun Sep 20 16:02:51 UTC 2026","","","",""
"","385","narrows the list with the search box (name / owner / tag)","EvalDatasets","Sun Sep 20 16:02:06 UTC 2026","passed","Sun Sep 20 16:02:06 UTC 2026","","","",""
"","13","says nothing has run yet rather than showing a zero rate","Dashboard","Sun Sep 20 16:01:06 UTC 2026","passed","Sun Sep 20 16:01:06 UTC 2026","","","",""
"","30","renders the goal input and examples; submit starts disabled","WorkflowPlanPanel","Sun Sep 20 16:02:39 UTC 2026","passed","Sun Sep 20 16:02:39 UTC 2026","","","",""
"","6","renders a persisted lastResult on mount (pass-rate badge + empty absent)","CalibrationPanel (branch coverage)","Sun Sep 20 16:02:09 UTC 2026","passed","Sun Sep 20 16:02:09 UTC 2026","","","",""
"","179","shows a registration-failed toast without navigating when creation is rejected","Agents list page","Sun Sep 20 16:01:03 UTC 2026","passed","Sun Sep 20 16:01:03 UTC 2026","","","",""
"","24","never renders a secret value, because the API never returns one","Administration","Sun Sep 20 16:00:18 UTC 2026","passed","Sun Sep 20 16:00:18 UTC 2026","","","",""
"","21","shows a friendly error and clears the preview when validation fails","WorkflowImportDialog (import mode)","Sun Sep 20 16:00:21 UTC 2026","passed","Sun Sep 20 16:00:21 UTC 2026","","","",""
"","4","turns an empty recovery timeline into in-flight guidance for active runs","workflow run panels","Sun Sep 20 16:00:12 UTC 2026","passed","Sun Sep 20 16:00:12 UTC 2026","","","",""
"","103","imports completed Review Queue labels with trace provenance","Judges","Sun Sep 20 16:00:27 UTC 2026","passed","Sun Sep 20 16:00:27 UTC 2026","","","",""
"","1","formats deltas as signed percentage-points","workflowCalibration formatters","Sun Sep 20 16:00:59 UTC 2026","passed","Sun Sep 20 16:00:59 UTC 2026","","","",""
"","289","loads paged run history and uses server-backed filters to find older runs","WorkflowDetail calibration","Sun Sep 20 15:58:40 UTC 2026","passed","Sun Sep 20 15:58:41 UTC 2026","","","",""
"","82","refreshes the recent run index fallback when a started event is the first live signal and paged history is unavailable","WorkflowEditor handler branches","Sun Sep 20 15:59:06 UTC 2026","passed","Sun Sep 20 15:59:06 UTC 2026","","","",""
"","11","elevates artifact upload failures into recovery warnings and detail cards","workflow run panels","Sun Sep 20 16:00:12 UTC 2026","passed","Sun Sep 20 16:00:12 UTC 2026","","","",""
"","55","shows a save-failed toast when the update call is rejected","AgentDetail","Sun Sep 20 16:00:55 UTC 2026","passed","Sun Sep 20 16:00:55 UTC 2026","","","",""
"","230","renders the API dependency graph and knowledge graph JSON","OpenApiIntegrations","Sun Sep 20 15:59:47 UTC 2026","passed","Sun Sep 20 15:59:47 UTC 2026","","","",""
"","0","names the tool when only tool-node diagnostics are present","describeStepChange — direct tool-node fallback","Sun Sep 20 15:59:38 UTC 2026","passed","Sun Sep 20 15:59:38 UTC 2026","","","",""
"","0","uses the payload detail over the failure fallback for expired/failed","workflowRunLifecycleDetail","Sun Sep 20 16:00:29 UTC 2026","passed","Sun Sep 20 16:00:29 UTC 2026","","","",""
"","503","filters the registry, toggles list/grid view, and opens a tool's workspace","ToolRegistry list","Sun Sep 20 16:00:42 UTC 2026","passed","Sun Sep 20 16:00:42 UTC 2026","","","",""
"","0","apiErrorText survives an ApiError-shaped object with a non-array errors field","resilience — this code runs inside catch blocks","Sun Sep 20 16:01:19 UTC 2026","passed","Sun Sep 20 16:01:19 UTC 2026","","","",""
"","167","supports a custom number of test cases for generation","Prompts — Workspace Test Sets stage","Sun Sep 20 15:59:34 UTC 2026","passed","Sun Sep 20 15:59:34 UTC 2026","","","",""
"","3","ignores a project list that resolves after the selector unmounts","WorkspaceSelector","Sun Sep 20 16:02:18 UTC 2026","passed","Sun Sep 20 16:02:18 UTC 2026","","","",""
"","1","catches an Open row that cites a PR","checkLedger","Sun Sep 20 16:02:27 UTC 2026","passed","Sun Sep 20 16:02:27 UTC 2026","","","",""
"","2","renders a knowledge-build card with an unrecognized status tone","StepPreview — additional prop-driven render branches","Sun Sep 20 15:59:38 UTC 2026","passed","Sun Sep 20 15:59:38 UTC 2026","","","",""
"","117","defaults to the card grid","Prompts view toggle","Sun Sep 20 16:02:49 UTC 2026","passed","Sun Sep 20 16:02:50 UTC 2026","","","",""
"","1","renders deprecated with a distinct label + testid","VersionStatusBadge","Sun Sep 20 16:03:37 UTC 2026","passed","Sun Sep 20 16:03:37 UTC 2026","","","",""
"","95","reacts to workflow.run.waiting_event event-stream messages","WorkflowDetail calibration","Sun Sep 20 15:58:46 UTC 2026","passed","Sun Sep 20 15:58:46 UTC 2026","","","",""
"","105","hydrates a deep-linked run from workflow detail query params","WorkflowDetail calibration","Sun Sep 20 15:58:36 UTC 2026","passed","Sun Sep 20 15:58:36 UTC 2026","","","",""
"","3","rejoins to the exact JSON input","highlightTokens — lossless","Sun Sep 20 16:03:16 UTC 2026","passed","Sun Sep 20 16:03:16 UTC 2026","","","",""
"","69","filters the prompt list by query and restores it when cleared","Prompts — search","Sun Sep 20 15:59:36 UTC 2026","passed","Sun Sep 20 15:59:36 UTC 2026","","","",""
"","109","deprecates and archives as admin, and shows project access without an active project","Tool Workspace — Publish stage","Sun Sep 20 16:00:43 UTC 2026","passed","Sun Sep 20 16:00:43 UTC 2026","","","",""
"","203","guides wait_for_event runs toward event matching when manual resume is disabled in run detail","WorkflowDetail calibration","Sun Sep 20 15:58:41 UTC 2026","passed","Sun Sep 20 15:58:42 UTC 2026","","","",""
"","110","runs the pinned test set and persists a durable run","Prompts — Workspace Runs stage","Sun Sep 20 15:59:34 UTC 2026","passed","Sun Sep 20 15:59:34 UTC 2026","","","",""
"","0","drops the request-location prefix a user cannot act on","describeApiError — structured validation failures","Sun Sep 20 16:01:19 UTC 2026","passed","Sun Sep 20 16:01:19 UTC 2026","","","",""
"","26","shows inherited checkpoint provenance inside the replay path","TraceReplayGraph","Sun Sep 20 15:59:12 UTC 2026","passed","Sun Sep 20 15:59:12 UTC 2026","","","",""
"","37","renders the status text with underscores replaced by spaces","DraftStatusBadge","Sun Sep 20 16:02:28 UTC 2026","passed","Sun Sep 20 16:02:28 UTC 2026","","","",""
"","555","Scenario Sets stage adds/removes cases and Trigger Tests runs ad-hoc + batch checks","Skills page","Sun Sep 20 16:00:24 UTC 2026","passed","Sun Sep 20 16:00:24 UTC 2026","","","",""
"","147","renders real chart geometry so the tick/tooltip formatters actually run","GatewayUsageTab","Sun Sep 20 16:02:13 UTC 2026","passed","Sun Sep 20 16:02:13 UTC 2026","","","",""
"","386","filters skills, archives/restores, and opens detail routes","Skills page","Sun Sep 20 16:00:23 UTC 2026","passed","Sun Sep 20 16:00:23 UTC 2026","","","",""
"","34","rolls back the live version after confirmation","VersionPanel","Sun Sep 20 16:02:32 UTC 2026","passed","Sun Sep 20 16:02:32 UTC 2026","","","",""
"","179","clears search and navigates back to the parent folder","Object Store file manager","Sun Sep 20 16:00:09 UTC 2026","passed","Sun Sep 20 16:00:09 UTC 2026","","","",""
"","0","counts artifacts in the error payload","extractErrorBoundaryDiagnostics","Sun Sep 20 15:59:38 UTC 2026","passed","Sun Sep 20 15:59:38 UTC 2026","","","",""
"","218","allows typing in allowed tools field","SkillWizard","Sun Sep 20 16:00:37 UTC 2026","passed","Sun Sep 20 16:00:38 UTC 2026","","Step 3: Composability","",""
"","2","renders published with a distinct label + testid","VersionStatusBadge","Sun Sep 20 16:03:37 UTC 2026","passed","Sun Sep 20 16:03:37 UTC 2026","","","",""
"","7","prefers server-backed lineage metadata and surfaces partial-chain warnings","workflow run panels","Sun Sep 20 16:00:12 UTC 2026","passed","Sun Sep 20 16:00:12 UTC 2026","","","",""
"","37","lists every unmet check in the install modal, not just the first two","Cookbooks","Sun Sep 20 16:01:36 UTC 2026","passed","Sun Sep 20 16:01:36 UTC 2026","","readiness checks","",""
"","41","surfaces an error when transferring ownership is rejected","Administration","Sun Sep 20 16:00:19 UTC 2026","passed","Sun Sep 20 16:00:19 UTC 2026","","","",""
"","28","lists skills with category badges","Skills page with wizard integration","Sun Sep 20 16:00:40 UTC 2026","passed","Sun Sep 20 16:00:40 UTC 2026","","","",""
"","15","explains every intentional empty-port contract by component type and side","WorkflowComponentSchemaSummary","Sun Sep 20 16:01:09 UTC 2026","passed","Sun Sep 20 16:01:09 UTC 2026","","","",""
"","1","delegates toast helpers to sonner","utility helpers","Sun Sep 20 16:02:18 UTC 2026","passed","Sun Sep 20 16:02:18 UTC 2026","","","",""
"","75","unpublishes a published service and returns to the publish state","WorkflowDetail Service tab","Sun Sep 20 16:00:58 UTC 2026","passed","Sun Sep 20 16:00:58 UTC 2026","","","",""
"","172","decorates nodes/edges and forwards selection + connection handlers","Canvas","Sun Sep 20 16:02:08 UTC 2026","passed","Sun Sep 20 16:02:08 UTC 2026","","","",""
"","105","creates a workflow from a template and navigates to the editor","Workflows — template create flow","Sun Sep 20 16:00:14 UTC 2026","passed","Sun Sep 20 16:00:15 UTC 2026","","","",""
"","199","keeps one query observer across a sustained polling cadence","shared health poll","Sun Sep 20 16:03:07 UTC 2026","passed","Sun Sep 20 16:03:07 UTC 2026","","","",""
"","0","returns null when every extracted field is empty","extractKnowledgeBuildDiagnostics","Sun Sep 20 15:59:38 UTC 2026","passed","Sun Sep 20 15:59:38 UTC 2026","","","",""
"","1","catches a row still claiming In review after its PR merged","checkLedger","Sun Sep 20 16:02:27 UTC 2026","passed","Sun Sep 20 16:02:27 UTC 2026","","","",""
"","383","handles test failures and coerces invocation argument types in playground","McpServers","Sun Sep 20 15:59:52 UTC 2026","passed","Sun Sep 20 15:59:53 UTC 2026","","","",""
"","2","turns an empty checkpoint trail into in-flight guidance for active runs","workflow run panels","Sun Sep 20 16:00:12 UTC 2026","passed","Sun Sep 20 16:00:12 UTC 2026","","","",""
"","289","prefills create form from a promptless workflow row","Prompts","Sun Sep 20 15:59:25 UTC 2026","passed","Sun Sep 20 15:59:25 UTC 2026","","","",""
"","116","deletes a single object and clears the selected row state","Object Store file manager","Sun Sep 20 16:00:06 UTC 2026","passed","Sun Sep 20 16:00:06 UTC 2026","","","",""
"","18","close resets open and collapsed state","AssistantPanelContext","Sun Sep 20 16:02:35 UTC 2026","passed","Sun Sep 20 16:02:35 UTC 2026","","","",""
"","2","renders completed as Completed with its tone color","StatusBadge","Sun Sep 20 16:03:32 UTC 2026","passed","Sun Sep 20 16:03:32 UTC 2026","","","",""
"","27","falls back to the legacy addListener/removeListener API for older browsers","CaliberAssistantPanel — responsive layout","Sun Sep 20 15:59:43 UTC 2026","passed","Sun Sep 20 15:59:43 UTC 2026","","","",""
"","20","lists tools with side-effect badges","ToolRegistry page","Sun Sep 20 15:58:32 UTC 2026","passed","Sun Sep 20 15:58:32 UTC 2026","","","",""
"","9","renders setup rules alongside field constraints","WorkflowComponentSchemaSummary","Sun Sep 20 15:59:10 UTC 2026","passed","Sun Sep 20 15:59:10 UTC 2026","","","",""
"","124","disables paused run resume controls in the monitor when the workflow run queue is disabled","WorkflowEditor handler branches","Sun Sep 20 15:59:00 UTC 2026","passed","Sun Sep 20 15:59:00 UTC 2026","","","",""
"","29","renders each tool call with its name and outcome","ToolCallList","Sun Sep 20 16:03:27 UTC 2026","passed","Sun Sep 20 16:03:27 UTC 2026","","","",""
"","4","renders a minimal knowledge-query card with dense mode and no graph context","StepPreview — additional prop-driven render branches","Sun Sep 20 15:59:38 UTC 2026","passed","Sun Sep 20 15:59:38 UTC 2026","","","",""
"","0","apiErrorText survives an object with a hostile getter","resilience — this code runs inside catch blocks","Sun Sep 20 16:01:19 UTC 2026","passed","Sun Sep 20 16:01:19 UTC 2026","","","",""
"","0","returns null for a non-tool step","extractToolNodeDiagnostics","Sun Sep 20 15:59:38 UTC 2026","passed","Sun Sep 20 15:59:38 UTC 2026","","","",""
"","9","permits when the caller holds any one of several accepted scopes","MutationGuard","Sun Sep 20 16:02:12 UTC 2026","passed","Sun Sep 20 16:02:12 UTC 2026","","","",""
"","305","restores a selected prior version as a new version","EvalDatasetDetail","Sun Sep 20 16:00:44 UTC 2026","passed","Sun Sep 20 16:00:45 UTC 2026","","","",""
"","132","submits prod deployments as promotion requests when gates require approval","WorkflowDetail calibration","Sun Sep 20 15:58:37 UTC 2026","passed","Sun Sep 20 15:58:37 UTC 2026","","","",""
"","67","shows an empty state when the agent has no flagged items","PromptDiagnosisTab","Sun Sep 20 16:01:30 UTC 2026","passed","Sun Sep 20 16:01:30 UTC 2026","","","",""
"","82","shows input and output signatures on the Sandbox stage","ToolRegistry page","Sun Sep 20 15:58:32 UTC 2026","passed","Sun Sep 20 15:58:32 UTC 2026","","","",""
"","3","reuses a prompt release operation id after an ambiguous network failure","caliberApi","Sun Sep 20 16:00:20 UTC 2026","passed","Sun Sep 20 16:00:20 UTC 2026","","","",""
"","4","disables Continue plan when every input resolves from a prior step","PlanInteractionPrompt — input kind","Sun Sep 20 16:00:47 UTC 2026","passed","Sun Sep 20 16:00:47 UTC 2026","","","",""
"","10","surfaces a load error instead of the table","GatewayPricingTab","Sun Sep 20 16:02:24 UTC 2026","passed","Sun Sep 20 16:02:24 UTC 2026","","","",""
"","40","rejects a short reset password before making a request","Administration","Sun Sep 20 16:00:18 UTC 2026","passed","Sun Sep 20 16:00:18 UTC 2026","","","",""
"","1","omits graph_preset when no preset is selected","knowledgeBuildLaunch","Sun Sep 20 16:00:59 UTC 2026","passed","Sun Sep 20 16:00:59 UTC 2026","","","",""
"","80","shows workflow run errors without leaving the run panel silent","WorkflowDetail calibration","Sun Sep 20 15:58:38 UTC 2026","passed","Sun Sep 20 15:58:38 UTC 2026","","","",""
"","15","updates workflow-level settings fields","Inspector","Sun Sep 20 15:59:10 UTC 2026","passed","Sun Sep 20 15:59:10 UTC 2026","","","",""
"","63","refetches with the selected status filter when switching tabs","Judges","Sun Sep 20 16:00:27 UTC 2026","passed","Sun Sep 20 16:00:27 UTC 2026","","","",""
"","9","silently drops a persisted step event whose payload is missing required fields","legacy / malformed persisted event payloads","Sun Sep 20 16:00:11 UTC 2026","passed","Sun Sep 20 16:00:11 UTC 2026","","","",""
"","1","writes default skill mode off","assistantPreferences","Sun Sep 20 16:02:45 UTC 2026","passed","Sun Sep 20 16:02:45 UTC 2026","","","",""
"","6","guides an active run with no persisted evidence at all","empty debugger state (no recorded steps)","Sun Sep 20 16:00:10 UTC 2026","passed","Sun Sep 20 16:00:10 UTC 2026","","","",""
"","84","surfaces archive failures without leaving the list","Skills page","Sun Sep 20 16:00:23 UTC 2026","passed","Sun Sep 20 16:00:24 UTC 2026","","","",""
"","99","opens quick-connect templates and registers a prefilled server","McpServers","Sun Sep 20 15:59:52 UTC 2026","passed","Sun Sep 20 15:59:52 UTC 2026","","","",""
"","210","decomposes a goal and opens the new plan's step DAG","AriaPlans","Sun Sep 20 16:01:27 UTC 2026","passed","Sun Sep 20 16:01:27 UTC 2026","","","",""
"","2","shows no-changes message when baseline equals candidate","PromptDiff","Sun Sep 20 16:02:59 UTC 2026","passed","Sun Sep 20 16:02:59 UTC 2026","","","",""
"","107","opens a prompt into the Workspace with a status header and six stage tabs, and Back returns","Prompts — Workspace","Sun Sep 20 15:59:36 UTC 2026","passed","Sun Sep 20 15:59:36 UTC 2026","","","",""
"","5","tolerates a missing constraints object and does not add an ellipsis for three or fewer options","WorkflowComponentSchemaSummary","Sun Sep 20 16:01:09 UTC 2026","passed","Sun Sep 20 16:01:09 UTC 2026","","","",""
"","124","cancels without issuing a request","Workflows — delete confirmation (hardened)","Sun Sep 20 16:00:16 UTC 2026","passed","Sun Sep 20 16:00:16 UTC 2026","","","",""
"","186","attaches a pasted text snippet and lists it","AttachmentBar","Sun Sep 20 16:01:34 UTC 2026","passed","Sun Sep 20 16:01:34 UTC 2026","","","",""
"","1","activates a version on promote and rolls back to the prior active","makeKnowledgeBaseVersionAdapter","Sun Sep 20 16:02:05 UTC 2026","passed","Sun Sep 20 16:02:05 UTC 2026","","","",""
"","1","renders a nested path as a readable trail with one-based indices","describeApiError — structured validation failures","Sun Sep 20 16:01:19 UTC 2026","passed","Sun Sep 20 16:01:19 UTC 2026","","","",""
"","1","normalizes a '/#'-prefixed hash by stripping the leading slash","externalLinks port-5001 + hash branches","Sun Sep 20 16:00:59 UTC 2026","passed","Sun Sep 20 16:00:59 UTC 2026","","","",""
"","0","counts pure additions and deletions","diffLines","Sun Sep 20 16:03:18 UTC 2026","passed","Sun Sep 20 16:03:18 UTC 2026","","","",""
"","36","switches between sheets via the tab buttons","DataTable","Sun Sep 20 16:01:08 UTC 2026","passed","Sun Sep 20 16:01:08 UTC 2026","","","",""
"","4","renders duplicate as Duplicate with its tone color","StatusBadge","Sun Sep 20 16:03:32 UTC 2026","passed","Sun Sep 20 16:03:32 UTC 2026","","","",""
"","25","creates nested prefixes one segment at a time","BucketSelect workflow helpers","Sun Sep 20 16:02:36 UTC 2026","passed","Sun Sep 20 16:02:36 UTC 2026","","","",""
"","40","surfaces a server error","WorkflowPlanPanel","Sun Sep 20 16:02:40 UTC 2026","passed","Sun Sep 20 16:02:40 UTC 2026","","","",""
"","63","reacts to workflow.run.resumed event-stream messages","WorkflowDetail calibration","Sun Sep 20 15:58:46 UTC 2026","passed","Sun Sep 20 15:58:46 UTC 2026","","","",""
"","12","renders candidate and baseline scores, delta pills, a passing gate, N=, and the dataset id","EvalComparison","Sun Sep 20 16:02:57 UTC 2026","passed","Sun Sep 20 16:02:57 UTC 2026","","","",""
"","1","fills safe defaults for uploaded examples with missing input or expected fields","Prompts utility helpers","Sun Sep 20 16:02:53 UTC 2026","passed","Sun Sep 20 16:02:53 UTC 2026","","","",""
"","5","renders the search slot alone","FilterBar","Sun Sep 20 16:03:33 UTC 2026","passed","Sun Sep 20 16:03:33 UTC 2026","","","",""
"","1","attaches backend component metadata when provided","manifestToFlow","Sun Sep 20 15:59:50 UTC 2026","passed","Sun Sep 20 15:59:50 UTC 2026","","","",""
"","80","closes the versions panel via its Close button","Prompts — create/edit error flows","Sun Sep 20 15:59:36 UTC 2026","passed","Sun Sep 20 15:59:36 UTC 2026","","","",""
"","57","loads projects, changes the active workspace, and can return to all workspaces","WorkspaceSelector","Sun Sep 20 16:02:17 UTC 2026","passed","Sun Sep 20 16:02:18 UTC 2026","","","",""
"","47","passes the actor filter to the API","AuditLog","Sun Sep 20 16:01:28 UTC 2026","passed","Sun Sep 20 16:01:28 UTC 2026","","","",""
"","34","adds, edits, and removes agent handoffs","Inspector","Sun Sep 20 15:59:10 UTC 2026","passed","Sun Sep 20 15:59:10 UTC 2026","","","",""
"","40","surfaces child workflow diagnostics inside the replay path","TraceReplayGraph","Sun Sep 20 15:59:12 UTC 2026","passed","Sun Sep 20 15:59:12 UTC 2026","","","",""
"","8","Auto-Map prefers compatible outputs over incompatible positional matches","ConnectMapPopover","Sun Sep 20 15:59:12 UTC 2026","passed","Sun Sep 20 15:59:12 UTC 2026","","","",""
"","130","renders totals, charts, and the by-model table for a populated payload","GatewayUsageTab","Sun Sep 20 16:02:13 UTC 2026","passed","Sun Sep 20 16:02:13 UTC 2026","","","",""
"","195","commits a single rename on blur and no-ops an unchanged blur","Workflows — inline rename commit guard","Sun Sep 20 16:00:16 UTC 2026","passed","Sun Sep 20 16:00:16 UTC 2026","","","",""
"","25","renders package warnings when the generated package is incomplete","SkillDetail","Sun Sep 20 16:00:34 UTC 2026","passed","Sun Sep 20 16:00:34 UTC 2026","","","",""
"","129","keeps fallback retry lineage visible when canonical lineage lookup fails","WorkflowDetail calibration","Sun Sep 20 15:58:51 UTC 2026","passed","Sun Sep 20 15:58:51 UTC 2026","","","",""
"","5","does not warn on an empty/seed canvas","WorkflowPlanPanel","Sun Sep 20 16:02:40 UTC 2026","passed","Sun Sep 20 16:02:40 UTC 2026","","","",""
"","21","renders bucket count without the status banner when connected","Object Store file manager","Sun Sep 20 16:00:07 UTC 2026","passed","Sun Sep 20 16:00:07 UTC 2026","","","",""
"","4","splits a csv param into a trimmed array","GuardrailChecksEditor","Sun Sep 20 16:02:42 UTC 2026","passed","Sun Sep 20 16:02:42 UTC 2026","","","",""
"","1","labels edges with the data map","manifestToFlow","Sun Sep 20 15:59:50 UTC 2026","passed","Sun Sep 20 15:59:50 UTC 2026","","","",""
"","16","keeps a real rate and its tone unchanged","Dashboard","Sun Sep 20 16:01:06 UTC 2026","passed","Sun Sep 20 16:01:06 UTC 2026","","","",""
"","200","uploads JSONL calibration datasets and starts a configured scorer run","Prompt optimization calibration edge flows","Sun Sep 20 16:00:03 UTC 2026","passed","Sun Sep 20 16:00:03 UTC 2026","","","",""
"","0","deriveEdgeMap leaves typed mismatches unmapped so the editor can warn","connect/map helpers","Sun Sep 20 15:59:50 UTC 2026","passed","Sun Sep 20 15:59:50 UTC 2026","","","",""
"","3","extracts json arrays and objects from assistant text","ToolRegistry helpers","Sun Sep 20 16:03:25 UTC 2026","passed","Sun Sep 20 16:03:25 UTC 2026","","","",""
"","0","static prefix wins over the gateway hop even on port 5001","externalLinks port-5001 + hash branches","Sun Sep 20 16:00:59 UTC 2026","passed","Sun Sep 20 16:00:59 UTC 2026","","","",""
"","234","navigates through all 5 steps","SkillWizard","Sun Sep 20 16:00:36 UTC 2026","passed","Sun Sep 20 16:00:36 UTC 2026","","Step navigation","",""
"","100","toggles the gallery and gates templates on a name","Workflows — template create flow","Sun Sep 20 16:00:14 UTC 2026","passed","Sun Sep 20 16:00:14 UTC 2026","","","",""
"","481","shows the login page and signs in against the server","App shell end-to-end journeys","Sun Sep 20 15:59:56 UTC 2026","passed","Sun Sep 20 15:59:56 UTC 2026","","","",""
"","6","shows file input settings and updates path","Inspector","Sun Sep 20 15:59:10 UTC 2026","passed","Sun Sep 20 15:59:10 UTC 2026","","","",""
"","23","shows a validating state while the request is in flight and re-enables afterward","WorkflowImportDialog (import mode)","Sun Sep 20 16:00:21 UTC 2026","passed","Sun Sep 20 16:00:21 UTC 2026","","","",""
"","15","falls back to Build when no group owns the route","Sidebar navigation groups","Sun Sep 20 16:02:23 UTC 2026","passed","Sun Sep 20 16:02:23 UTC 2026","","","",""
"","1","python: emits valid-looking requests code with a poll loop and Python literals","buildServiceSnippet","Sun Sep 20 16:03:11 UTC 2026","passed","Sun Sep 20 16:03:11 UTC 2026","","","",""
"","1","parses uploaded JSON and JSONL datasets","Prompts utility helpers","Sun Sep 20 16:02:53 UTC 2026","passed","Sun Sep 20 16:02:53 UTC 2026","","","",""
"","121","reconciles a stale queued snapshot with newer persisted waiting approval events","WorkflowEditor handler branches","Sun Sep 20 15:59:07 UTC 2026","passed","Sun Sep 20 15:59:07 UTC 2026","","","",""
"","74","lists plans with status and step count","AriaPlans","Sun Sep 20 16:01:26 UTC 2026","passed","Sun Sep 20 16:01:27 UTC 2026","","","",""
"","0","returns null when no telemetry fields are present","extractStepTelemetry","Sun Sep 20 15:59:38 UTC 2026","passed","Sun Sep 20 15:59:38 UTC 2026","","","",""
"","0","returns null for folder_input with no path and no files","extractStorageNodeDiagnostics","Sun Sep 20 15:59:38 UTC 2026","passed","Sun Sep 20 15:59:38 UTC 2026","","","",""
"","11","selects artifact type workflow","ArtifactTypeSelector","Sun Sep 20 16:01:38 UTC 2026","passed","Sun Sep 20 16:01:38 UTC 2026","","","",""
"","53","wraps a non-Error throw into a generic 'unknown error' ApiError","useApi","Sun Sep 20 16:02:58 UTC 2026","passed","Sun Sep 20 16:02:58 UTC 2026","","","",""
"","3","omits X-CALIBER-Project header when no workspace is active","activeWorkspace","Sun Sep 20 16:03:17 UTC 2026","passed","Sun Sep 20 16:03:17 UTC 2026","","","",""
"","139","shows queue-disabled scheduled wait guidance when wait_until runs cannot resume","WorkflowDetail calibration","Sun Sep 20 15:58:41 UTC 2026","passed","Sun Sep 20 15:58:41 UTC 2026","","","",""
"","2","humanizes graph-aware setup rule kinds in the schema summary","WorkflowComponentSchemaSummary","Sun Sep 20 15:59:10 UTC 2026","passed","Sun Sep 20 15:59:10 UTC 2026","","","",""
"","30","shows fallback with error message","RouteErrorBoundary","Sun Sep 20 16:02:31 UTC 2026","passed","Sun Sep 20 16:02:31 UTC 2026","","","",""
"","0","labels items by type: number, boolean, and array","extractForEachDiagnostics","Sun Sep 20 15:59:38 UTC 2026","passed","Sun Sep 20 15:59:38 UTC 2026","","","",""
"","57","navigates back to the list from a queue's detail view","ReviewQueues","Sun Sep 20 16:00:53 UTC 2026","passed","Sun Sep 20 16:00:53 UTC 2026","","","",""
"","5","renders a failed gate with its reasons listed","EvalComparison","Sun Sep 20 16:02:57 UTC 2026","passed","Sun Sep 20 16:02:57 UTC 2026","","","",""
"","142","validates scorer selections, weights, and scorer config before starting a run","Prompt optimization calibration edge flows","Sun Sep 20 16:00:03 UTC 2026","passed","Sun Sep 20 16:00:03 UTC 2026","","","",""
"","67","starts in a loading state, then resolves data with no error","useApi","Sun Sep 20 16:02:57 UTC 2026","passed","Sun Sep 20 16:02:57 UTC 2026","","","",""
"","75","defaults the Allure link to the in-app served report","Settings page","Sun Sep 20 16:01:22 UTC 2026","passed","Sun Sep 20 16:01:22 UTC 2026","","","",""
"","61","clears user-scoped query data when canonical user IDs differ but display identities match","App shell end-to-end journeys","Sun Sep 20 15:59:57 UTC 2026","passed","Sun Sep 20 15:59:57 UTC 2026","","","",""
"","2","renders approved as Approved with its tone color","StatusBadge","Sun Sep 20 16:03:32 UTC 2026","passed","Sun Sep 20 16:03:32 UTC 2026","","","",""
"","127","ignores live step events for a different run when a run is already in focus","WorkflowDetail calibration","Sun Sep 20 15:58:47 UTC 2026","passed","Sun Sep 20 15:58:47 UTC 2026","","","",""
"","82","parses valid JSON inputs/expectations in the playground and rejects invalid or non-object JSON","Judges","Sun Sep 20 16:00:27 UTC 2026","passed","Sun Sep 20 16:00:27 UTC 2026","","","",""
"","0","covers every approved/rejected id+reason combination","workflowRunLifecycleDetail","Sun Sep 20 16:00:29 UTC 2026","passed","Sun Sep 20 16:00:29 UTC 2026","","","",""
"","96","downloads protected-service OpenAPI through the internal workflow route","WorkflowDetail Service tab","Sun Sep 20 16:00:57 UTC 2026","passed","Sun Sep 20 16:00:58 UTC 2026","","","",""
"","4","returns [] for missing or malformed metadata","toolCallsFromMetadata","Sun Sep 20 16:03:27 UTC 2026","passed","Sun Sep 20 16:03:27 UTC 2026","","","",""
"","36","surfaces bounded loop diagnostics with polished node-type labels inside the replay path","TraceReplayGraph","Sun Sep 20 15:59:12 UTC 2026","passed","Sun Sep 20 15:59:12 UTC 2026","","","",""
"","2","handles unknown status gracefully","DraftStatusBadge","Sun Sep 20 16:02:28 UTC 2026","passed","Sun Sep 20 16:02:28 UTC 2026","","","",""
"","33","shows the node's manifest JSON as editable code","NodeCodeModal","Sun Sep 20 16:03:14 UTC 2026","passed","Sun Sep 20 16:03:14 UTC 2026","","","",""
"","209","requires prerequisite review, installs a paused draft, and opens its editor","Cookbooks","Sun Sep 20 16:01:36 UTC 2026","passed","Sun Sep 20 16:01:36 UTC 2026","","","",""
"","59","revokes an account's sessions and surfaces an error when revocation is rejected","Administration","Sun Sep 20 16:00:18 UTC 2026","passed","Sun Sep 20 16:00:18 UTC 2026","","","",""
"","10","shows the empty-range placeholder and hides charts/table for a degraded payload","GatewayUsageTab","Sun Sep 20 16:02:13 UTC 2026","passed","Sun Sep 20 16:02:13 UTC 2026","","","",""
"","0","appends reason/error detail for cancel/cancelled/expired/failed","workflowRunLifecycleSummary","Sun Sep 20 16:00:29 UTC 2026","passed","Sun Sep 20 16:00:29 UTC 2026","","","",""
"","3","renders a server-only binding target when no remote tool name is present","StepPreview — additional prop-driven render branches","Sun Sep 20 15:59:38 UTC 2026","passed","Sun Sep 20 15:59:38 UTC 2026","","","",""
"","2","marks every stage complete for the done stage even if status hasn't caught up to completed","PipelineProgress","Sun Sep 20 16:03:08 UTC 2026","passed","Sun Sep 20 16:03:08 UTC 2026","","","",""
"","68","toggles file selection and bulk-selects the whole view","BucketTree","Sun Sep 20 16:01:08 UTC 2026","passed","Sun Sep 20 16:01:08 UTC 2026","","","",""
"","81","lists queues with review progress","ReviewQueues","Sun Sep 20 16:00:52 UTC 2026","passed","Sun Sep 20 16:00:52 UTC 2026","","","",""
"","17","does not request or render operator recovery queues for a viewer","Releases","Sun Sep 20 16:00:31 UTC 2026","passed","Sun Sep 20 16:00:31 UTC 2026","","","",""
"","31","starts closed and uncollapsed with the default width","AssistantPanelContext","Sun Sep 20 16:02:35 UTC 2026","passed","Sun Sep 20 16:02:35 UTC 2026","","","",""
"","0","falls back to compensation node id when there is no message","describeStepChange — error-boundary diagnostics branches","Sun Sep 20 15:59:38 UTC 2026","passed","Sun Sep 20 15:59:38 UTC 2026","","","",""
"","3","renders a knowledge-query card in graph_hybrid mode","StepPreview — additional prop-driven render branches","Sun Sep 20 15:59:38 UTC 2026","passed","Sun Sep 20 15:59:38 UTC 2026","","","",""
"","159","renders a draft plan's goal and steps with an approve & run action","AriaPlanCard","Sun Sep 20 16:02:33 UTC 2026","passed","Sun Sep 20 16:02:34 UTC 2026","","","",""
"","0","honours a deliberate read/no-approval policy","agent tool bindings","Sun Sep 20 15:59:50 UTC 2026","passed","Sun Sep 20 15:59:50 UTC 2026","","","",""
"","3","clamps requested test counts to valid bounds","ToolRegistry helpers","Sun Sep 20 16:03:25 UTC 2026","passed","Sun Sep 20 16:03:25 UTC 2026","","","",""
"","16","adds a new case and surfaces invalid JSON without calibrating","CalibrationPanel","Sun Sep 20 16:03:00 UTC 2026","passed","Sun Sep 20 16:03:00 UTC 2026","","","",""
"","1","returns the mapped classes for a known status","workflowRunStatusBorderClass / RingClass","Sun Sep 20 16:00:29 UTC 2026","passed","Sun Sep 20 16:00:29 UTC 2026","","","",""
"","193","sends a message and shows assistant response","CaliberAssistantPanel","Sun Sep 20 15:59:41 UTC 2026","passed","Sun Sep 20 15:59:42 UTC 2026","","","",""
"","38","stores a secret through the write-only form and surfaces the reference scheme","Administration","Sun Sep 20 16:00:18 UTC 2026","passed","Sun Sep 20 16:00:18 UTC 2026","","","",""
"","59","enters a case, runs calibration, and shows pass/fail per case","CalibrationPanel","Sun Sep 20 16:03:00 UTC 2026","passed","Sun Sep 20 16:03:00 UTC 2026","","","",""
"","3","does not activate a blocked control by click","MutationGuard","Sun Sep 20 16:02:12 UTC 2026","passed","Sun Sep 20 16:02:12 UTC 2026","","","",""
"","9","calls onAnswer for option beta","QuestionList","Sun Sep 20 16:01:38 UTC 2026","passed","Sun Sep 20 16:01:38 UTC 2026","","","",""
"","5","turns empty approval history into stopped-run guidance when no approval checkpoint exists","workflow run panels","Sun Sep 20 16:00:12 UTC 2026","passed","Sun Sep 20 16:00:12 UTC 2026","","","",""
"","222","queues a follow-up (rather than sending it) when submitted while a turn is busy","CaliberAssistantPanel — queueing & session reuse","Sun Sep 20 15:59:43 UTC 2026","passed","Sun Sep 20 15:59:43 UTC 2026","","","",""
"","28","honors a custom option testId","ChipMultiSelect","Sun Sep 20 16:03:13 UTC 2026","passed","Sun Sep 20 16:03:13 UTC 2026","","","",""
"","27","marks stages before the current one complete, the current one in-progress, and the rest pending","PipelineProgress","Sun Sep 20 16:03:08 UTC 2026","passed","Sun Sep 20 16:03:08 UTC 2026","","","",""
"","50","renders run history and expands per-case detail","prompt test run durability","Sun Sep 20 16:02:21 UTC 2026","passed","Sun Sep 20 16:02:21 UTC 2026","","","",""
"","6","selecting '(unmapped)' removes the mapping for that input","ConnectMapPopover","Sun Sep 20 16:01:23 UTC 2026","passed","Sun Sep 20 16:01:23 UTC 2026","","","",""
"","14","does not raise an alarm on an empty install","Dashboard","Sun Sep 20 16:01:06 UTC 2026","passed","Sun Sep 20 16:01:06 UTC 2026","","","",""
"","51","cancels a queued message from the composer","CaliberAssistantPanel — queueing & session reuse","Sun Sep 20 15:59:43 UTC 2026","passed","Sun Sep 20 15:59:43 UTC 2026","","","",""
"","0","falls back to the primary version's graph_context, citations, and retrieved_chunks","extractKnowledgeQueryDiagnostics","Sun Sep 20 15:59:38 UTC 2026","passed","Sun Sep 20 15:59:38 UTC 2026","","","",""
"","0","treats a not-yet-loaded identity as no authority","hasScope","Sun Sep 20 16:02:41 UTC 2026","passed","Sun Sep 20 16:02:41 UTC 2026","","","",""
"","0","uses loop wording (iteration/completed) for node_type loop","describeStepChange — for-each/loop diagnostics branches","Sun Sep 20 15:59:38 UTC 2026","passed","Sun Sep 20 15:59:38 UTC 2026","","","",""
"","30","shows the approval ID as plain text (approval detail route removed)","Prompts","Sun Sep 20 15:59:25 UTC 2026","passed","Sun Sep 20 15:59:25 UTC 2026","","","",""
"","3","normalizes names to snake_case","ToolWizard helpers","Sun Sep 20 16:03:09 UTC 2026","passed","Sun Sep 20 16:03:09 UTC 2026","","","",""
"","5","renders a param-less check as 'No configuration.'","GuardrailChecksEditor","Sun Sep 20 16:02:42 UTC 2026","passed","Sun Sep 20 16:02:42 UTC 2026","","","",""
"","3","shows warnings","ValidationPanel","Sun Sep 20 16:02:28 UTC 2026","passed","Sun Sep 20 16:02:28 UTC 2026","","","",""
"","1","returns polished labels for runtime node types","workflowNodeTypeLabel","Sun Sep 20 15:59:38 UTC 2026","passed","Sun Sep 20 15:59:38 UTC 2026","","","",""
"","76","refreshes recent run history when a started event is the first live signal for a new run","WorkflowEditor handler branches","Sun Sep 20 15:59:06 UTC 2026","passed","Sun Sep 20 15:59:06 UTC 2026","","","",""
"","1","parses workflow and run references from benchmark evidence text","workflowBakeoff","Sun Sep 20 16:02:11 UTC 2026","passed","Sun Sep 20 16:02:11 UTC 2026","","","",""
"","87","keeps provider key fields write-only and never prefills a secret","Settings page","Sun Sep 20 16:01:21 UTC 2026","passed","Sun Sep 20 16:01:21 UTC 2026","","","",""
"","33","does not auto-dispatch a queued message while the panel is closed","CaliberAssistantPanel — auto-dispatch guards","Sun Sep 20 15:59:44 UTC 2026","passed","Sun Sep 20 15:59:44 UTC 2026","","","",""
"","25","fires onRemove when Remove is clicked","ConnectMapPopover","Sun Sep 20 16:01:23 UTC 2026","passed","Sun Sep 20 16:01:23 UTC 2026","","","",""
"","0","infers waiting_approval from a blocked human_approval node","workflowRunStatusFromStep","Sun Sep 20 16:00:29 UTC 2026","passed","Sun Sep 20 16:00:29 UTC 2026","","","",""
"","482","hides the deployment-alias selector in the prompt create wizard","single-environment defaults","Sun Sep 20 16:02:47 UTC 2026","passed","Sun Sep 20 16:02:48 UTC 2026","","","",""
"","5","surfaces checkpoint retry context inside retry lineage summaries","workflow run panels","Sun Sep 20 16:00:12 UTC 2026","passed","Sun Sep 20 16:00:12 UTC 2026","","","",""
"","34","opens and closes a group from the keyboard","Sidebar navigation groups","Sun Sep 20 16:02:23 UTC 2026","passed","Sun Sep 20 16:02:23 UTC 2026","","","",""
"","137","disables paused event resume in run detail when the stored checkpoint is missing","WorkflowDetail calibration","Sun Sep 20 15:58:44 UTC 2026","passed","Sun Sep 20 15:58:44 UTC 2026","","","",""
"","0","ageSeedStrategyLabel maps known strategies and returns null otherwise","pure label/formatting helpers","Sun Sep 20 15:59:38 UTC 2026","passed","Sun Sep 20 15:59:38 UTC 2026","","","",""
"","0","pluralizes chunk count with a retrieval-mode label","describeStepChange — knowledge-query diagnostics branches","Sun Sep 20 15:59:38 UTC 2026","passed","Sun Sep 20 15:59:38 UTC 2026","","","",""
"","27","treats a draft prompt (has_prompt=false) as calibratable","Prompt optimization calibration edge flows","Sun Sep 20 16:00:02 UTC 2026","passed","Sun Sep 20 16:00:02 UTC 2026","","","",""
"","10","reloads when refreshKey changes","VersionPanel","Sun Sep 20 16:02:32 UTC 2026","passed","Sun Sep 20 16:02:32 UTC 2026","","","",""
"","33","deep-links to a trace via ?trace=","Observability page","Sun Sep 20 16:01:11 UTC 2026","passed","Sun Sep 20 16:01:11 UTC 2026","","","",""
"","8","falls back to a default explanation when the API gives no reason","GatewayGuardrailsTab","Sun Sep 20 16:00:50 UTC 2026","passed","Sun Sep 20 16:00:50 UTC 2026","","","",""
"","41","shows deployed status for agents with a prompt","Prompts","Sun Sep 20 15:59:25 UTC 2026","passed","Sun Sep 20 15:59:25 UTC 2026","","","",""
"","107","starts playground sessions with prompt metadata and shows immutable prompt identity","Prompts — Workspace Playground stage","Sun Sep 20 15:59:34 UTC 2026","passed","Sun Sep 20 15:59:34 UTC 2026","","","",""
"","1","matches wc -l semantics","countLines","Sun Sep 20 16:02:10 UTC 2026","passed","Sun Sep 20 16:02:10 UTC 2026","","","",""
"","1","workflowRunApprovalRecordNoun","approval phrasing helpers","Sun Sep 20 16:00:29 UTC 2026","passed","Sun Sep 20 16:00:29 UTC 2026","","","",""
"","2","renders free-text clarifying prompts without option pills","QuestionList","Sun Sep 20 16:01:38 UTC 2026","passed","Sun Sep 20 16:01:38 UTC 2026","","","",""
"","150","defaults the Query view to a clean ask box and hides the version grid behind Compare versions","Knowledge Bases R3 declutter (Explore Query)","Sun Sep 20 15:59:22 UTC 2026","passed","Sun Sep 20 15:59:22 UTC 2026","","","",""
"","0","returns null when output_by_port is missing","extractKnowledgeQueryDiagnostics","Sun Sep 20 15:59:38 UTC 2026","passed","Sun Sep 20 15:59:38 UTC 2026","","","",""
"","1","renders status publish_failed with the right tone","DraftStatusBadge","Sun Sep 20 16:01:38 UTC 2026","passed","Sun Sep 20 16:01:38 UTC 2026","","","",""
"","1","treats rubric-only edits as worksheet evidence","workflowBakeoff","Sun Sep 20 16:02:11 UTC 2026","passed","Sun Sep 20 16:02:11 UTC 2026","","","",""
"","1","does not detect omission, and that limit is deliberate","checkLedger","Sun Sep 20 16:02:27 UTC 2026","passed","Sun Sep 20 16:02:27 UTC 2026","","","",""
"","112","turns an empty editor run history into draft-first guidance","WorkflowEditor page","Sun Sep 20 15:58:35 UTC 2026","passed","Sun Sep 20 15:58:35 UTC 2026","","","",""
"","22","switches category to document_creation","SkillWizard","Sun Sep 20 16:00:36 UTC 2026","passed","Sun Sep 20 16:00:36 UTC 2026","","Step 1: Identity & Classification","",""
"","65","falls back to the recent run index when full-history paging is unavailable","WorkflowDetail calibration","Sun Sep 20 15:58:41 UTC 2026","passed","Sun Sep 20 15:58:41 UTC 2026","","","",""
"","75","renders non-empty patch list with graph diffs","WorkflowDetail calibration","Sun Sep 20 15:58:38 UTC 2026","passed","Sun Sep 20 15:58:39 UTC 2026","","","",""
"","0","uses summary-mode phrasing by default","workflowRunLifecycleLabel","Sun Sep 20 16:00:29 UTC 2026","passed","Sun Sep 20 16:00:29 UTC 2026","","","",""
"","178","can reject a pending runtime approval","WorkflowDetail calibration","Sun Sep 20 15:58:43 UTC 2026","passed","Sun Sep 20 15:58:43 UTC 2026","","","",""
"","5","loads + normalizes the prompt version list","makePromptVersionAdapter","Sun Sep 20 16:02:05 UTC 2026","passed","Sun Sep 20 16:02:05 UTC 2026","","","",""
"","45","dismisses on Escape","Workflows — delete confirmation (hardened)","Sun Sep 20 16:00:16 UTC 2026","passed","Sun Sep 20 16:00:16 UTC 2026","","","",""
"","4","highlights the selected type","ArtifactTypeSelector","Sun Sep 20 16:02:28 UTC 2026","passed","Sun Sep 20 16:02:28 UTC 2026","","","",""
"","53","handles invalid generation output and run-time tool failures","ToolTests panel","Sun Sep 20 16:02:15 UTC 2026","passed","Sun Sep 20 16:02:15 UTC 2026","","","",""
"","3","warns that building replaces a non-empty canvas","WorkflowPlanPanel","Sun Sep 20 16:02:40 UTC 2026","passed","Sun Sep 20 16:02:40 UTC 2026","","","",""
"","5","keeps the summary and surfaces every field message","describeApiError — structured validation failures","Sun Sep 20 16:01:19 UTC 2026","passed","Sun Sep 20 16:01:19 UTC 2026","","","",""
"","2","renders the current approval mode agent_review","ApprovalModeSelector","Sun Sep 20 16:01:38 UTC 2026","passed","Sun Sep 20 16:01:38 UTC 2026","","","",""
"","1","is empty for an empty log","mergedPrNumbers","Sun Sep 20 16:02:27 UTC 2026","passed","Sun Sep 20 16:02:27 UTC 2026","","","",""
"","75","renders node-type specific sections for orchestration, MCP resource, guardrail, router, approval, and note","NodeDetailPanel","Sun Sep 20 15:59:11 UTC 2026","passed","Sun Sep 20 15:59:11 UTC 2026","","","",""
"","5","surfaces model, prompt version, and token telemetry when present","StepPreview","Sun Sep 20 15:59:38 UTC 2026","passed","Sun Sep 20 15:59:38 UTC 2026","","","",""
"","138","still accepts the same edit path on a draft version","WorkflowEditor handler branches","Sun Sep 20 15:58:54 UTC 2026","passed","Sun Sep 20 15:58:54 UTC 2026","","","",""
"","133","pins run replay and debugger to the selected run's workflow version","WorkflowDetail calibration","Sun Sep 20 15:58:50 UTC 2026","passed","Sun Sep 20 15:58:50 UTC 2026","","","",""
"","185","shows retry lineage for a selected run and lets operators navigate attempts","WorkflowDetail calibration","Sun Sep 20 15:58:51 UTC 2026","passed","Sun Sep 20 15:58:51 UTC 2026","","","",""
"","38","updates workflow-level session memory settings","Inspector","Sun Sep 20 15:59:10 UTC 2026","passed","Sun Sep 20 15:59:10 UTC 2026","","","",""
"","3","renders a distinct index for a second step instance","CalibrationStep","Sun Sep 20 16:03:19 UTC 2026","passed","Sun Sep 20 16:03:19 UTC 2026","","","",""
"","0","describeApiError survives an object with a hostile getter","resilience — this code runs inside catch blocks","Sun Sep 20 16:01:19 UTC 2026","passed","Sun Sep 20 16:01:19 UTC 2026","","","",""
"","90","routes a validation problem into the selected inspector field","WorkflowEditor handler branches","Sun Sep 20 15:58:58 UTC 2026","passed","Sun Sep 20 15:58:58 UTC 2026","","","",""
"","28","shows an unfiltered empty state, then a filtered one once a filter is active","AuditLog","Sun Sep 20 16:01:29 UTC 2026","passed","Sun Sep 20 16:01:29 UTC 2026","","","",""
"","219","switches stage tabs and renders each stage with no prompt/agent picker","Prompts — Workspace","Sun Sep 20 15:59:36 UTC 2026","passed","Sun Sep 20 15:59:36 UTC 2026","","","",""
"","46","offers only compatible completed baselines and discloses changed variables","EvaluationDetail page","Sun Sep 20 16:01:01 UTC 2026","passed","Sun Sep 20 16:01:01 UTC 2026","","","",""
"","31","writes the value to the clipboard and flashes confirmation","CopyButton","Sun Sep 20 16:03:02 UTC 2026","passed","Sun Sep 20 16:03:02 UTC 2026","","","",""
"","256","renders checklist and summary","SkillWizard","Sun Sep 20 16:00:38 UTC 2026","passed","Sun Sep 20 16:00:39 UTC 2026","","Step 5: Review & Create","",""
"","138","adds, edits, and removes a project member, surfacing errors from each action","Administration","Sun Sep 20 16:00:19 UTC 2026","passed","Sun Sep 20 16:00:19 UTC 2026","","","",""
"","22","shows fresh compile outputs, requirements, and refetches the persisted version","WorkflowVersionDetail page","Sun Sep 20 15:58:52 UTC 2026","passed","Sun Sep 20 15:58:52 UTC 2026","","","",""
"","21","shows load and action errors","Skills page","Sun Sep 20 16:00:23 UTC 2026","passed","Sun Sep 20 16:00:23 UTC 2026","","","",""
"","93","renders a wired Duplicate button that fires onDuplicate","CaliberNode","Sun Sep 20 15:59:09 UTC 2026","passed","Sun Sep 20 15:59:09 UTC 2026","","","",""
"","39","closes the add-rate form on Cancel without submitting","GatewayPricingTab","Sun Sep 20 16:02:25 UTC 2026","passed","Sun Sep 20 16:02:25 UTC 2026","","","",""
"","8","shows a singular compatibility warning for one incompatible mapping","ConnectMapPopover","Sun Sep 20 16:01:23 UTC 2026","passed","Sun Sep 20 16:01:23 UTC 2026","","","",""
"","72","deletes a knowledge base from the library card after confirming","Knowledge Bases delete","Sun Sep 20 15:59:22 UTC 2026","passed","Sun Sep 20 15:59:22 UTC 2026","","","",""
"","63","shows error and retry UI when dashboard data fails to load","Dashboard","Sun Sep 20 16:01:06 UTC 2026","passed","Sun Sep 20 16:01:06 UTC 2026","","","",""
"","5","falls back to generic guidance with both a selected step and checkpoint evidence","empty event timeline with checkpoint evidence for remaining status buckets","Sun Sep 20 16:00:11 UTC 2026","passed","Sun Sep 20 16:00:11 UTC 2026","","","",""
"","10","builds the MLflow gateway entry link by default","externalLinks","Sun Sep 20 16:03:30 UTC 2026","passed","Sun Sep 20 16:03:30 UTC 2026","","","",""
"","139","shows persisted resume checkpoints for a selected run","WorkflowDetail calibration","Sun Sep 20 15:58:50 UTC 2026","passed","Sun Sep 20 15:58:50 UTC 2026","","","",""
"","30","shows no readiness panel when every check passes","Cookbooks","Sun Sep 20 16:01:36 UTC 2026","passed","Sun Sep 20 16:01:36 UTC 2026","","readiness checks","",""
"","0","blank has only start + output","templateManifest","Sun Sep 20 15:59:50 UTC 2026","passed","Sun Sep 20 15:59:50 UTC 2026","","","",""
"","14","surfaces a preview error","WorkflowCopilot","Sun Sep 20 16:02:16 UTC 2026","passed","Sun Sep 20 16:02:17 UTC 2026","","","",""
"","181","clones a deployed prompt into a new variant via Start from existing","Prompts","Sun Sep 20 15:59:25 UTC 2026","passed","Sun Sep 20 15:59:26 UTC 2026","","","",""
"","0","returns null for a non-knowledge_query step","extractKnowledgeQueryDiagnostics","Sun Sep 20 15:59:38 UTC 2026","passed","Sun Sep 20 15:59:38 UTC 2026","","","",""
"","119","disables workflow-wide event matching for legacy wait_event checkpoints in the monitor","WorkflowEditor handler branches","Sun Sep 20 15:59:01 UTC 2026","passed","Sun Sep 20 15:59:01 UTC 2026","","","",""
"","34","hides the card delete affordance for non-admins","Prompts — search","Sun Sep 20 15:59:36 UTC 2026","passed","Sun Sep 20 15:59:36 UTC 2026","","","",""
"","33","validates tool run input before calling the backend","ToolDetail page","Sun Sep 20 15:58:52 UTC 2026","passed","Sun Sep 20 15:58:52 UTC 2026","","","",""
"","37","persists the list choice across a fresh mount","Prompts view toggle","Sun Sep 20 16:02:50 UTC 2026","passed","Sun Sep 20 16:02:50 UTC 2026","","","",""
"","68","refetches when the active workspace changes","useApi + workspace changes","Sun Sep 20 16:03:24 UTC 2026","passed","Sun Sep 20 16:03:24 UTC 2026","","","",""
"","109","lists agents and binds the prompt to a selected agent","Prompts — Workspace Bind stage","Sun Sep 20 15:59:35 UTC 2026","passed","Sun Sep 20 15:59:35 UTC 2026","","","",""
"","0","defaults an unclassified MCP tool to approval-required, never to read","agent tool bindings","Sun Sep 20 15:59:50 UTC 2026","passed","Sun Sep 20 15:59:50 UTC 2026","","","",""
"","12","captures agent structured output schema and auto-adds a structured port","Inspector","Sun Sep 20 15:59:10 UTC 2026","passed","Sun Sep 20 15:59:10 UTC 2026","","","",""
"","134","shows a registration error and lets the user go back or cancel","ToolWizard","Sun Sep 20 16:01:32 UTC 2026","passed","Sun Sep 20 16:01:32 UTC 2026","","","",""
"","53","closes the settings modal","CaliberAssistantPanel — misc interactions","Sun Sep 20 15:59:44 UTC 2026","passed","Sun Sep 20 15:59:44 UTC 2026","","","",""
"","0","returns null for a non-join step","extractJoinDiagnostics","Sun Sep 20 15:59:38 UTC 2026","passed","Sun Sep 20 15:59:38 UTC 2026","","","",""
"","53","updates guardrail controls","Inspector","Sun Sep 20 15:59:11 UTC 2026","passed","Sun Sep 20 15:59:11 UTC 2026","","","",""
"","155","shows workflow session memory for a run and lets operators clear it","WorkflowDetail calibration","Sun Sep 20 15:58:49 UTC 2026","passed","Sun Sep 20 15:58:49 UTC 2026","","","",""
"","76","navigates to workflow detail from the card name button","Workflows page","Sun Sep 20 15:58:32 UTC 2026","passed","Sun Sep 20 15:58:32 UTC 2026","","","",""
"","91","round-trips write-only leaves only when changing the token reference","McpServers","Sun Sep 20 15:59:54 UTC 2026","passed","Sun Sep 20 15:59:54 UTC 2026","","","",""
"","5","surfaces active checkpoint node drift in the recovery warning","workflow run panels","Sun Sep 20 16:00:12 UTC 2026","passed","Sun Sep 20 16:00:12 UTC 2026","","","",""
"","5","clears its pending revert timer on unmount rather than leaking it","CopyButton","Sun Sep 20 16:03:03 UTC 2026","passed","Sun Sep 20 16:03:03 UTC 2026","","","",""
"","11","surfaces a load error when fetching source versions fails","WorkflowImportDialog (clone mode)","Sun Sep 20 16:00:21 UTC 2026","passed","Sun Sep 20 16:00:21 UTC 2026","","","",""
"","37","renders nothing but the bar shell when no slots are given","FilterBar","Sun Sep 20 16:03:33 UTC 2026","passed","Sun Sep 20 16:03:33 UTC 2026","","","",""
"","18","pre-fills string/number/boolean/JSON inputs from current_inputs by schema type","PlanInteractionPrompt — input kind","Sun Sep 20 16:00:47 UTC 2026","passed","Sun Sep 20 16:00:47 UTC 2026","","","",""
"","1","does not treat a bare prefix as a mutation","countMutatingCalls","Sun Sep 20 16:02:10 UTC 2026","passed","Sun Sep 20 16:02:10 UTC 2026","","","",""
"","91","never shows an agent picker anywhere in skill testing","SkillWorkspace","Sun Sep 20 16:01:13 UTC 2026","passed","Sun Sep 20 16:01:13 UTC 2026","","","",""
"","61","confirms a delete and removes the card","Workflows — delete confirmation (hardened)","Sun Sep 20 16:00:16 UTC 2026","passed","Sun Sep 20 16:00:16 UTC 2026","","","",""
"","4","hides the gate-evidence callout when no metric is present","PlanInteractionPrompt — confirm kind","Sun Sep 20 16:00:47 UTC 2026","passed","Sun Sep 20 16:00:47 UTC 2026","","","",""
"","146","renames a workflow inline from the card","Workflows page","Sun Sep 20 15:58:31 UTC 2026","passed","Sun Sep 20 15:58:31 UTC 2026","","","",""
"","61","surfaces the server error message when a judge test-run fails","Judges","Sun Sep 20 16:00:27 UTC 2026","passed","Sun Sep 20 16:00:27 UTC 2026","","","",""
"","5","does not offer Duplicate on the unique start/output nodes","CaliberNode","Sun Sep 20 15:59:09 UTC 2026","passed","Sun Sep 20 15:59:09 UTC 2026","","","",""
"","150","deletes a guardrail after confirmation and leaves it in place when cancelled","GatewayGuardrailsTab","Sun Sep 20 16:00:50 UTC 2026","passed","Sun Sep 20 16:00:50 UTC 2026","","","",""
"","75","archives and restores a skill from the detail toolbar","SkillDetail","Sun Sep 20 16:00:33 UTC 2026","passed","Sun Sep 20 16:00:33 UTC 2026","","","",""
"","5","turns empty approval history into completed-run guidance when approval rows never persisted","workflow run panels","Sun Sep 20 16:00:12 UTC 2026","passed","Sun Sep 20 16:00:12 UTC 2026","","","",""
"","11","renders every headline measure","toMarkdown","Sun Sep 20 16:02:10 UTC 2026","passed","Sun Sep 20 16:02:10 UTC 2026","","","",""
"","46","keeps admin-only lifecycle mutations out of the viewer UI","Agents lifecycle UI","Sun Sep 20 16:01:03 UTC 2026","passed","Sun Sep 20 16:01:03 UTC 2026","","","",""
"","1","returns null when calibration_spec is not a record","workflowCalibrationView","Sun Sep 20 16:00:59 UTC 2026","passed","Sun Sep 20 16:00:59 UTC 2026","","","",""
"","34","imports successfully and calls onImported, showing a Creating… submitting state","WorkflowImportDialog (import mode)","Sun Sep 20 16:00:21 UTC 2026","passed","Sun Sep 20 16:00:21 UTC 2026","","","",""
"","2","renders questions without options (free-text)","QuestionList","Sun Sep 20 16:02:28 UTC 2026","passed","Sun Sep 20 16:02:28 UTC 2026","","","",""
"","120","keeps the entered key when the save fails so it can be retried","Settings page","Sun Sep 20 16:01:21 UTC 2026","passed","Sun Sep 20 16:01:21 UTC 2026","","","",""
"","76","creates session and shows chat input when New Chat is clicked","CaliberAssistantPanel","Sun Sep 20 15:59:41 UTC 2026","passed","Sun Sep 20 15:59:41 UTC 2026","","","",""
"","146","Author stage edits a skill, saves, and surfaces save errors","Skills page","Sun Sep 20 16:00:24 UTC 2026","passed","Sun Sep 20 16:00:24 UTC 2026","","","",""
"","81","opens the Plan tab and applies a built workflow back onto the canvas","WorkflowEditor handler branches","Sun Sep 20 15:58:58 UTC 2026","passed","Sun Sep 20 15:58:58 UTC 2026","","","",""
"","0","apiErrorText survives null","resilience — this code runs inside catch blocks","Sun Sep 20 16:01:19 UTC 2026","passed","Sun Sep 20 16:01:19 UTC 2026","","","",""
"","0","apiErrorText survives an ApiError-shaped object with a null body","resilience — this code runs inside catch blocks","Sun Sep 20 16:01:19 UTC 2026","passed","Sun Sep 20 16:01:19 UTC 2026","","","",""
"","29","surfaces a sync error in the action banner","EvalDatasetDetail — sync, retire-error, and version filter","Sun Sep 20 16:00:45 UTC 2026","passed","Sun Sep 20 16:00:45 UTC 2026","","","",""
"","841","validates, creates, and cancels prompt creation","Prompts","Sun Sep 20 15:59:26 UTC 2026","passed","Sun Sep 20 15:59:27 UTC 2026","","","",""
"","76","shows an error when saving a tool draft's configuration fails","OpenApiIntegrations","Sun Sep 20 15:59:49 UTC 2026","passed","Sun Sep 20 15:59:49 UTC 2026","","","",""
"","4","shows the empty state when there are no versions","VersionPanel","Sun Sep 20 16:02:32 UTC 2026","passed","Sun Sep 20 16:02:32 UTC 2026","","","",""
"","0","adds needs-input state when questions are present for %p","processStepsFromMetadata","Sun Sep 20 16:02:41 UTC 2026","passed","Sun Sep 20 16:02:41 UTC 2026","","","",""
"","22","explains a below-gate confirm with the evidence and accept/reject","AriaPlanCard","Sun Sep 20 16:02:34 UTC 2026","passed","Sun Sep 20 16:02:34 UTC 2026","","","",""
"","4","reads id, status, and PR from each row","parseLedger","Sun Sep 20 16:02:27 UTC 2026","passed","Sun Sep 20 16:02:27 UTC 2026","","","",""
"","1","falls back to the slate default for unknown/null status","workflowRunStatusBorderClass / RingClass","Sun Sep 20 16:00:29 UTC 2026","passed","Sun Sep 20 16:00:29 UTC 2026","","","",""
"","130","will not promote while there are unsaved edits","Prompts","Sun Sep 20 15:59:33 UTC 2026","passed","Sun Sep 20 15:59:33 UTC 2026","","","",""
"","179","opens version history, compares templates, promotes a version, and closes the panel","Prompts","Sun Sep 20 15:59:31 UTC 2026","passed","Sun Sep 20 15:59:31 UTC 2026","","","",""
"","4","builds a typed placeholder object from a JSON schema","sampleInput","Sun Sep 20 16:03:11 UTC 2026","passed","Sun Sep 20 16:03:11 UTC 2026","","","",""
"","1","renders status validated with the right tone","DraftStatusBadge","Sun Sep 20 16:01:38 UTC 2026","passed","Sun Sep 20 16:01:38 UTC 2026","","","",""
"","0","multi_agent_handoff adds a specialist agent plus a conditional handoff","templateManifest","Sun Sep 20 15:59:50 UTC 2026","passed","Sun Sep 20 15:59:50 UTC 2026","","","",""
"","54","clears pinned versions when changing the selected knowledge base","Inspector","Sun Sep 20 15:59:11 UTC 2026","passed","Sun Sep 20 15:59:11 UTC 2026","","","",""
"","71","uses the lifecycle vocabulary — 'Hardening' is present and 'Calibration' is gone","ToolWorkspace","Sun Sep 20 16:02:04 UTC 2026","passed","Sun Sep 20 16:02:04 UTC 2026","","","",""
"","160","offers in-use models as datalist suggestions on the create form","Judges","Sun Sep 20 16:00:26 UTC 2026","passed","Sun Sep 20 16:00:26 UTC 2026","","","",""
"","92","selects all then deletes the selected knowledge bases","Knowledge Bases delete","Sun Sep 20 15:59:22 UTC 2026","passed","Sun Sep 20 15:59:23 UTC 2026","","","",""
"","21601","opens the wired sidebar routes without falling through to Not found","Sidebar Build routes","Sun Sep 20 16:01:39 UTC 2026","passed","Sun Sep 20 16:02:01 UTC 2026","","","",""
"","139","shows simulated providers and persists dismissal for the session","ProviderBanner","Sun Sep 20 16:02:17 UTC 2026","passed","Sun Sep 20 16:02:17 UTC 2026","","","",""
"","251","preflights an uploaded manifest before importing it as a new workflow","Workflows — clone and manifest import","Sun Sep 20 16:00:15 UTC 2026","passed","Sun Sep 20 16:00:16 UTC 2026","","","",""
"","2","renders the raw status label","StepStatusBadge","Sun Sep 20 16:00:46 UTC 2026","passed","Sun Sep 20 16:00:46 UTC 2026","","","",""
"","57","explains when deployment run capabilities fail to load","WorkflowEditor handler branches","Sun Sep 20 15:59:07 UTC 2026","passed","Sun Sep 20 15:59:07 UTC 2026","","","",""
"","79","dismisses the panel with its own Cancel button without posting","EvalDatasets create panel (lines 399-485)","Sun Sep 20 16:02:26 UTC 2026","passed","Sun Sep 20 16:02:27 UTC 2026","","","",""
"","78","requires a reason before confirming when requireReason is set","ConfirmDialog","Sun Sep 20 16:03:24 UTC 2026","passed","Sun Sep 20 16:03:24 UTC 2026","","","",""
"","13","defaults to grid when nothing is persisted","useViewMode","Sun Sep 20 16:03:28 UTC 2026","passed","Sun Sep 20 16:03:28 UTC 2026","","","",""
"","875","resolves every remaining lazy-loaded route to its own page, not a 404","App shell end-to-end journeys","Sun Sep 20 15:59:59 UTC 2026","passed","Sun Sep 20 16:00:00 UTC 2026","","","",""
"","2","renders validation report state {""valid"":true,""errors"":[],""warnings"":[""Consider adding a description""]}","ValidationPanel","Sun Sep 20 16:01:38 UTC 2026","passed","Sun Sep 20 16:01:38 UTC 2026","","","",""
"","42","disables validation until a manifest is entered, and enables it once typed","WorkflowImportDialog (import mode)","Sun Sep 20 16:00:21 UTC 2026","passed","Sun Sep 20 16:00:21 UTC 2026","","","",""
"","9","surfaces a load error","WorkflowRunTracePanel","Sun Sep 20 16:02:54 UTC 2026","passed","Sun Sep 20 16:02:54 UTC 2026","","","",""
"","4","marks all lines equal for identical text","diffLines","Sun Sep 20 16:03:18 UTC 2026","passed","Sun Sep 20 16:03:18 UTC 2026","","","",""
"","48","shows the available-source branch with the callable signature","ToolDetail","Sun Sep 20 16:01:25 UTC 2026","passed","Sun Sep 20 16:01:25 UTC 2026","","","",""
"","2","blocks Next when there are errors","PublishDrawer","Sun Sep 20 15:59:12 UTC 2026","passed","Sun Sep 20 15:59:12 UTC 2026","","","",""
"","60","scrolls the conversation into view when a new message arrives","CaliberAssistantPanel — misc interactions","Sun Sep 20 15:59:44 UTC 2026","passed","Sun Sep 20 15:59:44 UTC 2026","","","",""
"","38","rejects a short password before making a request","Administration","Sun Sep 20 16:00:18 UTC 2026","passed","Sun Sep 20 16:00:18 UTC 2026","","","",""
"","35","keeps existing lineage visible when an upload fails","RunFilePanel","Sun Sep 20 16:01:05 UTC 2026","passed","Sun Sep 20 16:01:05 UTC 2026","","","",""
"","60","preserves the login generation when bootstrap validates the same account","App shell end-to-end journeys","Sun Sep 20 15:59:57 UTC 2026","passed","Sun Sep 20 15:59:57 UTC 2026","","","",""
"","1","defaults lowConfidence to false and tolerates empty/absent collections","workflowCalibrationView","Sun Sep 20 16:00:59 UTC 2026","passed","Sun Sep 20 16:00:59 UTC 2026","","","",""
"","26","renders retry lineage and allows jumping to a related run","workflow run panels","Sun Sep 20 16:00:12 UTC 2026","passed","Sun Sep 20 16:00:12 UTC 2026","","","",""
"","12","edits workflow-level deploy gates","Inspector","Sun Sep 20 15:59:10 UTC 2026","passed","Sun Sep 20 15:59:10 UTC 2026","","","",""
"","138","hides approval actions in the monitor when the workflow run queue is disabled","WorkflowEditor handler branches","Sun Sep 20 15:58:59 UTC 2026","passed","Sun Sep 20 15:58:59 UTC 2026","","","",""
"","83","lists the gateway endpoints when reachable","Gateway page","Sun Sep 20 16:01:16 UTC 2026","passed","Sun Sep 20 16:01:16 UTC 2026","","","",""
"","75","registers the Playwright quick-connect template with browser tools","McpServers","Sun Sep 20 15:59:52 UTC 2026","passed","Sun Sep 20 15:59:52 UTC 2026","","","",""
"","0","suffixes a storage-detail message with a skipped-only notice","describeStepChange — storage diagnostics branches (via diagnostics override)","Sun Sep 20 15:59:38 UTC 2026","passed","Sun Sep 20 15:59:38 UTC 2026","","","",""
"","113","fires onChange with the chosen mode","ViewToggle","Sun Sep 20 16:03:34 UTC 2026","passed","Sun Sep 20 16:03:34 UTC 2026","","","",""
"","4","counts every registration, separating wildcards","parseRoutes","Sun Sep 20 16:02:10 UTC 2026","passed","Sun Sep 20 16:02:10 UTC 2026","","","",""
"","118","disables paused event resume in the monitor when the stored checkpoint is missing","WorkflowEditor handler branches","Sun Sep 20 15:58:59 UTC 2026","passed","Sun Sep 20 15:58:59 UTC 2026","","","",""
"","3","renders an error child workflow with a failure message","StepPreview — additional prop-driven render branches","Sun Sep 20 15:59:38 UTC 2026","passed","Sun Sep 20 15:59:38 UTC 2026","","","",""
"","107","Bind: selecting Agent + binding calls bindSkill and header reflects Bound","SkillWorkspace","Sun Sep 20 16:01:14 UTC 2026","passed","Sun Sep 20 16:01:14 UTC 2026","","","",""
"","6","surfaces durable artifact persistence details in recovery diagnostics","workflow run panels","Sun Sep 20 16:00:12 UTC 2026","passed","Sun Sep 20 16:00:12 UTC 2026","","","",""
"","0","returns null (falls through to status) when neither count nor location exist","describeStepChange — storage diagnostics branches (via diagnostics override)","Sun Sep 20 15:59:38 UTC 2026","passed","Sun Sep 20 15:59:38 UTC 2026","","","",""
"","2","turns missing step telemetry into in-flight guidance for active runs","WorkflowRunDebugger","Sun Sep 20 15:59:39 UTC 2026","passed","Sun Sep 20 15:59:39 UTC 2026","","","",""
"","1","is lossless — equal+delete lines rejoin to the left, equal+insert to the right","diffLines","Sun Sep 20 16:03:18 UTC 2026","passed","Sun Sep 20 16:03:18 UTC 2026","","","",""
"","54","keeps the status FilterTabs working alongside search","EvalDatasets","Sun Sep 20 16:02:06 UTC 2026","passed","Sun Sep 20 16:02:06 UTC 2026","","","",""
"","0","describeApiError survives an ApiError-shaped object with a non-array errors field","resilience — this code runs inside catch blocks","Sun Sep 20 16:01:19 UTC 2026","passed","Sun Sep 20 16:01:19 UTC 2026","","","",""
"","4","refreshes CSRF token and retries write requests after a CSRF-shaped 403","caliberApi","Sun Sep 20 16:00:20 UTC 2026","passed","Sun Sep 20 16:00:20 UTC 2026","","","",""
"","22","shows error when API fails","Prompts","Sun Sep 20 15:59:25 UTC 2026","passed","Sun Sep 20 15:59:25 UTC 2026","","","",""
"","126","persists a durable sandbox run after invoking the tool","Tool Workspace — Sandbox stage","Sun Sep 20 16:00:42 UTC 2026","passed","Sun Sep 20 16:00:42 UTC 2026","","","",""
"","79","switches the client snippet between curl, Python, and JavaScript","WorkflowDetail Service tab","Sun Sep 20 16:00:58 UTC 2026","passed","Sun Sep 20 16:00:58 UTC 2026","","","",""
"","5","shows a fallback message when there are no setup rules (including an undefined setup_checks)","WorkflowComponentSchemaSummary","Sun Sep 20 16:01:09 UTC 2026","passed","Sun Sep 20 16:01:09 UTC 2026","","","",""
"","24","switches the selected item when a different row is clicked","PromptDiagnosisTab","Sun Sep 20 16:01:30 UTC 2026","passed","Sun Sep 20 16:01:30 UTC 2026","","","",""
"","30","shows the skills-check error message when the skills lookup fails","AgentDetail","Sun Sep 20 16:00:56 UTC 2026","passed","Sun Sep 20 16:00:56 UTC 2026","","","",""
"","108","shows the API error message when the agent fails to load","AgentDetail","Sun Sep 20 16:00:54 UTC 2026","passed","Sun Sep 20 16:00:55 UTC 2026","","","",""
"","131","uses lifecycle-aware stream messaging when a monitored run receives runtime approval","WorkflowEditor handler branches","Sun Sep 20 15:59:06 UTC 2026","passed","Sun Sep 20 15:59:06 UTC 2026","","","",""
"","177","uses lifecycle-aware stream messaging when a monitored run is retried and follows the new attempt","WorkflowEditor handler branches","Sun Sep 20 15:59:06 UTC 2026","passed","Sun Sep 20 15:59:07 UTC 2026","","","",""
"","26","labels the earliest step with generic copy for an unrecognized status","step transition guidance for the earliest step","Sun Sep 20 16:00:10 UTC 2026","passed","Sun Sep 20 16:00:10 UTC 2026","","","",""
"","3","shows placeholder when report is null","ValidationPanel","Sun Sep 20 16:02:28 UTC 2026","passed","Sun Sep 20 16:02:28 UTC 2026","","","",""
"","0","returns diagnostics for input_bucket even without a bucket name when entries exist","extractStorageNodeDiagnostics","Sun Sep 20 15:59:38 UTC 2026","passed","Sun Sep 20 15:59:38 UTC 2026","","","",""
"","73","extracts Excel workbooks to a table","Object Store file manager","Sun Sep 20 16:00:07 UTC 2026","passed","Sun Sep 20 16:00:07 UTC 2026","","","",""
"","58","does not clear admin when resetting the distinct @admin account","Administration","Sun Sep 20 16:00:18 UTC 2026","passed","Sun Sep 20 16:00:18 UTC 2026","","","",""
"","271","lists guardrails + coverage and attaches an available guardrail","Gateway → Guardrails tab","Sun Sep 20 16:01:16 UTC 2026","passed","Sun Sep 20 16:01:16 UTC 2026","","","",""
"","78","announces itself, since the user has already moved focus by submitting","ApiErrorMessage","Sun Sep 20 16:02:52 UTC 2026","passed","Sun Sep 20 16:02:52 UTC 2026","","","",""
"","78","filters agents by name, id, experiment, and owner, and clears via the × button","Agents list page","Sun Sep 20 16:01:03 UTC 2026","passed","Sun Sep 20 16:01:03 UTC 2026","","","",""
"","76","shows which fields a rejected create actually failed on","EvalDatasets","Sun Sep 20 16:02:07 UTC 2026","passed","Sun Sep 20 16:02:07 UTC 2026","","","",""
"","86","deploys a published version to an alias from the deployments tab","WorkflowDetail calibration","Sun Sep 20 15:58:37 UTC 2026","passed","Sun Sep 20 15:58:37 UTC 2026","","","",""
"","14","shows the not-configured hint when no gateway is set","Gateway page","Sun Sep 20 16:01:16 UTC 2026","passed","Sun Sep 20 16:01:16 UTC 2026","","","",""
"","114","shows the 'Step N of 5' progress text in the footer","SkillWizard","Sun Sep 20 16:00:36 UTC 2026","passed","Sun Sep 20 16:00:36 UTC 2026","","Step navigation","",""
"","1","renders status published with the right tone","DraftStatusBadge","Sun Sep 20 16:01:38 UTC 2026","passed","Sun Sep 20 16:01:38 UTC 2026","","","",""
"","134","sets a run as baseline and shows metric deltas + a regression vs. the baseline","Knowledge Bases page","Sun Sep 20 15:59:21 UTC 2026","passed","Sun Sep 20 15:59:21 UTC 2026","","","",""
"","32","verifies a pending item and refreshes, replacing the Verify/Dismiss actions","PromptDiagnosisTab","Sun Sep 20 16:01:30 UTC 2026","passed","Sun Sep 20 16:01:30 UTC 2026","","","",""
"","1","omits whole-object errors that name no field","invalidFieldPaths","Sun Sep 20 16:01:19 UTC 2026","passed","Sun Sep 20 16:01:19 UTC 2026","","","",""
"","24","renders a revision-history entry as an expandable audit record","AgentDetail","Sun Sep 20 16:00:56 UTC 2026","passed","Sun Sep 20 16:00:56 UTC 2026","","","",""
"","2","keeps separate state per key","useViewMode","Sun Sep 20 16:03:28 UTC 2026","passed","Sun Sep 20 16:03:28 UTC 2026","","","",""
"","88","surfaces workflow calibration activity and delivery-lane summaries","Dashboard","Sun Sep 20 16:01:06 UTC 2026","passed","Sun Sep 20 16:01:06 UTC 2026","","","",""
"","1","survives an ApiError whose body never parsed","describeApiError — everything that is not a schema failure","Sun Sep 20 16:01:19 UTC 2026","passed","Sun Sep 20 16:01:19 UTC 2026","","","",""
"","3","hydrates persisted width not-a-number -> 380","AssistantPanelContext","Sun Sep 20 16:02:35 UTC 2026","passed","Sun Sep 20 16:02:35 UTC 2026","","","",""
"","238","lists rates and creates a new one","Gateway → Pricing tab","Sun Sep 20 16:01:16 UTC 2026","passed","Sun Sep 20 16:01:17 UTC 2026","","","",""
"","1","marks the highest version live + rollbackable; older versions are not promotable","makeSkillVersionAdapter","Sun Sep 20 16:02:05 UTC 2026","passed","Sun Sep 20 16:02:05 UTC 2026","","","",""
"","4","creates registered tool bindings","ensureAgentToolBindings","Sun Sep 20 16:02:55 UTC 2026","passed","Sun Sep 20 16:02:55 UTC 2026","","","",""
"","3","does not retry a rejected auth operation when the Web Lock callback fails","local auth cookie-operation coordination","Sun Sep 20 16:02:30 UTC 2026","passed","Sun Sep 20 16:02:30 UTC 2026","","","",""
"","1","renders status mystery_status with the right tone","DraftStatusBadge","Sun Sep 20 16:01:38 UTC 2026","passed","Sun Sep 20 16:01:38 UTC 2026","","","",""
"","54","clearly labels an explicitly public legacy service","WorkflowDetail Service tab","Sun Sep 20 16:00:58 UTC 2026","passed","Sun Sep 20 16:00:58 UTC 2026","","","",""
"","129","creates a multi-agent handoff workflow starter","Workflows — template create flow","Sun Sep 20 16:00:15 UTC 2026","passed","Sun Sep 20 16:00:15 UTC 2026","","","",""
"","4","clears a number param to empty string when blanked","GuardrailChecksEditor","Sun Sep 20 16:02:42 UTC 2026","passed","Sun Sep 20 16:02:42 UTC 2026","","","",""
"","26","summarises the remainder rather than overflowing the card","Cookbooks","Sun Sep 20 16:01:36 UTC 2026","passed","Sun Sep 20 16:01:36 UTC 2026","","readiness checks","",""
"","192","creates a workflow from a template and navigates to the editor","Workflows page","Sun Sep 20 15:58:31 UTC 2026","passed","Sun Sep 20 15:58:31 UTC 2026","","","",""
"","113","turns saved-version fallback into active-gate guidance when the run is still waiting","WorkflowDetail calibration","Sun Sep 20 15:58:50 UTC 2026","passed","Sun Sep 20 15:58:50 UTC 2026","","","",""
"","76","filters by experiment","Observability page","Sun Sep 20 16:01:11 UTC 2026","passed","Sun Sep 20 16:01:11 UTC 2026","","","",""
"","9","disables when disabled prop is set","Button","Sun Sep 20 16:03:04 UTC 2026","passed","Sun Sep 20 16:03:04 UTC 2026","","","",""
"","27","keeps cached tool content visible when a background refresh fails","ToolDetail page","Sun Sep 20 15:58:52 UTC 2026","passed","Sun Sep 20 15:58:52 UTC 2026","","","",""
"","73","cancels an inline delete confirmation and surfaces a delete failure","McpServers","Sun Sep 20 15:59:54 UTC 2026","passed","Sun Sep 20 15:59:54 UTC 2026","","","",""
"","106","enables the Allure link when URL is entered as host:port","Settings page","Sun Sep 20 16:01:22 UTC 2026","passed","Sun Sep 20 16:01:22 UTC 2026","","","",""
"","205","edits and disables an agent while retaining the configuration","Agents lifecycle UI","Sun Sep 20 16:01:02 UTC 2026","passed","Sun Sep 20 16:01:03 UTC 2026","","","",""
"","2","rejects a stale successful response after the auth boundary changes","caliberApi","Sun Sep 20 16:00:20 UTC 2026","passed","Sun Sep 20 16:00:20 UTC 2026","","","",""
"","127","falls back to directly loading a historical workflow version when the run manifest is unavailable","WorkflowDetail calibration","Sun Sep 20 15:58:50 UTC 2026","passed","Sun Sep 20 15:58:50 UTC 2026","","","",""
"","69","revokes a secret and surfaces an error when revocation is rejected","Administration","Sun Sep 20 16:00:18 UTC 2026","passed","Sun Sep 20 16:00:19 UTC 2026","","","",""
"","0","falls back to count label alone when there is no location","describeStepChange — storage diagnostics branches (via diagnostics override)","Sun Sep 20 15:59:38 UTC 2026","passed","Sun Sep 20 15:59:38 UTC 2026","","","",""
"","221","auto-lowercases input and enables Next for valid kebab","SkillWizard","Sun Sep 20 16:00:35 UTC 2026","passed","Sun Sep 20 16:00:35 UTC 2026","","Step navigation","",""
"","55","rejects invalid JSON in the editor without posting","EvalDatasetDetail","Sun Sep 20 16:00:45 UTC 2026","passed","Sun Sep 20 16:00:45 UTC 2026","","","",""
"","0","describeApiError survives an ApiError-shaped object with a null body","resilience — this code runs inside catch blocks","Sun Sep 20 16:01:19 UTC 2026","passed","Sun Sep 20 16:01:19 UTC 2026","","","",""
"","55","disables detail-page run submission when the workflow run queue is disabled","WorkflowDetail calibration","Sun Sep 20 15:58:44 UTC 2026","passed","Sun Sep 20 15:58:44 UTC 2026","","","",""
"","237","Bind stage binds to a workflow node and to standalone, showing the current binding","Skills page","Sun Sep 20 16:00:25 UTC 2026","passed","Sun Sep 20 16:00:25 UTC 2026","","","",""
"","28","explains a missing input snapshot for a completed run","missing port snapshots","Sun Sep 20 16:00:10 UTC 2026","passed","Sun Sep 20 16:00:10 UTC 2026","","","",""
"","916","supports starting from the custom prompt template","Prompts","Sun Sep 20 15:59:27 UTC 2026","passed","Sun Sep 20 15:59:28 UTC 2026","","","",""
"","32","parses a valid integer value and submits it as a number","PlanInteractionPrompt — input kind","Sun Sep 20 16:00:47 UTC 2026","passed","Sun Sep 20 16:00:47 UTC 2026","","","",""
"","0","detects unchanged lines","computeDiff","Sun Sep 20 16:02:59 UTC 2026","passed","Sun Sep 20 16:02:59 UTC 2026","","","",""
"","2","renders artifact changes, preferring ref over kind","GraphDiff","Sun Sep 20 16:02:51 UTC 2026","passed","Sun Sep 20 16:02:51 UTC 2026","","","",""
"","24","shows New Chat button in header","CaliberAssistantPanel","Sun Sep 20 15:59:42 UTC 2026","passed","Sun Sep 20 15:59:42 UTC 2026","","","",""
"","121","explains how to enable shared memory when the selected run has no session id","WorkflowEditor handler branches","Sun Sep 20 15:59:04 UTC 2026","passed","Sun Sep 20 15:59:05 UTC 2026","","","",""
"","1","labels an approver Approver rather than collapsing them to Viewer","accessLevel","Sun Sep 20 16:02:41 UTC 2026","passed","Sun Sep 20 16:02:41 UTC 2026","","","",""
"","1","does not color keywords that appear inside a string","highlightTokens — Python classification","Sun Sep 20 16:03:16 UTC 2026","passed","Sun Sep 20 16:03:16 UTC 2026","","","",""
"","1","detects mixed changes","computeDiff","Sun Sep 20 16:02:59 UTC 2026","passed","Sun Sep 20 16:02:59 UTC 2026","","","",""
"","132","shows the created column and opens a preview modal from the row action","Object Store file manager","Sun Sep 20 16:00:07 UTC 2026","passed","Sun Sep 20 16:00:07 UTC 2026","","","",""
"","129","keeps promptless placeholders in the backlog (not openable as a workspace)","Prompts","Sun Sep 20 15:59:25 UTC 2026","passed","Sun Sep 20 15:59:25 UTC 2026","","","",""
"","0","appends the resume event name","workflowRunLifecycleSummary","Sun Sep 20 16:00:29 UTC 2026","passed","Sun Sep 20 16:00:29 UTC 2026","","","",""
"","184","falls back to checkpoint wait_until state when the run version is unavailable","WorkflowDetail calibration","Sun Sep 20 15:58:41 UTC 2026","passed","Sun Sep 20 15:58:41 UTC 2026","","","",""
"","5","omits the docs block entirely when docs is empty","WorkflowComponentSchemaSummary","Sun Sep 20 16:01:09 UTC 2026","passed","Sun Sep 20 16:01:09 UTC 2026","","","",""
"","0","returns null for a non-error_boundary step","extractErrorBoundaryDiagnostics","Sun Sep 20 15:59:38 UTC 2026","passed","Sun Sep 20 15:59:38 UTC 2026","","","",""
"","16","applies edited JSON back to the manifest and closes","NodeCodeModal","Sun Sep 20 16:03:14 UTC 2026","passed","Sun Sep 20 16:03:14 UTC 2026","","","",""
"","1","falls back to the raw status","describeStepChange","Sun Sep 20 15:59:38 UTC 2026","passed","Sun Sep 20 15:59:38 UTC 2026","","","",""
"","1","throws when normalizeUploadedExample receives invalid rows","Prompts utility helpers","Sun Sep 20 16:02:53 UTC 2026","passed","Sun Sep 20 16:02:53 UTC 2026","","","",""
"","1","renders nothing when there are no questions","QuestionList","Sun Sep 20 16:01:38 UTC 2026","passed","Sun Sep 20 16:01:38 UTC 2026","","","",""
"","174","publishes from the drawer after validating","WorkflowEditor page","Sun Sep 20 15:58:35 UTC 2026","passed","Sun Sep 20 15:58:35 UTC 2026","","","",""
"","0","prefers port-level tool_calls over step-level tool_calls","extractToolNodeDiagnostics","Sun Sep 20 15:59:38 UTC 2026","passed","Sun Sep 20 15:59:38 UTC 2026","","","",""
"","0","makeEdgeId avoids collisions","connect/map helpers","Sun Sep 20 15:59:50 UTC 2026","passed","Sun Sep 20 15:59:50 UTC 2026","","","",""
"","124","turns inherited source-checkpoint lookup failures into stopped-run guidance in workflow detail","WorkflowDetail calibration","Sun Sep 20 15:58:49 UTC 2026","passed","Sun Sep 20 15:58:50 UTC 2026","","","",""
"","383","saves assistant runtime settings and stores the default skill mode locally","Settings page","Sun Sep 20 16:01:21 UTC 2026","passed","Sun Sep 20 16:01:21 UTC 2026","","","",""
"","0","knowledgeBuildWaitStatusLabel covers requested/completed/timeout/not_requested/unknown/null","pure label/formatting helpers","Sun Sep 20 15:59:38 UTC 2026","passed","Sun Sep 20 15:59:38 UTC 2026","","","",""
"","344","builds a plan from a typed goal, reuses the session for a follow-up, and updates autonomy","CaliberAssistantPanel — plan mode","Sun Sep 20 15:59:43 UTC 2026","passed","Sun Sep 20 15:59:43 UTC 2026","","","",""
"","0","fills a legacy policy's missing side_effect_level with the server's default","agent tool bindings","Sun Sep 20 15:59:50 UTC 2026","passed","Sun Sep 20 15:59:50 UTC 2026","","","",""
"","0","portSpecAssignable mirrors the runtime compatibility rules","connect/map helpers","Sun Sep 20 15:59:50 UTC 2026","passed","Sun Sep 20 15:59:50 UTC 2026","","","",""
"","1","uses the caller's fallback only for non-Error throws","apiErrorText","Sun Sep 20 16:01:19 UTC 2026","passed","Sun Sep 20 16:01:19 UTC 2026","","","",""
"","6","renders the right access level for %p","AccessBadge","Sun Sep 20 16:02:45 UTC 2026","passed","Sun Sep 20 16:02:45 UTC 2026","","","",""
"","1","builds file and folder input nodes","WorkflowEditor newNode","Sun Sep 20 16:02:46 UTC 2026","passed","Sun Sep 20 16:02:46 UTC 2026","","","",""
"","71","renders markdown files as formatted content","Object Store file manager","Sun Sep 20 16:00:07 UTC 2026","passed","Sun Sep 20 16:00:07 UTC 2026","","","",""
"","24","shows the load error","ToolRegistry list","Sun Sep 20 16:00:42 UTC 2026","passed","Sun Sep 20 16:00:42 UTC 2026","","","",""
"","102","calls onChange when a type is clicked","ArtifactTypeSelector","Sun Sep 20 16:02:28 UTC 2026","passed","Sun Sep 20 16:02:28 UTC 2026","","","",""
"","4","shows upstream node output(s) as the step input","StepPreview","Sun Sep 20 15:59:38 UTC 2026","passed","Sun Sep 20 15:59:38 UTC 2026","","","",""
"","85","toggles the chat history drawer","CaliberAssistantPanel — modes & settings","Sun Sep 20 16:01:35 UTC 2026","passed","Sun Sep 20 16:01:35 UTC 2026","","","",""
"","0","returns null for a non-knowledge_build step","extractKnowledgeBuildDiagnostics","Sun Sep 20 15:59:38 UTC 2026","passed","Sun Sep 20 15:59:38 UTC 2026","","","",""
"","181","updates MCP tool policy from the playground","McpServers","Sun Sep 20 15:59:53 UTC 2026","passed","Sun Sep 20 15:59:53 UTC 2026","","","",""
"","1","workflowRunStatusVerbPhrase covers every known case and the default","workflowRunStatusLabel / Phrase / VerbPhrase / Message","Sun Sep 20 16:00:29 UTC 2026","passed","Sun Sep 20 16:00:29 UTC 2026","","","",""
"","35","shows a needs-attention banner, blocking errors, and unresolved/resolved dependency rows","WorkflowImportDialog (import mode)","Sun Sep 20 16:00:21 UTC 2026","passed","Sun Sep 20 16:00:21 UTC 2026","","","",""
"","1","returns an empty object for an empty or non-object schema","sampleInput","Sun Sep 20 16:03:11 UTC 2026","passed","Sun Sep 20 16:03:11 UTC 2026","","","",""
"","6","renders unanchored (centered, absolute) by default with no inline style","ConnectMapPopover","Sun Sep 20 16:01:23 UTC 2026","passed","Sun Sep 20 16:01:23 UTC 2026","","","",""
"","16","cancel fires onCancel","ConfirmDialog","Sun Sep 20 16:03:24 UTC 2026","passed","Sun Sep 20 16:03:24 UTC 2026","","","",""
"","93","filters by name, case-insensitively","Workflows — search","Sun Sep 20 16:00:14 UTC 2026","passed","Sun Sep 20 16:00:14 UTC 2026","","","",""
"","14","renders nothing when closed","ConfirmDialog","Sun Sep 20 16:03:23 UTC 2026","passed","Sun Sep 20 16:03:23 UTC 2026","","","",""
"","87","confirms, cancels, and finally executes a permanent delete","AgentDetail","Sun Sep 20 16:00:55 UTC 2026","passed","Sun Sep 20 16:00:55 UTC 2026","","","",""
"","75","tells the user to pick a knowledge base when there is no version target","Knowledge Bases page","Sun Sep 20 15:59:16 UTC 2026","passed","Sun Sep 20 15:59:16 UTC 2026","","","",""
"","11","mirrors the textarea scroll position onto the highlight layer","CodeEditorField — scroll sync","Sun Sep 20 16:03:20 UTC 2026","passed","Sun Sep 20 16:03:20 UTC 2026","","","",""
"","5","converts network failures into ApiError while preserving AbortError","caliberApi","Sun Sep 20 16:00:20 UTC 2026","passed","Sun Sep 20 16:00:20 UTC 2026","","","",""
"","1","is empty for a non-validation error","invalidFieldPaths","Sun Sep 20 16:01:19 UTC 2026","passed","Sun Sep 20 16:01:19 UTC 2026","","","",""
"","100","runs the tool with valid input, rejects invalid JSON, and shows run errors","ToolDetail","Sun Sep 20 16:01:25 UTC 2026","passed","Sun Sep 20 16:01:25 UTC 2026","","","",""
"","47","shows recent activity errors and retries activity fetchers","Dashboard","Sun Sep 20 16:01:06 UTC 2026","passed","Sun Sep 20 16:01:06 UTC 2026","","","",""
"","14","reverts unapplied edits","CodeView — manifest tab","Sun Sep 20 16:03:01 UTC 2026","passed","Sun Sep 20 16:03:01 UTC 2026","","","",""
"","31","shows the OpenAI package preview and download link","SkillDetail","Sun Sep 20 16:00:33 UTC 2026","passed","Sun Sep 20 16:00:34 UTC 2026","","","",""
"","136","renders per-status counts on the tiles","Workflows — summary tiles & status filters","Sun Sep 20 16:00:13 UTC 2026","passed","Sun Sep 20 16:00:13 UTC 2026","","","",""
"","17","previews the next cron fire times for a cron Start trigger","Inspector","Sun Sep 20 15:59:10 UTC 2026","passed","Sun Sep 20 15:59:10 UTC 2026","","","",""
"","183","renders header with title when open","CaliberAssistantPanel","Sun Sep 20 15:59:41 UTC 2026","passed","Sun Sep 20 15:59:41 UTC 2026","","","",""
"","5","turns an empty recovery timeline into completed-run guidance when stored recovery history is missing","workflow run panels","Sun Sep 20 16:00:12 UTC 2026","passed","Sun Sep 20 16:00:12 UTC 2026","","","",""
"","162","enables Next when content is provided","SkillWizard","Sun Sep 20 16:00:37 UTC 2026","passed","Sun Sep 20 16:00:37 UTC 2026","","Step 2: Content (Progressive Disclosure)","",""
"","5","shows field-level validation issues inline beside the affected control","Inspector","Sun Sep 20 15:59:10 UTC 2026","passed","Sun Sep 20 15:59:10 UTC 2026","","","",""
"","4","ignores a versions-load failure that resolves after the dialog has already unmounted","WorkflowImportDialog (clone mode)","Sun Sep 20 16:00:22 UTC 2026","passed","Sun Sep 20 16:00:22 UTC 2026","","","",""
"","23","hides archived sessions from the visible list and count","ChatHistory","Sun Sep 20 16:01:18 UTC 2026","passed","Sun Sep 20 16:01:18 UTC 2026","","","",""
"","274","keeps signoff and waiver state isolated per candidate","Releases","Sun Sep 20 16:00:30 UTC 2026","passed","Sun Sep 20 16:00:30 UTC 2026","","","",""
"","3","uses the prefixed names the server issues, never the bare ones","scope constants","Sun Sep 20 16:02:41 UTC 2026","passed","Sun Sep 20 16:02:41 UTC 2026","","","",""
"","39","re-fetches with include_superseded when 'Show retired' is toggled","EvalDatasetDetail","Sun Sep 20 16:00:45 UTC 2026","passed","Sun Sep 20 16:00:45 UTC 2026","","","",""
"","17","guides a completed run","empty event timeline without checkpoint evidence","Sun Sep 20 16:00:10 UTC 2026","passed","Sun Sep 20 16:00:10 UTC 2026","","","",""
"","0","returns null when nothing in the ports matches a knowledge shape","extractKnowledgeQueryDiagnostics","Sun Sep 20 15:59:38 UTC 2026","passed","Sun Sep 20 15:59:38 UTC 2026","","","",""
"","4","decorates node data with validation summaries","Canvas","Sun Sep 20 16:02:08 UTC 2026","passed","Sun Sep 20 16:02:08 UTC 2026","","","",""
"","3","tolerates a malformed manifest missing a declared output's port spec","ConnectMapPopover","Sun Sep 20 16:01:23 UTC 2026","passed","Sun Sep 20 16:01:23 UTC 2026","","","",""
"","1","workflowRunApprovalSubject covers all three branches","approval phrasing helpers","Sun Sep 20 16:00:29 UTC 2026","passed","Sun Sep 20 16:00:29 UTC 2026","","","",""
"","469","saves an OAuth client-credentials auth binding for a draft","OpenApiIntegrations","Sun Sep 20 15:59:47 UTC 2026","passed","Sun Sep 20 15:59:47 UTC 2026","","","",""
"","1","passes a 404 through as its own message with no invented structure","describeApiError — everything that is not a schema failure","Sun Sep 20 16:01:19 UTC 2026","passed","Sun Sep 20 16:01:19 UTC 2026","","","",""
"","98","ignores a stale successful bootstrap after a cross-tab login generation","App shell end-to-end journeys","Sun Sep 20 15:59:57 UTC 2026","passed","Sun Sep 20 15:59:57 UTC 2026","","","",""
"","65","falls back to 'Untitled' and the raw artifact_type when a draft lacks a title or a known type label","CaliberAssistantPanel — draft card fallbacks","Sun Sep 20 15:59:44 UTC 2026","passed","Sun Sep 20 15:59:44 UTC 2026","","","",""
"","97","hydrates the build tab from object-store launch params and stages AGE-native retrieval","Knowledge Bases page","Sun Sep 20 15:59:16 UTC 2026","passed","Sun Sep 20 15:59:16 UTC 2026","","","",""
"","15","renders a dash when an entry carries no details","AuditLog","Sun Sep 20 16:01:29 UTC 2026","passed","Sun Sep 20 16:01:29 UTC 2026","","","",""
"","33","shows an empty-state when there are no checks","GuardrailChecksEditor","Sun Sep 20 16:02:42 UTC 2026","passed","Sun Sep 20 16:02:42 UTC 2026","","","",""
"","6","renders a derived summary for workflow-native storage and KB nodes when detail is empty","StepPreview","Sun Sep 20 15:59:38 UTC 2026","passed","Sun Sep 20 15:59:38 UTC 2026","","","",""
"","0","guarded_pipeline inserts a guardrail","templateManifest","Sun Sep 20 15:59:50 UTC 2026","passed","Sun Sep 20 15:59:50 UTC 2026","","","",""
"","76","surfaces errors from add-member, change-role, and remove-member","Administration","Sun Sep 20 16:00:19 UTC 2026","passed","Sun Sep 20 16:00:19 UTC 2026","","","",""
"","1","reads scalar/string array helper values","Prompts utility helpers","Sun Sep 20 16:02:53 UTC 2026","passed","Sun Sep 20 16:02:53 UTC 2026","","","",""
"","3","blocks while identity is still loading, and says so","MutationGuard","Sun Sep 20 16:02:12 UTC 2026","passed","Sun Sep 20 16:02:12 UTC 2026","","","",""
"","3","turns an empty retry lineage into completed-run guidance when no retry chain was created","workflow run panels","Sun Sep 20 16:00:12 UTC 2026","passed","Sun Sep 20 16:00:12 UTC 2026","","","",""
"","10","clamps the anchored position to stay within the viewport on both edges","ConnectMapPopover","Sun Sep 20 16:01:23 UTC 2026","passed","Sun Sep 20 16:01:23 UTC 2026","","","",""
"","25","renders empty state when no agents exist","Prompts","Sun Sep 20 15:59:25 UTC 2026","passed","Sun Sep 20 15:59:25 UTC 2026","","","",""
"","0","does not treat a value string as a key","highlightTokens — JSON classification","Sun Sep 20 16:03:16 UTC 2026","passed","Sun Sep 20 16:03:16 UTC 2026","","","",""
"","1","falls back for a plain Error, reporting no status","describeApiError — everything that is not a schema failure","Sun Sep 20 16:01:19 UTC 2026","passed","Sun Sep 20 16:01:19 UTC 2026","","","",""
"","0","marks all lines as removed when candidate is empty","computeDiff","Sun Sep 20 16:02:59 UTC 2026","passed","Sun Sep 20 16:02:59 UTC 2026","","","",""
"","2","dispatches a workspace-changed event on set","activeWorkspace","Sun Sep 20 16:03:17 UTC 2026","passed","Sun Sep 20 16:03:17 UTC 2026","","","",""
"","1","renders error-boundary protected and compensation references","manifestToFlow","Sun Sep 20 15:59:50 UTC 2026","passed","Sun Sep 20 15:59:50 UTC 2026","","","",""
"","117","does not let a stale bootstrap 401 clear a newer cross-tab login","App shell end-to-end journeys","Sun Sep 20 15:59:57 UTC 2026","passed","Sun Sep 20 15:59:57 UTC 2026","","","",""
"","55","keeps event trigger buttons disabled while a workflow is paused","WorkflowDetail calibration","Sun Sep 20 15:58:38 UTC 2026","passed","Sun Sep 20 15:58:38 UTC 2026","","","",""
"","1","joins multiple requirements with 'or'","scopeLabel / missingScopeReason","Sun Sep 20 16:02:41 UTC 2026","passed","Sun Sep 20 16:02:41 UTC 2026","","","",""
"","12","shows the auto-map hint only when there are no warnings and both sides have ports","ConnectMapPopover","Sun Sep 20 16:01:23 UTC 2026","passed","Sun Sep 20 16:01:23 UTC 2026","","","",""
"","0","checks every PR on a row that cites more than one","checkLedger","Sun Sep 20 16:02:27 UTC 2026","passed","Sun Sep 20 16:02:27 UTC 2026","","","",""
"","166","disables workflow-wide event matching when the checkpoint never captured the required correlation value","WorkflowEditor handler branches","Sun Sep 20 15:59:00 UTC 2026","passed","Sun Sep 20 15:59:01 UTC 2026","","","",""
"","14","prefills the name as '<source> Copy' and loads/sorts source versions newest-first","WorkflowImportDialog (clone mode)","Sun Sep 20 16:00:21 UTC 2026","passed","Sun Sep 20 16:00:21 UTC 2026","","","",""
"","3","renders an error-boundary card with only compensation context (no message)","StepPreview — additional prop-driven render branches","Sun Sep 20 15:59:38 UTC 2026","passed","Sun Sep 20 15:59:38 UTC 2026","","","",""
"","4","falls back to the raw field key in the scope label when the field isn't in the schema","WorkflowComponentSchemaSummary","Sun Sep 20 16:01:09 UTC 2026","passed","Sun Sep 20 16:01:09 UTC 2026","","","",""
"","126","guides wait_for_event runs toward event matching when manual resume is disabled","WorkflowEditor handler branches","Sun Sep 20 15:59:01 UTC 2026","passed","Sun Sep 20 15:59:01 UTC 2026","","","",""
"","73","replays a stored run by loading its cases into the runner","prompt test run durability","Sun Sep 20 16:02:21 UTC 2026","passed","Sun Sep 20 16:02:21 UTC 2026","","","",""
"","38","surfaces a retire error in the action banner","EvalDatasetDetail — sync, retire-error, and version filter","Sun Sep 20 16:00:45 UTC 2026","passed","Sun Sep 20 16:00:45 UTC 2026","","","",""
"","142","shows a recoverable error instead of loading forever when the skill request fails","SkillDetail","Sun Sep 20 16:00:32 UTC 2026","passed","Sun Sep 20 16:00:32 UTC 2026","","","",""
"","17","rejects invalid JSON for an object/array field","PlanInteractionPrompt — input kind","Sun Sep 20 16:00:47 UTC 2026","passed","Sun Sep 20 16:00:47 UTC 2026","","","",""
"","362","opens an AGE-ready version directly into AGE retrieval from the version detail","Knowledge Bases page","Sun Sep 20 15:59:18 UTC 2026","passed","Sun Sep 20 15:59:18 UTC 2026","","","",""
"","0","delegates approval events to the approval-kind helpers","workflowRunLifecycleLabel","Sun Sep 20 16:00:29 UTC 2026","passed","Sun Sep 20 16:00:29 UTC 2026","","","",""
"","104","lets the primary owner manage a secondary Admin and transfer ownership, but not their own row","Administration","Sun Sep 20 16:00:18 UTC 2026","passed","Sun Sep 20 16:00:18 UTC 2026","","","",""
"","3","exposes each failing field path for input-level marking","ApiErrorMessage","Sun Sep 20 16:02:52 UTC 2026","passed","Sun Sep 20 16:02:52 UTC 2026","","","",""
"","11","labels runtime approval checkpoints distinctly from human approval nodes","workflow run panels","Sun Sep 20 16:00:12 UTC 2026","passed","Sun Sep 20 16:00:12 UTC 2026","","","",""
"","212","defines a new guardrail from a native scorer template","Gateway → Guardrails tab","Sun Sep 20 16:01:16 UTC 2026","passed","Sun Sep 20 16:01:16 UTC 2026","","","",""
"","24","blocks submit and shows an error when a required field is left blank","PlanInteractionPrompt — input kind","Sun Sep 20 16:00:47 UTC 2026","passed","Sun Sep 20 16:00:47 UTC 2026","","","",""
"","66","seeds first-party database presets with explicit deployment policies","McpServers","Sun Sep 20 15:59:52 UTC 2026","passed","Sun Sep 20 15:59:52 UTC 2026","","","",""
"","52","ignores malformed workflow step events and refresh-only workflow status events","WorkflowDetail calibration","Sun Sep 20 15:58:48 UTC 2026","passed","Sun Sep 20 15:58:48 UTC 2026","","","",""
"","73","edits an existing rate, including its status, through the row's edit action","GatewayPricingTab","Sun Sep 20 16:02:25 UTC 2026","passed","Sun Sep 20 16:02:25 UTC 2026","","","",""
"","67","Test Runs: a second run renders a baseline diff + regression","ToolWorkspace","Sun Sep 20 16:02:04 UTC 2026","passed","Sun Sep 20 16:02:04 UTC 2026","","","",""
"","37","uploads a picked file through ensureSession and lists the new chip","AttachmentBar — upload via file picker","Sun Sep 20 16:00:48 UTC 2026","passed","Sun Sep 20 16:00:48 UTC 2026","","","",""
"","66","validates JSON criteria/evidence before submitting a new candidate","Releases","Sun Sep 20 16:00:31 UTC 2026","passed","Sun Sep 20 16:00:31 UTC 2026","","","",""
"","12","gives Next a contextual 'Continue to {next step}' label","SkillWizard","Sun Sep 20 16:00:36 UTC 2026","passed","Sun Sep 20 16:00:36 UTC 2026","","Step navigation","",""
"","0","falls back to the primary call's arguments when metadata lacks them","extractToolNodeDiagnostics","Sun Sep 20 15:59:38 UTC 2026","passed","Sun Sep 20 15:59:38 UTC 2026","","","",""
"","156","asks before discarding unsaved changes on cancel","Prompts","Sun Sep 20 15:59:33 UTC 2026","passed","Sun Sep 20 15:59:33 UTC 2026","","","",""
"","38","renders nothing when empty and a steer badge when present","QueuedMessages","Sun Sep 20 16:02:19 UTC 2026","passed","Sun Sep 20 16:02:19 UTC 2026","","","",""
"","1","classifies keywords, comments, strings, and decorators","highlightTokens — Python classification","Sun Sep 20 16:03:16 UTC 2026","passed","Sun Sep 20 16:03:16 UTC 2026","","","",""
"","0","pluralizes merged branches","describeStepChange — join diagnostics branches","Sun Sep 20 15:59:38 UTC 2026","passed","Sun Sep 20 15:59:38 UTC 2026","","","",""
"","2","renders the current approval mode auto_all","ApprovalModeSelector","Sun Sep 20 16:01:38 UTC 2026","passed","Sun Sep 20 16:01:38 UTC 2026","","","",""
"","119","renders workflow cards","Workflows page","Sun Sep 20 15:58:30 UTC 2026","passed","Sun Sep 20 15:58:31 UTC 2026","","","",""
"","2","keeps message as a fallback for untyped SSE frames","useEventStream","Sun Sep 20 16:02:59 UTC 2026","passed","Sun Sep 20 16:02:59 UTC 2026","","","",""
"","113","fills the goal from an example chip","WorkflowPlanPanel","Sun Sep 20 16:02:39 UTC 2026","passed","Sun Sep 20 16:02:39 UTC 2026","","","",""
"","173","refreshes approval checkpoints when a selected run enters waiting approval","WorkflowDetail calibration","Sun Sep 20 15:58:48 UTC 2026","passed","Sun Sep 20 15:58:48 UTC 2026","","","",""
"","239","cancels the create-queue panel, adds/removes a question, and edits its type/target/options","ReviewQueues","Sun Sep 20 16:00:53 UTC 2026","passed","Sun Sep 20 16:00:53 UTC 2026","","","",""
"","1","fails when none of the required scopes is held","canAnyScope","Sun Sep 20 16:02:41 UTC 2026","passed","Sun Sep 20 16:02:41 UTC 2026","","","",""
"","24","edits field/op/value and target","RouterConditionBuilder","Sun Sep 20 15:59:12 UTC 2026","passed","Sun Sep 20 15:59:12 UTC 2026","","","",""
"","266","supports resizing and collapse/expand for the assistant drawer","App shell end-to-end journeys","Sun Sep 20 15:59:59 UTC 2026","passed","Sun Sep 20 15:59:59 UTC 2026","","","",""
"","12","renders the no-prompts-to-calibrate state for a pure placeholder","Prompt optimization calibration edge flows","Sun Sep 20 16:00:02 UTC 2026","passed","Sun Sep 20 16:00:02 UTC 2026","","","",""
"","2","renders status test_failed with the right tone","DraftStatusBadge","Sun Sep 20 16:01:38 UTC 2026","passed","Sun Sep 20 16:01:38 UTC 2026","","","",""
"","9","renders knowledge-build cards for queued, processing, failed, and preview-skipped statuses","StepPreview — additional prop-driven render branches","Sun Sep 20 15:59:38 UTC 2026","passed","Sun Sep 20 15:59:38 UTC 2026","","","",""
"","43","surfaces a server error","WorkflowCopilot","Sun Sep 20 16:02:16 UTC 2026","passed","Sun Sep 20 16:02:16 UTC 2026","","","",""
"","2","renders queued as Queued with its tone color","StatusBadge","Sun Sep 20 16:03:32 UTC 2026","passed","Sun Sep 20 16:03:32 UTC 2026","","","",""
"","25","explains a missing input snapshot with generic copy for an unrecognized status","missing port snapshots","Sun Sep 20 16:00:10 UTC 2026","passed","Sun Sep 20 16:00:10 UTC 2026","","","",""
"","130","confirms with an empty reason by default","ConfirmDialog","Sun Sep 20 16:03:23 UTC 2026","passed","Sun Sep 20 16:03:24 UTC 2026","","","",""
"","0","retrievalModeLabel maps known modes and passes through unknown ones","pure label/formatting helpers","Sun Sep 20 15:59:38 UTC 2026","passed","Sun Sep 20 15:59:38 UTC 2026","","","",""
"","136","disables paused approval resume in run detail when checkpoint persistence is disabled","WorkflowDetail calibration","Sun Sep 20 15:58:44 UTC 2026","passed","Sun Sep 20 15:58:44 UTC 2026","","","",""
"","3","renders fallback when node id is missing","NodeDetailPanel","Sun Sep 20 15:59:11 UTC 2026","passed","Sun Sep 20 15:59:11 UTC 2026","","","",""
"","59","refreshes the list when a workflow is renamed elsewhere","Workflows — live status refresh","Sun Sep 20 16:00:14 UTC 2026","passed","Sun Sep 20 16:00:14 UTC 2026","","","",""
"","21","shows empty states when nothing is live or recorded","Releases","Sun Sep 20 16:00:31 UTC 2026","passed","Sun Sep 20 16:00:31 UTC 2026","","","",""
"","0","recognises a structurally-ApiError error whose class identity is lost","resilience — this code runs inside catch blocks","Sun Sep 20 16:01:19 UTC 2026","passed","Sun Sep 20 16:01:19 UTC 2026","","","",""
"","53","blocks metadata values that are valid JSON but not an object","SkillDetail","Sun Sep 20 16:00:33 UTC 2026","passed","Sun Sep 20 16:00:33 UTC 2026","","","",""
"","16","omits the panel entirely for a run that predates the evidence contract","EvaluationDetail evidence panel","Sun Sep 20 16:01:01 UTC 2026","passed","Sun Sep 20 16:01:01 UTC 2026","","","",""
"","118","lists traces with token/cost rollups","Observability page","Sun Sep 20 16:01:10 UTC 2026","passed","Sun Sep 20 16:01:11 UTC 2026","","","",""
"","14","shows the inventory empty state when no prompts exist","Prompts — Workspace Playground stage","Sun Sep 20 15:59:34 UTC 2026","passed","Sun Sep 20 15:59:34 UTC 2026","","","",""
"","197","Trigger Tests calls testSkillSelection and renders is_selected/score/reason","SkillWorkspace","Sun Sep 20 16:01:13 UTC 2026","passed","Sun Sep 20 16:01:14 UTC 2026","","","",""
"","54","refetches when a value in deps changes","useApi","Sun Sep 20 16:02:58 UTC 2026","passed","Sun Sep 20 16:02:58 UTC 2026","","","",""
"","18","runs a preview and shows per-step statuses with a fix on failing steps","WorkflowCopilot","Sun Sep 20 16:02:16 UTC 2026","passed","Sun Sep 20 16:02:16 UTC 2026","","","",""
"","1","extracts file_input diagnostics from a path","extractStorageNodeDiagnostics","Sun Sep 20 15:59:38 UTC 2026","passed","Sun Sep 20 15:59:38 UTC 2026","","","",""
"","7","propagates edits through onChange","CodeEditorField — scroll sync","Sun Sep 20 16:03:20 UTC 2026","passed","Sun Sep 20 16:03:20 UTC 2026","","","",""
"","0","subworkflowStatusLabel covers completed/blocked/error/unknown/null","pure label/formatting helpers","Sun Sep 20 15:59:38 UTC 2026","passed","Sun Sep 20 15:59:38 UTC 2026","","","",""
"","218","adds should-not-trigger phrases","SkillWizard","Sun Sep 20 16:00:38 UTC 2026","passed","Sun Sep 20 16:00:38 UTC 2026","","Step 4: Trigger Testing","",""
"","31","toggles agent skills and fires onChangeNode","Inspector","Sun Sep 20 15:59:10 UTC 2026","passed","Sun Sep 20 15:59:10 UTC 2026","","","",""
"","10","shows the unavailable state with the server-provided reason","GatewayGuardrailsTab","Sun Sep 20 16:00:50 UTC 2026","passed","Sun Sep 20 16:00:50 UTC 2026","","","",""
"","3","turns an empty retry lineage into in-flight guidance for active runs","workflow run panels","Sun Sep 20 16:00:12 UTC 2026","passed","Sun Sep 20 16:00:12 UTC 2026","","","",""
"","33","renders the prompt input and suggestions; submit starts disabled","WorkflowCopilot","Sun Sep 20 16:02:16 UTC 2026","passed","Sun Sep 20 16:02:16 UTC 2026","","","",""
"","199","edits tool metadata from the detail page","ToolDetail page","Sun Sep 20 15:58:52 UTC 2026","passed","Sun Sep 20 15:58:52 UTC 2026","","","",""
"","32","deprecates the tool","ToolDetail page","Sun Sep 20 15:58:52 UTC 2026","passed","Sun Sep 20 15:58:52 UTC 2026","","","",""
"","1210","flashes a check icon after a successful copy, then reverts to the copy icon ~1.2s later","CopyButton","Sun Sep 20 16:03:02 UTC 2026","passed","Sun Sep 20 16:03:03 UTC 2026","","","",""
"","1","reports an aliased export as unrouted","findUnroutedPages","Sun Sep 20 16:02:10 UTC 2026","passed","Sun Sep 20 16:02:10 UTC 2026","","","",""
"","20","shows no badge when nothing is paused","Sidebar plans badge","Sun Sep 20 16:03:15 UTC 2026","passed","Sun Sep 20 16:03:16 UTC 2026","","","",""
"","70","Runs: a second run renders a baseline diff + regression","SkillWorkspace","Sun Sep 20 16:01:14 UTC 2026","passed","Sun Sep 20 16:01:14 UTC 2026","","","",""
"","51","closes the modal via the Close button","AttachmentBar — Paste text modal","Sun Sep 20 16:00:48 UTC 2026","passed","Sun Sep 20 16:00:48 UTC 2026","","","",""
"","0","truncates a long item output preview beyond 180 characters","extractForEachDiagnostics","Sun Sep 20 15:59:38 UTC 2026","passed","Sun Sep 20 15:59:38 UTC 2026","","","",""
"","61","opens detail when the New skill button reuses the build view","Skills page","Sun Sep 20 16:00:23 UTC 2026","passed","Sun Sep 20 16:00:23 UTC 2026","","","",""
"","92","shows the inventory landing with a New prompt action and no top-level stage tabs","Prompts","Sun Sep 20 15:59:26 UTC 2026","passed","Sun Sep 20 15:59:26 UTC 2026","","","",""
"","161","activates an earlier version from the Use stage table","Knowledge Bases asset workspace (R1 IA)","Sun Sep 20 15:59:21 UTC 2026","passed","Sun Sep 20 15:59:22 UTC 2026","","","",""
"","338","reaches every destination once all groups are open","Sidebar navigation groups","Sun Sep 20 16:02:22 UTC 2026","passed","Sun Sep 20 16:02:23 UTC 2026","","","",""
"","134","disables workflow-detail resume actions when the active checkpoint drifts from the run node","WorkflowDetail calibration","Sun Sep 20 15:58:43 UTC 2026","passed","Sun Sep 20 15:58:43 UTC 2026","","","",""
"","162","sends the clicked option as the answer to a clarifying question","CaliberAssistantPanel — misc interactions","Sun Sep 20 15:59:44 UTC 2026","passed","Sun Sep 20 15:59:44 UTC 2026","","","",""
"","2","nodeSubtitle covers storage, orchestration, routing, and fallback nodes","node helpers","Sun Sep 20 15:59:50 UTC 2026","passed","Sun Sep 20 15:59:50 UTC 2026","","","",""
"","0","combines count label and location (loaded ... from ...)","describeStepChange — storage diagnostics branches (via diagnostics override)","Sun Sep 20 15:59:38 UTC 2026","passed","Sun Sep 20 15:59:38 UTC 2026","","","",""
"","226","covers refresh, upload proxy, folder search, cancel, and clipboard-missing branches","Object Store file manager","Sun Sep 20 16:00:09 UTC 2026","passed","Sun Sep 20 16:00:09 UTC 2026","","","",""
"","13","shows '—' fallbacks and 'no items' for a queue with no description/reviewers/items","ReviewQueues","Sun Sep 20 16:00:53 UTC 2026","passed","Sun Sep 20 16:00:53 UTC 2026","","","",""
"","88","detects and verifies a deployment bundle before import","Workflows — clone and manifest import","Sun Sep 20 16:00:16 UTC 2026","passed","Sun Sep 20 16:00:16 UTC 2026","","","",""
"","114","shows an explicit resume note when approval records fail to load for a paused detail run","WorkflowDetail calibration","Sun Sep 20 15:58:49 UTC 2026","passed","Sun Sep 20 15:58:49 UTC 2026","","","",""
"","24","rejects stale local display state when server session validation returns 401","App shell end-to-end journeys","Sun Sep 20 15:59:57 UTC 2026","passed","Sun Sep 20 15:59:57 UTC 2026","","","",""
"","13","adds workflow-level deploy gates and links eval dataset artifacts","Inspector","Sun Sep 20 15:59:10 UTC 2026","passed","Sun Sep 20 15:59:10 UTC 2026","","","",""
"","0","canConnectNodes requires at least one compatible output/input pair","connect/map helpers","Sun Sep 20 15:59:50 UTC 2026","passed","Sun Sep 20 15:59:50 UTC 2026","","","",""
"","179","hides cancel and retry actions in the monitor when the workflow run queue is disabled","WorkflowEditor handler branches","Sun Sep 20 15:58:59 UTC 2026","passed","Sun Sep 20 15:59:00 UTC 2026","","","",""
"","243","persists sidebar collapse preference across remounts","App shell end-to-end journeys","Sun Sep 20 15:59:59 UTC 2026","passed","Sun Sep 20 15:59:59 UTC 2026","","","",""
"","1","derives registry refs and version constraints from tool versions","agent tool bindings","Sun Sep 20 15:59:50 UTC 2026","passed","Sun Sep 20 15:59:50 UTC 2026","","","",""
"","33","toggles the create-guardrail form open and closed","GatewayGuardrailsTab","Sun Sep 20 16:00:50 UTC 2026","passed","Sun Sep 20 16:00:50 UTC 2026","","","",""
"","6","describes runtime approval gates without calling them human approval nodes","workflow run panels","Sun Sep 20 16:00:12 UTC 2026","passed","Sun Sep 20 16:00:12 UTC 2026","","","",""
"","30","re-fetches with a version query when a version is selected","EvalDatasetDetail — sync, retire-error, and version filter","Sun Sep 20 16:00:45 UTC 2026","passed","Sun Sep 20 16:00:45 UTC 2026","","","",""
"","111","deletes a guardrail after confirmation","Gateway → Guardrails tab","Sun Sep 20 16:01:16 UTC 2026","passed","Sun Sep 20 16:01:16 UTC 2026","","","",""
"","0","toolArgumentSummary covers zero, one, and many keys","pure label/formatting helpers","Sun Sep 20 15:59:38 UTC 2026","passed","Sun Sep 20 15:59:38 UTC 2026","","","",""
"","37","rejects an empty name before creating a guardrail","GatewayGuardrailsTab","Sun Sep 20 16:00:50 UTC 2026","passed","Sun Sep 20 16:00:50 UTC 2026","","","",""
"","1","appends theme hints to absolute URLs","externalLinks","Sun Sep 20 16:03:30 UTC 2026","passed","Sun Sep 20 16:03:30 UTC 2026","","","",""
"","146","explains how to unblock waiting approvals when runtime approval controls are disabled","WorkflowDetail calibration","Sun Sep 20 15:58:44 UTC 2026","passed","Sun Sep 20 15:58:44 UTC 2026","","","",""
"","2","renders option pills for selectable questions","QuestionList","Sun Sep 20 16:01:38 UTC 2026","passed","Sun Sep 20 16:01:38 UTC 2026","","","",""
"","166","reconstructs historical replay and debugging from run summary when both the run manifest and saved version row are gone","WorkflowEditor handler branches","Sun Sep 20 15:58:57 UTC 2026","passed","Sun Sep 20 15:58:57 UTC 2026","","","",""
"","3","does not let a stale 401 clear a reconciled session with the same generation","caliberApi","Sun Sep 20 16:00:20 UTC 2026","passed","Sun Sep 20 16:00:20 UTC 2026","","","",""
"","285","renders workflow detail deep links through the real app router","App shell end-to-end journeys","Sun Sep 20 15:59:58 UTC 2026","passed","Sun Sep 20 15:59:58 UTC 2026","","","",""
"","0","storageItemUnit distinguishes bucket nodes from file nodes","pure label/formatting helpers","Sun Sep 20 15:59:38 UTC 2026","passed","Sun Sep 20 15:59:38 UTC 2026","","","",""
"","105","approves a draft plan and reflects the approved status","AriaPlans","Sun Sep 20 16:01:27 UTC 2026","passed","Sun Sep 20 16:01:27 UTC 2026","","","",""
"","58","keeps event trigger buttons disabled when the run queue is unavailable","WorkflowDetail calibration","Sun Sep 20 15:58:38 UTC 2026","passed","Sun Sep 20 15:58:38 UTC 2026","","","",""
"","5","shows the node's last output when a step is provided","Component enhancements (label / advanced / output / legacy)","Sun Sep 20 15:59:12 UTC 2026","passed","Sun Sep 20 15:59:12 UTC 2026","","","",""
"","100","surfaces upload failures and lets the user dismiss the error","Object Store file manager","Sun Sep 20 16:00:06 UTC 2026","passed","Sun Sep 20 16:00:06 UTC 2026","","","",""
"","157","switches to grouped rows when List is chosen","Prompts view toggle","Sun Sep 20 16:02:50 UTC 2026","passed","Sun Sep 20 16:02:50 UTC 2026","","","",""
"","1","appendThemeHintToUrl keeps relative URLs relative (path+search+hash)","externalLinks port-5001 + hash branches","Sun Sep 20 16:00:59 UTC 2026","passed","Sun Sep 20 16:00:59 UTC 2026","","","",""
"","24","falls back to a generic export-error message when the rejection is not an Error","AuditLog","Sun Sep 20 16:01:29 UTC 2026","passed","Sun Sep 20 16:01:29 UTC 2026","","","",""
"","252","runs and pauses a workflow from the detail page","WorkflowDetail calibration","Sun Sep 20 15:58:38 UTC 2026","passed","Sun Sep 20 15:58:38 UTC 2026","","","",""
"","262","renders all 16 built-in examples and filters by capability","Cookbooks","Sun Sep 20 16:01:36 UTC 2026","passed","Sun Sep 20 16:01:36 UTC 2026","","","",""
"","32","explains that persisted events are unavailable while the run is still active (queued)","runEventsLoadErrorMessage","Sun Sep 20 16:00:10 UTC 2026","passed","Sun Sep 20 16:00:10 UTC 2026","","","",""
"","0","reads the default skill mode from localStorage value %p","assistantPreferences","Sun Sep 20 16:02:45 UTC 2026","passed","Sun Sep 20 16:02:45 UTC 2026","","","",""
"","0","ignores a similarly-named call on another object","countMutatingCalls","Sun Sep 20 16:02:10 UTC 2026","passed","Sun Sep 20 16:02:10 UTC 2026","","","",""
"","1","is empty when everything is routed","findUnroutedPages","Sun Sep 20 16:02:10 UTC 2026","passed","Sun Sep 20 16:02:10 UTC 2026","","","",""
"","2","formats relative time across threshold boundaries","utility helpers","Sun Sep 20 16:02:18 UTC 2026","passed","Sun Sep 20 16:02:18 UTC 2026","","","",""
"","0","reads waiting_event/waiting_approval off a detail prefix","workflowRunStatusFromStep","Sun Sep 20 16:00:29 UTC 2026","passed","Sun Sep 20 16:00:29 UTC 2026","","","",""
"","65","disables manual runs while a workflow is paused","WorkflowDetail calibration","Sun Sep 20 15:58:38 UTC 2026","passed","Sun Sep 20 15:58:38 UTC 2026","","","",""
"","7","normalizes a canonical check to single-key sugar on edit","GuardrailChecksEditor","Sun Sep 20 16:02:42 UTC 2026","passed","Sun Sep 20 16:02:42 UTC 2026","","","",""
"","84","renders promotions and applies approve/reject actions","WorkflowDetail calibration","Sun Sep 20 15:58:38 UTC 2026","passed","Sun Sep 20 15:58:38 UTC 2026","","","",""
"","24","prefers the richer event-derived step list over a stale summary","step selection derived from live events outpacing the summary","Sun Sep 20 16:00:11 UTC 2026","passed","Sun Sep 20 16:00:11 UTC 2026","","","",""
"","0","honours a per-surface label override","describeApiError — structured validation failures","Sun Sep 20 16:01:19 UTC 2026","passed","Sun Sep 20 16:01:19 UTC 2026","","","",""
"","0","evaluates server-backed graph-aware setup check kinds","node helpers","Sun Sep 20 15:59:50 UTC 2026","passed","Sun Sep 20 15:59:50 UTC 2026","","","",""
"","0","returns null for a node_type that is neither for_each nor loop","extractForEachDiagnostics","Sun Sep 20 15:59:38 UTC 2026","passed","Sun Sep 20 15:59:38 UTC 2026","","","",""
"","10","shows workflow settings when nothing is selected","Inspector","Sun Sep 20 15:59:10 UTC 2026","passed","Sun Sep 20 15:59:10 UTC 2026","","","",""
"","1","detects template variable names uniquely","Skills helpers","Sun Sep 20 16:03:22 UTC 2026","passed","Sun Sep 20 16:03:22 UTC 2026","","","",""
"","142","selects all and bulk-deletes via the batch endpoint","Object Store file manager","Sun Sep 20 16:00:05 UTC 2026","passed","Sun Sep 20 16:00:05 UTC 2026","","","",""
"","111","fills the input from a suggestion chip","WorkflowCopilot","Sun Sep 20 16:02:16 UTC 2026","passed","Sun Sep 20 16:02:16 UTC 2026","","","",""
"","61","reacts to workflow.run.failed event-stream messages","WorkflowDetail calibration","Sun Sep 20 15:58:46 UTC 2026","passed","Sun Sep 20 15:58:46 UTC 2026","","","",""
"","1","uses static prefix deployments when configured","externalLinks","Sun Sep 20 16:03:30 UTC 2026","passed","Sun Sep 20 16:03:30 UTC 2026","","","",""
"","0","reports a preview-skipped build with a knowledge base id","describeStepChange — knowledge-build diagnostics branches","Sun Sep 20 15:59:38 UTC 2026","passed","Sun Sep 20 15:59:38 UTC 2026","","","",""
"","0","falls back from ports.files to metadata.files for output_folder","extractStorageNodeDiagnostics","Sun Sep 20 15:59:38 UTC 2026","passed","Sun Sep 20 15:59:38 UTC 2026","","","",""
"","2","summarizes storage, knowledge, loop, and child-workflow steps from diagnostics","describeStepChange","Sun Sep 20 15:59:38 UTC 2026","passed","Sun Sep 20 15:59:38 UTC 2026","","","",""
"","183","labels runtime approval gates distinctly in the run monitor when a tool-gated run pauses","WorkflowEditor handler branches","Sun Sep 20 15:59:07 UTC 2026","passed","Sun Sep 20 15:59:07 UTC 2026","","","",""
"","53","shows the versioning policy (advisory gate defaults) on the Versioning tab","Settings page","Sun Sep 20 16:01:22 UTC 2026","passed","Sun Sep 20 16:01:22 UTC 2026","","","",""
"","56","reimports the last URL source and shows the diff summary","OpenApiIntegrations","Sun Sep 20 15:59:48 UTC 2026","passed","Sun Sep 20 15:59:48 UTC 2026","","","",""
"","95","disables Next when content is empty","SkillWizard","Sun Sep 20 16:00:36 UTC 2026","passed","Sun Sep 20 16:00:37 UTC 2026","","Step 2: Content (Progressive Disclosure)","",""
"","3","keeps download deadlines and auth fences active through blob consumption","caliberApi","Sun Sep 20 16:00:20 UTC 2026","passed","Sun Sep 20 16:00:20 UTC 2026","","","",""
"","50","shows the empty state when the selected bucket has no files","AttachmentBar — Object store modal","Sun Sep 20 16:00:49 UTC 2026","passed","Sun Sep 20 16:00:49 UTC 2026","","","",""
"","20","shows the loading state before config resolves","AssistantSettings","Sun Sep 20 16:01:18 UTC 2026","passed","Sun Sep 20 16:01:18 UTC 2026","","","",""
"","15","fires onDone when Done is clicked","ConnectMapPopover","Sun Sep 20 16:01:23 UTC 2026","passed","Sun Sep 20 16:01:23 UTC 2026","","","",""
"","117","renders with text","Button","Sun Sep 20 16:03:04 UTC 2026","passed","Sun Sep 20 16:03:04 UTC 2026","","","",""
"","0","returns null when output_by_port is missing","extractErrorBoundaryDiagnostics","Sun Sep 20 15:59:38 UTC 2026","passed","Sun Sep 20 15:59:38 UTC 2026","","","",""
"","104","shows the skill content and version","SkillDetail","Sun Sep 20 16:00:32 UTC 2026","passed","Sun Sep 20 16:00:33 UTC 2026","","","",""
"","63","reacts to workflow.run.approval.approved event-stream messages","WorkflowDetail calibration","Sun Sep 20 15:58:46 UTC 2026","passed","Sun Sep 20 15:58:46 UTC 2026","","","",""
"","63","blocks saving invalid metadata JSON","SkillDetail","Sun Sep 20 16:00:33 UTC 2026","passed","Sun Sep 20 16:00:33 UTC 2026","","","",""
"","25","renders close assistant button for mobile","CaliberAssistantPanel","Sun Sep 20 15:59:42 UTC 2026","passed","Sun Sep 20 15:59:42 UTC 2026","","","",""
"","128","configures knowledge query nodes with KB versions, AGE retrieval, and graph overrides","Inspector","Sun Sep 20 15:59:11 UTC 2026","passed","Sun Sep 20 15:59:11 UTC 2026","","","",""
"","41","closes when close button is clicked","CaliberAssistantPanel","Sun Sep 20 15:59:41 UTC 2026","passed","Sun Sep 20 15:59:41 UTC 2026","","","",""
"","11","falls back to the capability key when the step has no title","PlanStepRow","Sun Sep 20 16:00:46 UTC 2026","passed","Sun Sep 20 16:00:46 UTC 2026","","","",""
"","1","names the anonymous state instead of implying read access","accessLevel","Sun Sep 20 16:02:41 UTC 2026","passed","Sun Sep 20 16:02:41 UTC 2026","","","",""
"","1","augments storage detail when bucket diagnostics add skips or truncation","describeStepChange","Sun Sep 20 15:59:38 UTC 2026","passed","Sun Sep 20 15:59:38 UTC 2026","","","",""
"","1","reads a bare string value","approvalCheckpointKind","Sun Sep 20 16:00:29 UTC 2026","passed","Sun Sep 20 16:00:29 UTC 2026","","","",""
"","0","switches to marker-mode phrasing","workflowRunLifecycleLabel","Sun Sep 20 16:00:29 UTC 2026","passed","Sun Sep 20 16:00:29 UTC 2026","","","",""
"","3","explains that persisted events are unavailable for a stopped run (blocked)","runEventsLoadErrorMessage","Sun Sep 20 16:00:10 UTC 2026","passed","Sun Sep 20 16:00:10 UTC 2026","","","",""
"","106","Validate calls the API and renders problems","WorkflowEditor page","Sun Sep 20 15:58:34 UTC 2026","passed","Sun Sep 20 15:58:34 UTC 2026","","","",""
"","49","shows a delete-failed toast and stays on the page when deletion is rejected","AgentDetail","Sun Sep 20 16:00:55 UTC 2026","passed","Sun Sep 20 16:00:56 UTC 2026","","","",""
"","85","adds and removes tags","SkillWizard","Sun Sep 20 16:00:36 UTC 2026","passed","Sun Sep 20 16:00:36 UTC 2026","","Step 1: Identity & Classification","",""
"","0","formatUsdEstimate covers the zero, tiny, and tiered-precision branches","pure label/formatting helpers","Sun Sep 20 15:59:38 UTC 2026","passed","Sun Sep 20 15:59:38 UTC 2026","","","",""
"","354","renders each stage's content: Build form+runs, Explore query/chunks/graph, Calibrate, Use","Knowledge Bases asset workspace (R1 IA)","Sun Sep 20 15:59:21 UTC 2026","passed","Sun Sep 20 15:59:21 UTC 2026","","","",""
"","61","opens the wizard from the Build Skill action","Skills page with wizard integration","Sun Sep 20 16:00:40 UTC 2026","passed","Sun Sep 20 16:00:40 UTC 2026","","","",""
"","38","surfaces direct tool-node diagnostics inside the replay path","TraceReplayGraph","Sun Sep 20 15:59:12 UTC 2026","passed","Sun Sep 20 15:59:12 UTC 2026","","","",""
"","9","keeps cached version content visible when a background refresh fails","WorkflowVersionDetail page","Sun Sep 20 15:58:51 UTC 2026","passed","Sun Sep 20 15:58:51 UTC 2026","","","",""
"","0","falls back to step.output for the result preview when ports are absent","extractToolNodeDiagnostics","Sun Sep 20 15:59:38 UTC 2026","passed","Sun Sep 20 15:59:38 UTC 2026","","","",""
"","4","produces one flow node per manifest node","manifestToFlow","Sun Sep 20 15:59:50 UTC 2026","passed","Sun Sep 20 15:59:50 UTC 2026","","","",""
"","83","leaves a non-validation rejection as its own message","EvalDatasets","Sun Sep 20 16:02:07 UTC 2026","passed","Sun Sep 20 16:02:07 UTC 2026","","","",""
"","99","generates a grouped tool-draft pack from multiple selected operations","OpenApiIntegrations","Sun Sep 20 15:59:48 UTC 2026","passed","Sun Sep 20 15:59:48 UTC 2026","","","",""
"","59","uploads a selected file then reloads the list","RunFilePanel","Sun Sep 20 16:01:05 UTC 2026","passed","Sun Sep 20 16:01:05 UTC 2026","","","",""
"","1","preserves the prior identity when both revoke and reconciliation are unavailable","local auth cookie-operation coordination","Sun Sep 20 16:02:30 UTC 2026","passed","Sun Sep 20 16:02:30 UTC 2026","","","",""
"","109","shows the build pipeline stepper for an in-progress run","Knowledge Bases R2 declutter","Sun Sep 20 15:59:22 UTC 2026","passed","Sun Sep 20 15:59:22 UTC 2026","","","",""
"","2","renders test report state {""passed"":true,""total"":2,""failures"":0,""details"":[{""test"":""structure"",""passed"":true}],""error"":null}","TestPanel","Sun Sep 20 16:01:38 UTC 2026","passed","Sun Sep 20 16:01:38 UTC 2026","","","",""
"","7","jumps the selection to a focused node id that differs from the current selection","selection persistence and focus effects","Sun Sep 20 16:00:11 UTC 2026","passed","Sun Sep 20 16:00:11 UTC 2026","","","",""
"","19","renders rich agent details, connections, and additional properties","NodeDetailPanel","Sun Sep 20 15:59:11 UTC 2026","passed","Sun Sep 20 15:59:11 UTC 2026","","","",""
"","0","falls back to the humanized type label when no status can be derived either","workflowRunLifecycleMessage","Sun Sep 20 16:00:29 UTC 2026","passed","Sun Sep 20 16:00:29 UTC 2026","","","",""
"","38","toggles password visibility","Login","Sun Sep 20 16:02:44 UTC 2026","passed","Sun Sep 20 16:02:44 UTC 2026","","","",""
"","124","turns checkpoint lookup failures into stopped-run recovery guidance in workflow detail","WorkflowDetail calibration","Sun Sep 20 15:58:49 UTC 2026","passed","Sun Sep 20 15:58:49 UTC 2026","","","",""
"","48","provides a download link to the content proxy","RunFilePanel","Sun Sep 20 16:01:05 UTC 2026","passed","Sun Sep 20 16:01:05 UTC 2026","","","",""
"","41","renders trigger and content, merging a custom className onto the default styling","Tooltip","Sun Sep 20 16:03:04 UTC 2026","passed","Sun Sep 20 16:03:04 UTC 2026","","","",""
"","97","keeps the modal open when attaching text fails","AttachmentBar — Paste text modal","Sun Sep 20 16:00:48 UTC 2026","passed","Sun Sep 20 16:00:48 UTC 2026","","","",""
"","3","applies per-surface label overrides","ApiErrorMessage","Sun Sep 20 16:02:52 UTC 2026","passed","Sun Sep 20 16:02:52 UTC 2026","","","",""
"","124","imports an uploaded spec file without overflowing the browser call stack","OpenApiIntegrations","Sun Sep 20 15:59:46 UTC 2026","passed","Sun Sep 20 15:59:46 UTC 2026","","","",""
"","0","falls back to version_id/version_number when the *_workflow_version_* fields are absent","extractSubworkflowDiagnostics","Sun Sep 20 15:59:38 UTC 2026","passed","Sun Sep 20 15:59:38 UTC 2026","","","",""
"","31","opens the wizard from the Register Tool action","ToolRegistry page","Sun Sep 20 15:58:32 UTC 2026","passed","Sun Sep 20 15:58:32 UTC 2026","","","",""
"","0","ignores malformed artifact persistence snapshots","workflowRunArtifactPersistence","Sun Sep 20 16:02:29 UTC 2026","passed","Sun Sep 20 16:02:29 UTC 2026","","","",""
"","1","treats mapped inputs as satisfying file paths and KB build/query wiring","node helpers","Sun Sep 20 15:59:50 UTC 2026","passed","Sun Sep 20 15:59:50 UTC 2026","","","",""
"","27","shows the field detail the user needs, not just the generic summary","ApiErrorMessage","Sun Sep 20 16:02:52 UTC 2026","passed","Sun Sep 20 16:02:52 UTC 2026","","","",""
"","23","disables Next when name and owner are empty","SkillWizard","Sun Sep 20 16:00:35 UTC 2026","passed","Sun Sep 20 16:00:35 UTC 2026","","Step navigation","",""
"","0","returns null (falls through) when branchCount is zero","describeStepChange — join diagnostics branches","Sun Sep 20 15:59:38 UTC 2026","passed","Sun Sep 20 15:59:38 UTC 2026","","","",""
"","0","returns null for an unrecognized event type","workflowRunStatusFromEventType","Sun Sep 20 16:00:29 UTC 2026","passed","Sun Sep 20 16:00:29 UTC 2026","","","",""
"","123","keeps the persisted workflow version number visible when the run manifest exists but the version row is gone","WorkflowDetail calibration","Sun Sep 20 15:58:50 UTC 2026","passed","Sun Sep 20 15:58:51 UTC 2026","","","",""
"","43","redirects back to the workflow list when the current workflow is deleted elsewhere","WorkflowEditor handler branches","Sun Sep 20 15:59:07 UTC 2026","passed","Sun Sep 20 15:59:07 UTC 2026","","","",""
"","2","renders added/removed/modified entries","GraphDiff","Sun Sep 20 15:59:12 UTC 2026","passed","Sun Sep 20 15:59:12 UTC 2026","","","",""
"","21","disables autonomous policies when their service identities are not ready","ApprovalModeSelector","Sun Sep 20 16:01:38 UTC 2026","passed","Sun Sep 20 16:01:38 UTC 2026","","","",""
"","34","names each unmet check on the card and links the one with a fix","Cookbooks","Sun Sep 20 16:01:36 UTC 2026","passed","Sun Sep 20 16:01:36 UTC 2026","","readiness checks","",""
"","1","javascript: emits fetch code with a terminal-status poll loop","buildServiceSnippet","Sun Sep 20 16:03:11 UTC 2026","passed","Sun Sep 20 16:03:11 UTC 2026","","","",""
"","0","handles a whole-object error with no field to name","describeApiError — structured validation failures","Sun Sep 20 16:01:19 UTC 2026","passed","Sun Sep 20 16:01:19 UTC 2026","","","",""
"","45","surfaces direct tool-node diagnostics across the step map, snapshot, and event timeline","WorkflowRunDebugger","Sun Sep 20 15:59:39 UTC 2026","passed","Sun Sep 20 15:59:39 UTC 2026","","","",""
"","1","states a single requirement plainly","scopeLabel / missingScopeReason","Sun Sep 20 16:02:41 UTC 2026","passed","Sun Sep 20 16:02:41 UTC 2026","","","",""
"","28","labels runtime approval checkpoints distinctly inside the replay path","TraceReplayGraph","Sun Sep 20 15:59:12 UTC 2026","passed","Sun Sep 20 15:59:12 UTC 2026","","","",""
"","131","keeps cached skill content visible when a background refresh fails","SkillDetail","Sun Sep 20 16:00:32 UTC 2026","passed","Sun Sep 20 16:00:32 UTC 2026","","","",""
"","0","maps reasoning label for %p","assistantConfigUi","Sun Sep 20 16:02:56 UTC 2026","passed","Sun Sep 20 16:02:56 UTC 2026","","","",""
"","15","setPanelWidth clamps through Width 200","AssistantPanelContext","Sun Sep 20 16:02:35 UTC 2026","passed","Sun Sep 20 16:02:35 UTC 2026","","","",""
"","101","turns an empty editor run history into queue-disabled guidance","WorkflowEditor page","Sun Sep 20 15:58:35 UTC 2026","passed","Sun Sep 20 15:58:35 UTC 2026","","","",""
"","177","labels runtime approval gates distinctly when a selected run pauses on a tool gate","WorkflowDetail calibration","Sun Sep 20 15:58:48 UTC 2026","passed","Sun Sep 20 15:58:48 UTC 2026","","","",""
"","137","disables paused run resume controls in run detail when the workflow run queue is disabled","WorkflowDetail calibration","Sun Sep 20 15:58:44 UTC 2026","passed","Sun Sep 20 15:58:45 UTC 2026","","","",""
"","3","uses a section element as the step container","CalibrationStep","Sun Sep 20 16:03:19 UTC 2026","passed","Sun Sep 20 16:03:19 UTC 2026","","","",""
"","0","describeApiError survives undefined","resilience — this code runs inside catch blocks","Sun Sep 20 16:01:19 UTC 2026","passed","Sun Sep 20 16:01:19 UTC 2026","","","",""
"","102","cancels delete confirmation without calling the backend","Workflows page","Sun Sep 20 15:58:31 UTC 2026","passed","Sun Sep 20 15:58:31 UTC 2026","","","",""
"","1","de-duplicates the repeats a union failure produces","describeApiError — structured validation failures","Sun Sep 20 16:01:19 UTC 2026","passed","Sun Sep 20 16:01:19 UTC 2026","","","",""
"","6","omits the error-recovery meta line when an error boundary step has no message or compensation output","diagnostics meta lines that collapse to null","Sun Sep 20 16:00:11 UTC 2026","passed","Sun Sep 20 16:00:11 UTC 2026","","","",""
"","243","keeps the AGE graph path visible and explains fallback when the version failed to sync","Knowledge Bases page","Sun Sep 20 15:59:18 UTC 2026","passed","Sun Sep 20 15:59:19 UTC 2026","","","",""
"","43","approve & run drives the plan to completion in-thread","AriaPlanCard","Sun Sep 20 16:02:34 UTC 2026","passed","Sun Sep 20 16:02:34 UTC 2026","","","",""
"","5","handles palette drag and drop events","Canvas","Sun Sep 20 16:02:08 UTC 2026","passed","Sun Sep 20 16:02:08 UTC 2026","","","",""
"","19","shows an admin-required notice and disables export on 403","AuditLog","Sun Sep 20 16:01:28 UTC 2026","passed","Sun Sep 20 16:01:28 UTC 2026","","","",""
"","10","renders nothing when there are no steps","AssistantProcessSteps","Sun Sep 20 16:02:41 UTC 2026","passed","Sun Sep 20 16:02:41 UTC 2026","","","",""
"","1","extracts well-formed tool calls","toolCallsFromMetadata","Sun Sep 20 16:03:27 UTC 2026","passed","Sun Sep 20 16:03:27 UTC 2026","","","",""
"","4","prefers persisted process steps when present","processStepsFromMetadata","Sun Sep 20 16:03:29 UTC 2026","passed","Sun Sep 20 16:03:29 UTC 2026","","","",""
"","554","updates model, handles file states, sends chat messages, and resets sessions","Prompts advanced playground flows","Sun Sep 20 16:00:01 UTC 2026","passed","Sun Sep 20 16:00:02 UTC 2026","","","",""
"","18","renders the tool, schema, and usage","ToolDetail page","Sun Sep 20 15:58:52 UTC 2026","passed","Sun Sep 20 15:58:52 UTC 2026","","","",""
"","283","surfaces create, rename, and delete mutation failures","Workflows page","Sun Sep 20 15:58:31 UTC 2026","passed","Sun Sep 20 15:58:31 UTC 2026","","","",""
"","273","keeps a published version's manifest immutable across every edit path","WorkflowEditor handler branches","Sun Sep 20 15:58:54 UTC 2026","passed","Sun Sep 20 15:58:54 UTC 2026","","","",""
"","6","shows an error state when loading fails","VersionPanel","Sun Sep 20 16:02:32 UTC 2026","passed","Sun Sep 20 16:02:32 UTC 2026","","","",""
"","1","derives isLive from the live alias when `current` is not set","promptVersionsToArtifactVersions","Sun Sep 20 16:03:21 UTC 2026","passed","Sun Sep 20 16:03:21 UTC 2026","","","",""
"","197","promotes the saved version only when asked, and claims no gate override","Prompts","Sun Sep 20 15:59:32 UTC 2026","passed","Sun Sep 20 15:59:33 UTC 2026","","","",""
"","18","shows the offline banner when the object store status is disconnected","Object Store file manager","Sun Sep 20 16:00:06 UTC 2026","passed","Sun Sep 20 16:00:06 UTC 2026","","","",""
"","91","surfaces a non-fatal note when the auto-save fails","prompt test run durability","Sun Sep 20 16:02:21 UTC 2026","passed","Sun Sep 20 16:02:21 UTC 2026","","","",""
"","1","survives a server whose tool_policies field is absent","agent tool bindings","Sun Sep 20 15:59:50 UTC 2026","passed","Sun Sep 20 15:59:50 UTC 2026","","","",""
"","133","disables workflow-detail resume actions when a wait-for-event checkpoint loses its expected event name","WorkflowDetail calibration","Sun Sep 20 15:58:43 UTC 2026","passed","Sun Sep 20 15:58:43 UTC 2026","","","",""
"","1","joins versions with the live deployment to mark isLive + promotability","makeWorkflowVersionAdapter","Sun Sep 20 16:02:05 UTC 2026","passed","Sun Sep 20 16:02:05 UTC 2026","","","",""
"","13","falls back to generic guidance for an unrecognized run status","empty event timeline without checkpoint evidence","Sun Sep 20 16:00:10 UTC 2026","passed","Sun Sep 20 16:00:10 UTC 2026","","","",""
"","2","blocks a viewer even when the requirement list is empty","MutationGuard","Sun Sep 20 16:02:12 UTC 2026","passed","Sun Sep 20 16:02:12 UTC 2026","","","",""
"","1","renders tone-specific styling for %p","AssistantProcessSteps","Sun Sep 20 16:02:41 UTC 2026","passed","Sun Sep 20 16:02:41 UTC 2026","","","",""
"","15","edits workflow-level registered tool bindings","Inspector","Sun Sep 20 15:59:10 UTC 2026","passed","Sun Sep 20 15:59:10 UTC 2026","","","",""
"","3","prefers a caller-supplied reason over the generated one","MutationGuard","Sun Sep 20 16:02:12 UTC 2026","passed","Sun Sep 20 16:02:12 UTC 2026","","","",""
"","89","shows readable input and output signatures for a tool draft","OpenApiIntegrations","Sun Sep 20 15:59:47 UTC 2026","passed","Sun Sep 20 15:59:47 UTC 2026","","","",""
"","0","covers the remaining terminal event labels","workflowRunLifecycleLabel","Sun Sep 20 16:00:29 UTC 2026","passed","Sun Sep 20 16:00:29 UTC 2026","","","",""
"","122","renders schema-driven input fields and submits typed values","AriaPlans","Sun Sep 20 16:01:27 UTC 2026","passed","Sun Sep 20 16:01:27 UTC 2026","","","",""
"","3","hydrates persisted width 999 -> 760","AssistantPanelContext","Sun Sep 20 16:02:35 UTC 2026","passed","Sun Sep 20 16:02:35 UTC 2026","","","",""
"","1","parses quoted fields with embedded delimiters and newlines","parseDelimited","Sun Sep 20 16:01:08 UTC 2026","passed","Sun Sep 20 16:01:08 UTC 2026","","","",""
"","37","imports seed cases and renders the per-case result body after a run","CalibrationPanel (branch coverage)","Sun Sep 20 16:02:09 UTC 2026","passed","Sun Sep 20 16:02:09 UTC 2026","","","",""
"","1","workflowRunAwaitingApprovalLabel and pending chip label","approval phrasing helpers","Sun Sep 20 16:00:29 UTC 2026","passed","Sun Sep 20 16:00:29 UTC 2026","","","",""
"","10","rejects a manifest without a nodes map","CodeView — manifest tab","Sun Sep 20 16:03:01 UTC 2026","passed","Sun Sep 20 16:03:01 UTC 2026","","","",""
"","2","shows the field description text when present","PlanInteractionPrompt — input kind","Sun Sep 20 16:00:47 UTC 2026","passed","Sun Sep 20 16:00:47 UTC 2026","","","",""
"","1","workflowRunStatusPhrase lowercases the label","workflowRunStatusLabel / Phrase / VerbPhrase / Message","Sun Sep 20 16:00:29 UTC 2026","passed","Sun Sep 20 16:00:29 UTC 2026","","","",""
"","39","hides member management for a viewer without project.manage_members","Administration","Sun Sep 20 16:00:19 UTC 2026","passed","Sun Sep 20 16:00:19 UTC 2026","","","",""
"","2","returns null when no questions","QuestionList","Sun Sep 20 16:02:28 UTC 2026","passed","Sun Sep 20 16:02:28 UTC 2026","","","",""
"","42","shows an 'Agent enabled' toast when re-enabling a disabled agent","AgentDetail","Sun Sep 20 16:00:55 UTC 2026","passed","Sun Sep 20 16:00:55 UTC 2026","","","",""
"","452","edits and saves a tool as admin, then shows a refresh warning when the follow-up fetch fails","ToolDetail","Sun Sep 20 16:01:24 UTC 2026","passed","Sun Sep 20 16:01:25 UTC 2026","","","",""
"","439","navigates across routes and refreshes sidebar badges from SSE-triggered summary reload","App shell end-to-end journeys","Sun Sep 20 15:59:58 UTC 2026","passed","Sun Sep 20 15:59:59 UTC 2026","","","",""
"","0","returns null when there is no merged object and no output","extractJoinDiagnostics","Sun Sep 20 15:59:38 UTC 2026","passed","Sun Sep 20 15:59:38 UTC 2026","","","",""
"","90","lists masked service tokens and revokes an active token","WorkflowDetail Service tab","Sun Sep 20 16:00:58 UTC 2026","passed","Sun Sep 20 16:00:58 UTC 2026","","","",""
"","5","edits a node's display name and description","Component enhancements (label / advanced / output / legacy)","Sun Sep 20 15:59:12 UTC 2026","passed","Sun Sep 20 15:59:12 UTC 2026","","","",""
"","214","turns historical-version editor monitor notes into completed-run comparison guidance","WorkflowEditor page","Sun Sep 20 15:58:36 UTC 2026","passed","Sun Sep 20 15:58:36 UTC 2026","","","",""
"","104","combines a status filter with a search term","Workflows — search","Sun Sep 20 16:00:14 UTC 2026","passed","Sun Sep 20 16:00:14 UTC 2026","","","",""
"","112","disables editor resume actions when the active wait checkpoint payload is corrupt","WorkflowEditor handler branches","Sun Sep 20 15:59:02 UTC 2026","passed","Sun Sep 20 15:59:02 UTC 2026","","","",""
"","16","setPanelWidth clamps through Width 999","AssistantPanelContext","Sun Sep 20 16:02:35 UTC 2026","passed","Sun Sep 20 16:02:35 UTC 2026","","","",""
"","15","blocks and states the requirement when the caller lacks the scope","MutationGuard","Sun Sep 20 16:02:12 UTC 2026","passed","Sun Sep 20 16:02:12 UTC 2026","","","",""
"","27","shows needs-prompt status for agents without a prompt","Prompts","Sun Sep 20 15:59:25 UTC 2026","passed","Sun Sep 20 15:59:25 UTC 2026","","","",""
"","125","pins run replay and debugger to the queued draft snapshot for a selected run","WorkflowDetail calibration","Sun Sep 20 15:58:51 UTC 2026","passed","Sun Sep 20 15:58:51 UTC 2026","","","",""
"","115","surfaces the API error inside the panel without closing it","EvalDatasets create panel (lines 399-485)","Sun Sep 20 16:02:26 UTC 2026","passed","Sun Sep 20 16:02:26 UTC 2026","","","",""
"","118","switches the working version from the header and exposes Set active","Knowledge Bases asset workspace (R1 IA)","Sun Sep 20 15:59:22 UTC 2026","passed","Sun Sep 20 15:59:22 UTC 2026","","","",""
"","57","opens versions panel and shows version rows","Prompts","Sun Sep 20 15:59:33 UTC 2026","passed","Sun Sep 20 15:59:33 UTC 2026","","","",""
"","105","renders headings, emphasis, inline code, and safe links","MarkdownView","Sun Sep 20 16:01:08 UTC 2026","passed","Sun Sep 20 16:01:08 UTC 2026","","","",""
"","52","lets an admin delete a server after an inline confirmation","McpServers","Sun Sep 20 15:59:54 UTC 2026","passed","Sun Sep 20 15:59:54 UTC 2026","","","",""
"","0","returns null when there is no meaningful result data","extractSubworkflowDiagnostics","Sun Sep 20 15:59:38 UTC 2026","passed","Sun Sep 20 15:59:38 UTC 2026","","","",""
"","119","runs a judge in the 'Try it' playground and shows the score + rationale","Judges","Sun Sep 20 16:00:26 UTC 2026","passed","Sun Sep 20 16:00:27 UTC 2026","","","",""
"","89","renders every default workflow node type and fires onAddNode","NodePalette","Sun Sep 20 15:59:09 UTC 2026","passed","Sun Sep 20 15:59:09 UTC 2026","","","",""
"","160","keeps workflow-shaped patterns as real library templates","Prompts","Sun Sep 20 15:59:28 UTC 2026","passed","Sun Sep 20 15:59:29 UTC 2026","","","",""
"","68","adds a new example by hand (POST /examples with parsed JSON)","EvalDatasetDetail","Sun Sep 20 16:00:45 UTC 2026","passed","Sun Sep 20 16:00:45 UTC 2026","","","",""
"","0","joins bucket and prefix into a location for output writes","describeStepChange — storage diagnostics branches (via diagnostics override)","Sun Sep 20 15:59:38 UTC 2026","passed","Sun Sep 20 15:59:38 UTC 2026","","","",""
"","1","renders loop-target reference edges and uses them for layout depth","manifestToFlow","Sun Sep 20 15:59:50 UTC 2026","passed","Sun Sep 20 15:59:50 UTC 2026","","","",""
"","179","never labels a create as a version, or vice versa","Knowledge Bases page","Sun Sep 20 15:59:16 UTC 2026","passed","Sun Sep 20 15:59:16 UTC 2026","","","",""
"","2","renders rejected as Rejected with its tone color","StatusBadge","Sun Sep 20 16:03:32 UTC 2026","passed","Sun Sep 20 16:03:32 UTC 2026","","","",""
"","66","streams valid workflow step events into live run logs","WorkflowDetail calibration","Sun Sep 20 15:58:46 UTC 2026","passed","Sun Sep 20 15:58:46 UTC 2026","","","",""
"","1","renders bounded loop target reference edges and uses them for layout depth","manifestToFlow","Sun Sep 20 15:59:50 UTC 2026","passed","Sun Sep 20 15:59:50 UTC 2026","","","",""
"","1","names each scope in human terms","scopeLabel / missingScopeReason","Sun Sep 20 16:02:41 UTC 2026","passed","Sun Sep 20 16:02:41 UTC 2026","","","",""
"","35","keeps AGE tuning enabled when the node follows an AGE-backed KB default","Inspector","Sun Sep 20 15:59:11 UTC 2026","passed","Sun Sep 20 15:59:11 UTC 2026","","","",""
"","19","shows a load error for secrets","Administration","Sun Sep 20 16:00:19 UTC 2026","passed","Sun Sep 20 16:00:19 UTC 2026","","","",""
"","416","prefills extraction templates with starter examples instead of raw required-field errors","Prompts","Sun Sep 20 15:59:27 UTC 2026","passed","Sun Sep 20 15:59:27 UTC 2026","","","",""
"","50","renders header metadata, docs list, and starter ports","WorkflowComponentSchemaSummary","Sun Sep 20 16:01:09 UTC 2026","passed","Sun Sep 20 16:01:09 UTC 2026","","","",""
"","7","renders all five artifact type buttons","ArtifactTypeSelector","Sun Sep 20 16:02:28 UTC 2026","passed","Sun Sep 20 16:02:28 UTC 2026","","","",""
"","377","surfaces the workspace header on open and reaches AGE retrieval from the graph explore view","Knowledge Bases page","Sun Sep 20 15:59:14 UTC 2026","passed","Sun Sep 20 15:59:14 UTC 2026","","","",""
"","192","falls back to discovered tools when policy loading and discovery fail","McpServers","Sun Sep 20 15:59:53 UTC 2026","passed","Sun Sep 20 15:59:54 UTC 2026","","","",""
"","151","keeps the persisted saved workflow version label when the historical version row is gone but the run manifest exists","WorkflowEditor handler branches","Sun Sep 20 15:58:57 UTC 2026","passed","Sun Sep 20 15:58:57 UTC 2026","","","",""
"","87","surfaces non-Error API failures as text","WorkspaceSelector","Sun Sep 20 16:02:18 UTC 2026","passed","Sun Sep 20 16:02:18 UTC 2026","","","",""
"","31","renders status, output, what-changed, tool count, and duration","StepPreview","Sun Sep 20 15:59:38 UTC 2026","passed","Sun Sep 20 15:59:38 UTC 2026","","","",""
"","129","saves fixture cases and refreshes the tool detail","Tool Workspace — Fixtures stage","Sun Sep 20 16:00:42 UTC 2026","passed","Sun Sep 20 16:00:42 UTC 2026","","","",""
"","6","surfaces incompatible output options without auto-selecting them","ConnectMapPopover","Sun Sep 20 15:59:12 UTC 2026","passed","Sun Sep 20 15:59:12 UTC 2026","","","",""
"","158","duplicates the selected node with Cmd+D","WorkflowEditor page","Sun Sep 20 15:58:33 UTC 2026","passed","Sun Sep 20 15:58:33 UTC 2026","","","",""
"","11","calls onAnswer for option alpha","QuestionList","Sun Sep 20 16:01:38 UTC 2026","passed","Sun Sep 20 16:01:38 UTC 2026","","","",""
"","45","shows usage rows and the empty-usage state","ToolDetail","Sun Sep 20 16:01:25 UTC 2026","passed","Sun Sep 20 16:01:25 UTC 2026","","","",""
"","1","humanises snake_case and kebab-case field names","describeApiError — structured validation failures","Sun Sep 20 16:01:19 UTC 2026","passed","Sun Sep 20 16:01:19 UTC 2026","","","",""
"","0","reads waiting_event/waiting_approval directly off status","workflowRunStatusFromStep","Sun Sep 20 16:00:29 UTC 2026","passed","Sun Sep 20 16:00:29 UTC 2026","","","",""
"","55","navigates back to the list from the detail breadcrumb","OpenApiIntegrations","Sun Sep 20 15:59:47 UTC 2026","passed","Sun Sep 20 15:59:47 UTC 2026","","","",""
"","43","lets operators jump from a file back to its producing node","RunFilePanel","Sun Sep 20 16:01:05 UTC 2026","passed","Sun Sep 20 16:01:05 UTC 2026","","","",""
"","60","switches to a non-deterministic template, revealing the SANITIZATION rewrite-endpoint picker","GatewayGuardrailsTab","Sun Sep 20 16:00:51 UTC 2026","passed","Sun Sep 20 16:00:51 UTC 2026","","","",""
"","5","treats completed/failed/cancelled as terminal, the rest as resumable","plan-view helpers","Sun Sep 20 16:03:30 UTC 2026","passed","Sun Sep 20 16:03:30 UTC 2026","","","",""
"","2","turns missing inherited checkpoint details into recovery guidance","workflow run panels","Sun Sep 20 16:00:12 UTC 2026","passed","Sun Sep 20 16:00:12 UTC 2026","","","",""
"","98","Test Runs: set-baseline calls setToolBaseline","ToolWorkspace","Sun Sep 20 16:02:04 UTC 2026","passed","Sun Sep 20 16:02:04 UTC 2026","","","",""
"","16","renders the message-square-text icon on prompt cards (same mark as the sidebar)","Prompts — search","Sun Sep 20 15:59:36 UTC 2026","passed","Sun Sep 20 15:59:36 UTC 2026","","","",""
"","62","shows tool usage rows when the tool is referenced by a workflow","Tool Workspace — Publish stage","Sun Sep 20 16:00:43 UTC 2026","passed","Sun Sep 20 16:00:43 UTC 2026","","","",""
"","95","restores latest assistant plan automatically when reopening calibration","Prompts","Sun Sep 20 15:59:32 UTC 2026","passed","Sun Sep 20 15:59:32 UTC 2026","","","",""
"","133","generates and runs MCP tool tests in the playground","McpServers playground","Sun Sep 20 15:58:32 UTC 2026","passed","Sun Sep 20 15:58:32 UTC 2026","","","",""
"","1","humanizes labels by replacing underscores, with em-dash fallback","workflowCalibration formatters","Sun Sep 20 16:00:59 UTC 2026","passed","Sun Sep 20 16:00:59 UTC 2026","","","",""
"","9","turns an empty event timeline into guidance that uses step and checkpoint evidence","WorkflowRunDebugger","Sun Sep 20 15:59:39 UTC 2026","passed","Sun Sep 20 15:59:39 UTC 2026","","","",""
"","39","does not expose assistant settings inside the chat panel","CaliberAssistantPanel","Sun Sep 20 15:59:41 UTC 2026","passed","Sun Sep 20 15:59:41 UTC 2026","","","",""
"","22","distinguishes a failed aggregate query from an empty release board","Releases","Sun Sep 20 16:00:31 UTC 2026","passed","Sun Sep 20 16:00:31 UTC 2026","","","",""
"","134","runs a calibration and renders the aggregate metric cards + per-question rows","Knowledge Bases page","Sun Sep 20 15:59:20 UTC 2026","passed","Sun Sep 20 15:59:21 UTC 2026","","","",""
"","29","renders the status text and title for every plan status","PlanStatusBadge","Sun Sep 20 16:00:46 UTC 2026","passed","Sun Sep 20 16:00:46 UTC 2026","","","",""
"","2","explains that persisted events are unavailable while the run is still active (cancel_requested)","runEventsLoadErrorMessage","Sun Sep 20 16:00:10 UTC 2026","passed","Sun Sep 20 16:00:10 UTC 2026","","","",""
"","37","navigates to an agent's detail page when its card is clicked","Agents list page","Sun Sep 20 16:01:03 UTC 2026","passed","Sun Sep 20 16:01:03 UTC 2026","","","",""
"","17","distinguishes no measurement from a genuinely bad one","Dashboard","Sun Sep 20 16:01:06 UTC 2026","passed","Sun Sep 20 16:01:06 UTC 2026","","","",""
"","118","collapses/expands and persists state","CollapsiblePanel","Sun Sep 20 16:02:31 UTC 2026","passed","Sun Sep 20 16:02:31 UTC 2026","","","",""
"","11","surfaces an API error in a red banner","GatewayUsageTab","Sun Sep 20 16:02:13 UTC 2026","passed","Sun Sep 20 16:02:13 UTC 2026","","","",""
"","1","creates MCP tool bindings from agent tool refs","ensureAgentToolBindings","Sun Sep 20 16:02:55 UTC 2026","passed","Sun Sep 20 16:02:55 UTC 2026","","","",""
"","1","nodeSubtitle summarizes agent tools","node helpers","Sun Sep 20 15:59:50 UTC 2026","passed","Sun Sep 20 15:59:50 UTC 2026","","","",""
"","4","ships with one live alias and no stage ladder","single-environment defaults","Sun Sep 20 16:02:47 UTC 2026","passed","Sun Sep 20 16:02:47 UTC 2026","","","",""
"","40","rejects invalid Expected JSON without posting","EvalDatasetDetail — editor validation branches","Sun Sep 20 16:00:45 UTC 2026","passed","Sun Sep 20 16:00:45 UTC 2026","","","",""
"","73","toggles the allow-in-preview flag for a tool draft","OpenApiIntegrations","Sun Sep 20 15:59:49 UTC 2026","passed","Sun Sep 20 15:59:49 UTC 2026","","","",""
"","1","ignores a corrupt persisted value and falls back to grid","useViewMode","Sun Sep 20 16:03:28 UTC 2026","passed","Sun Sep 20 16:03:28 UTC 2026","","","",""
"","9","turns an empty event timeline into in-flight guidance when the run is still active","WorkflowRunDebugger","Sun Sep 20 15:59:39 UTC 2026","passed","Sun Sep 20 15:59:39 UTC 2026","","","",""
"","103","badges the Plans nav with the count of plans awaiting input","Sidebar plans badge","Sun Sep 20 16:03:15 UTC 2026","passed","Sun Sep 20 16:03:15 UTC 2026","","","",""
"","4","reflects a list selection","ViewToggle","Sun Sep 20 16:03:34 UTC 2026","passed","Sun Sep 20 16:03:34 UTC 2026","","","",""
"","81","restores a persisted active session and hydrates its runtime metadata","CaliberAssistantPanel","Sun Sep 20 15:59:41 UTC 2026","passed","Sun Sep 20 15:59:41 UTC 2026","","","",""
"","93","navigates back to the agents list via the back button","AgentDetail","Sun Sep 20 16:00:55 UTC 2026","passed","Sun Sep 20 16:00:55 UTC 2026","","","",""
"","27","reacts to workflow.run.recovered event-stream messages","WorkflowDetail calibration","Sun Sep 20 15:58:46 UTC 2026","passed","Sun Sep 20 15:58:46 UTC 2026","","","",""
"","5","includes lease recovery events in the recovery timeline","workflow run panels","Sun Sep 20 16:00:12 UTC 2026","passed","Sun Sep 20 16:00:12 UTC 2026","","","",""
"","124","shows gate evidence and Accept/Reject buttons when a metric is present","PlanInteractionPrompt — confirm kind","Sun Sep 20 16:00:46 UTC 2026","passed","Sun Sep 20 16:00:47 UTC 2026","","","",""
"","171","keeps a manual node selection pinned while the live run advances","WorkflowDetail calibration","Sun Sep 20 15:58:47 UTC 2026","passed","Sun Sep 20 15:58:48 UTC 2026","","","",""
"","165","removes the selected node with the Delete key","WorkflowEditor page","Sun Sep 20 15:58:33 UTC 2026","passed","Sun Sep 20 15:58:33 UTC 2026","","","",""
"","72","filters by time range","Observability page","Sun Sep 20 16:01:11 UTC 2026","passed","Sun Sep 20 16:01:11 UTC 2026","","","",""
"","20","keeps the current selection when re-rendering with a step list that still contains it","selection persistence and focus effects","Sun Sep 20 16:00:11 UTC 2026","passed","Sun Sep 20 16:00:11 UTC 2026","","","",""
"","0","matches a scope present in the effective set","hasScope","Sun Sep 20 16:02:41 UTC 2026","passed","Sun Sep 20 16:02:41 UTC 2026","","","",""
"","73","shows draft cards when drafts toggle is clicked","CaliberAssistantPanel","Sun Sep 20 15:59:42 UTC 2026","passed","Sun Sep 20 15:59:42 UTC 2026","","","",""
"","50","opens the detail view from a card's Open button","Workflows — card content & navigation","Sun Sep 20 16:00:14 UTC 2026","passed","Sun Sep 20 16:00:14 UTC 2026","","","",""
"","1","strips only the launch keys and keeps unrelated params intact","knowledgeBuildLaunch","Sun Sep 20 16:00:59 UTC 2026","passed","Sun Sep 20 16:00:59 UTC 2026","","","",""
"","21","falls back to generic guidance for an unchanged transition on an unrecognized status","unchanged transition diffs for a non-first step","Sun Sep 20 16:00:10 UTC 2026","passed","Sun Sep 20 16:00:10 UTC 2026","","","",""
"","146","renders the three modes and reports a selection","ModeSelector","Sun Sep 20 16:01:34 UTC 2026","passed","Sun Sep 20 16:01:34 UTC 2026","","","",""
"","5","surfaces child workflow diagnostics with path, version, and token usage","StepPreview","Sun Sep 20 15:59:38 UTC 2026","passed","Sun Sep 20 15:59:38 UTC 2026","","","",""
"","1","falls back to tool-call count (singular/plural)","describeStepChange","Sun Sep 20 15:59:38 UTC 2026","passed","Sun Sep 20 15:59:38 UTC 2026","","","",""
"","106","renders audit entries newest-first with a total summary","AuditLog","Sun Sep 20 16:01:28 UTC 2026","passed","Sun Sep 20 16:01:28 UTC 2026","","","",""
"","113","offers the HITL governance template and posts its manifest","Workflows page","Sun Sep 20 15:58:31 UTC 2026","passed","Sun Sep 20 15:58:31 UTC 2026","","","",""
"","1","omits the override reason when not provided","makePromptVersionAdapter","Sun Sep 20 16:02:05 UTC 2026","passed","Sun Sep 20 16:02:05 UTC 2026","","","",""
"","54","dismisses on backdrop click but not on dialog click","Workflows — delete confirmation (hardened)","Sun Sep 20 16:00:16 UTC 2026","passed","Sun Sep 20 16:00:16 UTC 2026","","","",""
"","38","toggling the trace editor off hides it","EvalDatasetDetail — capture from trace","Sun Sep 20 16:00:45 UTC 2026","passed","Sun Sep 20 16:00:45 UTC 2026","","","",""
"","167","shows line count for content","SkillWizard","Sun Sep 20 16:00:37 UTC 2026","passed","Sun Sep 20 16:00:37 UTC 2026","","Step 2: Content (Progressive Disclosure)","",""
"","325","steer enqueues a priority message","CaliberAssistantPanel — queue & steer","Sun Sep 20 16:02:19 UTC 2026","passed","Sun Sep 20 16:02:20 UTC 2026","","","",""
"","2","separates keys, strings, numbers, and booleans","highlightTokens — JSON classification","Sun Sep 20 16:03:16 UTC 2026","passed","Sun Sep 20 16:03:16 UTC 2026","","","",""
"","55","previews the active-as-of snapshot with a distinct query contract","EvalDatasetDetail","Sun Sep 20 16:00:45 UTC 2026","passed","Sun Sep 20 16:00:45 UTC 2026","","","",""
"","297","runs preview from the editor toolbar and shows execution output","WorkflowEditor page","Sun Sep 20 15:58:34 UTC 2026","passed","Sun Sep 20 15:58:34 UTC 2026","","","",""
"","10","shows a recoverable error instead of loading forever when the tool request fails","ToolDetail page","Sun Sep 20 15:58:52 UTC 2026","passed","Sun Sep 20 15:58:52 UTC 2026","","","",""
"","10","rejects invalid JSON without applying","NodeCodeModal","Sun Sep 20 16:03:14 UTC 2026","passed","Sun Sep 20 16:03:14 UTC 2026","","","",""
"","30","renders draft with a distinct label + testid","VersionStatusBadge","Sun Sep 20 16:03:37 UTC 2026","passed","Sun Sep 20 16:03:37 UTC 2026","","","",""
"","67","mounts the shared VersionPanel and the draft/promote actions on the Author stage","Prompts — Workspace","Sun Sep 20 15:59:37 UTC 2026","passed","Sun Sep 20 15:59:37 UTC 2026","","","",""
"","113","does not expose login until a delayed server logout has settled","App shell end-to-end journeys","Sun Sep 20 15:59:57 UTC 2026","passed","Sun Sep 20 15:59:57 UTC 2026","","","",""
"","142","renders a skill and handles variable parsing + render result","SkillPlaygroundPanel (Render Preview)","Sun Sep 20 16:03:12 UTC 2026","passed","Sun Sep 20 16:03:12 UTC 2026","","","",""
"","3","paints the current stage failed when the job's status is failed","PipelineProgress","Sun Sep 20 16:03:08 UTC 2026","passed","Sun Sep 20 16:03:08 UTC 2026","","","",""
"","1","ignores a bare issue reference in prose","mergedPrNumbers","Sun Sep 20 16:02:27 UTC 2026","passed","Sun Sep 20 16:02:27 UTC 2026","","","",""
"","16","renders one row per rate, with a dash for an unset cached price","GatewayPricingTab","Sun Sep 20 16:02:24 UTC 2026","passed","Sun Sep 20 16:02:24 UTC 2026","","","",""
"","6","ignores the file input event when no file is chosen","WorkflowImportDialog (import mode)","Sun Sep 20 16:00:21 UTC 2026","passed","Sun Sep 20 16:00:21 UTC 2026","","","",""
"","76","shows the current binding from the workspace payload on the Bind stage","Prompts — Workspace","Sun Sep 20 15:59:36 UTC 2026","passed","Sun Sep 20 15:59:36 UTC 2026","","","",""
"","46","lazily loads a folder's children on first expand and collapses again","BucketTree","Sun Sep 20 16:01:08 UTC 2026","passed","Sun Sep 20 16:01:08 UTC 2026","","","",""
"","125","hides cancel actions in run detail when the workflow run queue is disabled","WorkflowDetail calibration","Sun Sep 20 15:58:44 UTC 2026","passed","Sun Sep 20 15:58:44 UTC 2026","","","",""
"","91","clears cache and remounts authenticated state on a same-user generation change","App shell end-to-end journeys","Sun Sep 20 15:59:57 UTC 2026","passed","Sun Sep 20 15:59:57 UTC 2026","","","",""
"","0","reports queued/processing/failed/completed statuses","describeStepChange — knowledge-build diagnostics branches","Sun Sep 20 15:59:38 UTC 2026","passed","Sun Sep 20 15:59:38 UTC 2026","","","",""
"","3","renders an unrecognized child status with a version-number-only version line and no status badge otherwise","StepPreview — additional prop-driven render branches","Sun Sep 20 15:59:38 UTC 2026","passed","Sun Sep 20 15:59:38 UTC 2026","","","",""
"","4","renders the current approval mode manual","ApprovalModeSelector","Sun Sep 20 16:01:38 UTC 2026","passed","Sun Sep 20 16:01:38 UTC 2026","","","",""
"","185","renders the three panels and node outline","WorkflowEditor page","Sun Sep 20 15:58:32 UTC 2026","passed","Sun Sep 20 15:58:33 UTC 2026","","","",""
"","173","renames a session: opens the inline form, edits, and PATCHes the title","ChatHistory","Sun Sep 20 16:01:18 UTC 2026","passed","Sun Sep 20 16:01:18 UTC 2026","","","",""
"","67","edits a row via the /revise endpoint","EvalDatasetDetail","Sun Sep 20 16:00:45 UTC 2026","passed","Sun Sep 20 16:00:45 UTC 2026","","","",""
"","6","builds agent and guardrail nodes","WorkflowEditor newNode","Sun Sep 20 16:02:46 UTC 2026","passed","Sun Sep 20 16:02:46 UTC 2026","","","",""
"","0","for_each_loop wires a for-each node to a reusable worker agent","templateManifest","Sun Sep 20 15:59:50 UTC 2026","passed","Sun Sep 20 15:59:50 UTC 2026","","","",""
"","2","guides a stopped run with no persisted evidence at all","empty debugger state (no recorded steps)","Sun Sep 20 16:00:10 UTC 2026","passed","Sun Sep 20 16:00:10 UTC 2026","","","",""
"","9","updates workflow-level MLflow settings","Inspector","Sun Sep 20 15:59:10 UTC 2026","passed","Sun Sep 20 15:59:10 UTC 2026","","","",""
"","11","treats a missing rate as unmeasured","Dashboard","Sun Sep 20 16:01:07 UTC 2026","passed","Sun Sep 20 16:01:07 UTC 2026","","","",""
"","5","renders known statuses","DraftStatusBadge","Sun Sep 20 16:02:28 UTC 2026","passed","Sun Sep 20 16:02:28 UTC 2026","","","",""
"","53","disables Accept for an empty (no-op) proposal — the fake-provider case","WorkflowPlanPanel","Sun Sep 20 16:02:40 UTC 2026","passed","Sun Sep 20 16:02:40 UTC 2026","","","",""
"","117","renders the version history panel on the Versions tab","SkillDetail","Sun Sep 20 16:00:32 UTC 2026","passed","Sun Sep 20 16:00:32 UTC 2026","","","",""
"","0","returns null when blocked with an unrelated node type, or no match at all","workflowRunStatusFromStep","Sun Sep 20 16:00:29 UTC 2026","passed","Sun Sep 20 16:00:29 UTC 2026","","","",""
"","2","replaces underscores with spaces for multi-word statuses","StepStatusBadge","Sun Sep 20 16:00:46 UTC 2026","passed","Sun Sep 20 16:00:46 UTC 2026","","","",""
"","5","builds a launch path with mode, bucket, preset, and every source","knowledgeBuildLaunch","Sun Sep 20 16:00:59 UTC 2026","passed","Sun Sep 20 16:00:59 UTC 2026","","","",""
"","0","supports node_type loop","extractForEachDiagnostics","Sun Sep 20 15:59:38 UTC 2026","passed","Sun Sep 20 15:59:38 UTC 2026","","","",""
"","49","shows an error when reimport fails","OpenApiIntegrations","Sun Sep 20 15:59:48 UTC 2026","passed","Sun Sep 20 15:59:48 UTC 2026","","","",""
"","1","handles a lettered residue id","parseLedger","Sun Sep 20 16:02:27 UTC 2026","passed","Sun Sep 20 16:02:27 UTC 2026","","","",""
"","165","restores a published version as a fresh draft from the read-only banner","WorkflowEditor handler branches","Sun Sep 20 15:58:54 UTC 2026","passed","Sun Sep 20 15:58:54 UTC 2026","","","",""
"","123","adds an option from the searchable list","ChipMultiSelect","Sun Sep 20 16:03:13 UTC 2026","passed","Sun Sep 20 16:03:13 UTC 2026","","","",""
"","77","shows an error message when tool draft generation fails","OpenApiIntegrations","Sun Sep 20 15:59:48 UTC 2026","passed","Sun Sep 20 15:59:48 UTC 2026","","","",""
"","182","creates a new integration and opens it","OpenApiIntegrations","Sun Sep 20 15:59:46 UTC 2026","passed","Sun Sep 20 15:59:46 UTC 2026","","","",""
"","1","returns null when every source is malformed (decode → empty)","knowledgeBuildLaunch","Sun Sep 20 16:00:59 UTC 2026","passed","Sun Sep 20 16:00:59 UTC 2026","","","",""
"","1","uses marker-specific phrasing for known kinds","workflowRunCheckpointMarkerLabel","Sun Sep 20 16:00:29 UTC 2026","passed","Sun Sep 20 16:00:29 UTC 2026","","","",""
"","15","hides advanced fields until Show advanced is clicked","Component enhancements (label / advanced / output / legacy)","Sun Sep 20 15:59:12 UTC 2026","passed","Sun Sep 20 15:59:12 UTC 2026","","","",""
"","3","renders a pending-gate banner when the gate verdict is absent","EvalComparison","Sun Sep 20 16:02:57 UTC 2026","passed","Sun Sep 20 16:02:57 UTC 2026","","","",""
"","0","prefers chunk count with a retrieval-mode label (singular)","describeStepChange — knowledge-query diagnostics branches","Sun Sep 20 15:59:38 UTC 2026","passed","Sun Sep 20 15:59:38 UTC 2026","","","",""
"","4","does not render the manifest textarea or file picker in clone mode","WorkflowImportDialog (clone mode)","Sun Sep 20 16:00:22 UTC 2026","passed","Sun Sep 20 16:00:22 UTC 2026","","","",""
"","153","enqueues traces, clears the input on success, and surfaces failures","ReviewQueues","Sun Sep 20 16:00:53 UTC 2026","passed","Sun Sep 20 16:00:53 UTC 2026","","","",""
"","164","refreshes the selected run debugger and session memory when a live step event arrives","WorkflowDetail calibration","Sun Sep 20 15:58:47 UTC 2026","passed","Sun Sep 20 15:58:47 UTC 2026","","","",""
"","4","renders multiple chips in order","AssistantProcessSteps","Sun Sep 20 16:02:41 UTC 2026","passed","Sun Sep 20 16:02:41 UTC 2026","","","",""
"","331","uses the saved default retrieval path when opening the playground","Knowledge Bases page","Sun Sep 20 15:59:17 UTC 2026","passed","Sun Sep 20 15:59:17 UTC 2026","","","",""
"","3","renders status draft with the right tone","DraftStatusBadge","Sun Sep 20 16:01:38 UTC 2026","passed","Sun Sep 20 16:01:38 UTC 2026","","","",""
"","0","suffixes a storage-detail message with a truncated-only notice","describeStepChange — storage diagnostics branches (via diagnostics override)","Sun Sep 20 15:59:38 UTC 2026","passed","Sun Sep 20 15:59:38 UTC 2026","","","",""
"","42","labels the all-zero equal-row fallback instead of implying row exclusion","EvaluationDetail page","Sun Sep 20 16:01:01 UTC 2026","passed","Sun Sep 20 16:01:01 UTC 2026","","","",""
"","4","renders a csv param array back as a comma-joined string","GuardrailChecksEditor","Sun Sep 20 16:02:42 UTC 2026","passed","Sun Sep 20 16:02:42 UTC 2026","","","",""
"","1","reports registrations and distinct paths separately","parseRoutes","Sun Sep 20 16:02:10 UTC 2026","passed","Sun Sep 20 16:02:10 UTC 2026","","","",""
"","0","knowledge_age pins AGE graph retrieval on the knowledge query node","templateManifest","Sun Sep 20 15:59:50 UTC 2026","passed","Sun Sep 20 15:59:50 UTC 2026","","","",""
"","100","selects a previous session from chat history and starts a new chat from the drawer","CaliberAssistantPanel — misc interactions","Sun Sep 20 15:59:44 UTC 2026","passed","Sun Sep 20 15:59:44 UTC 2026","","","",""
"","64","renders object, array, enum, and unknown-shaped nested schema fields","OpenApiIntegrations","Sun Sep 20 15:59:49 UTC 2026","passed","Sun Sep 20 15:59:49 UTC 2026","","","",""
"","1","handles empty inputs","diffLines","Sun Sep 20 16:03:18 UTC 2026","passed","Sun Sep 20 16:03:18 UTC 2026","","","",""
"","0","returns resumed / retried detail only when the payload carries it","workflowRunLifecycleDetail","Sun Sep 20 16:00:29 UTC 2026","passed","Sun Sep 20 16:00:29 UTC 2026","","","",""
"","77","shows the server error message when creating a queue fails","ReviewQueues","Sun Sep 20 16:00:53 UTC 2026","passed","Sun Sep 20 16:00:53 UTC 2026","","","",""
"","4","surfaces direct tool-node diagnostics and the text-port result preview","StepPreview","Sun Sep 20 15:59:38 UTC 2026","passed","Sun Sep 20 15:59:38 UTC 2026","","","",""
"","36","shows a status-update-failed toast when enable/disable is rejected","AgentDetail","Sun Sep 20 16:00:55 UTC 2026","passed","Sun Sep 20 16:00:55 UTC 2026","","","",""
"","111","logs out and clears the local session","App shell end-to-end journeys","Sun Sep 20 15:59:57 UTC 2026","passed","Sun Sep 20 15:59:57 UTC 2026","","","",""
"","86","surfaces a non-fatal error when deletion fails","Knowledge Bases delete","Sun Sep 20 15:59:23 UTC 2026","passed","Sun Sep 20 15:59:23 UTC 2026","","","",""
"","0","keeps a non-null result when only an output preview exists (zero branches)","extractJoinDiagnostics","Sun Sep 20 15:59:38 UTC 2026","passed","Sun Sep 20 15:59:38 UTC 2026","","","",""
"","50","offers retrieval presets for knowledge query nodes including an AGE-ready shortcut","Inspector","Sun Sep 20 15:59:11 UTC 2026","passed","Sun Sep 20 15:59:11 UTC 2026","","","",""
"","11","stays inert when disabled","ApprovalModeSelector","Sun Sep 20 16:01:38 UTC 2026","passed","Sun Sep 20 16:01:38 UTC 2026","","","",""
"","266","switches the span view to the timeline waterfall","Observability page","Sun Sep 20 16:01:11 UTC 2026","passed","Sun Sep 20 16:01:11 UTC 2026","","","",""
"","32","renders highlighted JSON with the surface test id","CodeBlock","Sun Sep 20 16:03:20 UTC 2026","passed","Sun Sep 20 16:03:20 UTC 2026","","","",""
"","60","shows drafts toggle when drafts exist","CaliberAssistantPanel","Sun Sep 20 15:59:42 UTC 2026","passed","Sun Sep 20 15:59:42 UTC 2026","","","",""
"","1","renders status validating with the right tone","DraftStatusBadge","Sun Sep 20 16:01:38 UTC 2026","passed","Sun Sep 20 16:01:38 UTC 2026","","","",""
"","40","surfaces a server error from the editor save","EvalDatasetDetail — editor validation branches","Sun Sep 20 16:00:45 UTC 2026","passed","Sun Sep 20 16:00:45 UTC 2026","","","",""
"","2","renders the current mode plan","ModeSelector","Sun Sep 20 16:01:37 UTC 2026","passed","Sun Sep 20 16:01:37 UTC 2026","","","",""
"","100","shows a plain (non-steer) row without a Steer badge, pluralizes the count, and invokes onCancel with that row's queue_id on remove","QueuedMessages","Sun Sep 20 16:02:19 UTC 2026","passed","Sun Sep 20 16:02:19 UTC 2026","","","",""
"","6","shows generic fallback for non-Error throws","RouteErrorBoundary","Sun Sep 20 16:02:31 UTC 2026","passed","Sun Sep 20 16:02:31 UTC 2026","","","",""
"","2","rejects unsupported workflow node types instead of silently creating notes","WorkflowEditor handler branches","Sun Sep 20 15:59:08 UTC 2026","passed","Sun Sep 20 15:59:08 UTC 2026","","","",""
"","0","apiErrorText survives a bare object","resilience — this code runs inside catch blocks","Sun Sep 20 16:01:19 UTC 2026","passed","Sun Sep 20 16:01:19 UTC 2026","","","",""
"","24","treats ordinary (non-bundle) JSON manifests as manifest_yaml rather than a deployment bundle","WorkflowImportDialog (import mode)","Sun Sep 20 16:00:21 UTC 2026","passed","Sun Sep 20 16:00:21 UTC 2026","","","",""
"","6","renders field rows, required badge and descriptions","ToolSignature","Sun Sep 20 16:02:31 UTC 2026","passed","Sun Sep 20 16:02:31 UTC 2026","","","",""
"","128","turns empty run output into status-aware gate guidance","WorkflowEditor handler branches","Sun Sep 20 15:58:57 UTC 2026","passed","Sun Sep 20 15:58:57 UTC 2026","","","",""
"","128","turns approval lookup failures into stopped-run recovery guidance in workflow detail","WorkflowDetail calibration","Sun Sep 20 15:58:49 UTC 2026","passed","Sun Sep 20 15:58:49 UTC 2026","","","",""
"","0","extracts tool calls from %p","toolCallsFromMetadata","Sun Sep 20 16:02:40 UTC 2026","passed","Sun Sep 20 16:02:40 UTC 2026","","","",""
"","127","shows character counter for summary","SkillWizard","Sun Sep 20 16:00:36 UTC 2026","passed","Sun Sep 20 16:00:36 UTC 2026","","Step 2: Content (Progressive Disclosure)","",""
"","0","renders the retried-as message when a retried run id is present","workflowRunLifecycleSummary","Sun Sep 20 16:00:29 UTC 2026","passed","Sun Sep 20 16:00:29 UTC 2026","","","",""
"","1","stops at the end of the table rather than eating the prose","parseLedger","Sun Sep 20 16:02:27 UTC 2026","passed","Sun Sep 20 16:02:27 UTC 2026","","","",""
"","119","turns run-event lookup failures into stopped-run replay guidance in workflow detail","WorkflowDetail calibration","Sun Sep 20 15:58:50 UTC 2026","passed","Sun Sep 20 15:58:50 UTC 2026","","","",""
"","91","captures a trace into a test set","Observability page","Sun Sep 20 16:01:12 UTC 2026","passed","Sun Sep 20 16:01:12 UTC 2026","","","",""
"","2","turns missing step telemetry into recovery guidance backed by other run evidence","WorkflowRunDebugger","Sun Sep 20 15:59:39 UTC 2026","passed","Sun Sep 20 15:59:39 UTC 2026","","","",""
"","56","disables Accept for an empty (no-op) proposal — the fake-provider case","WorkflowCopilot","Sun Sep 20 16:02:16 UTC 2026","passed","Sun Sep 20 16:02:16 UTC 2026","","","",""
"","106","generates and runs LLM-judged unit tests and persists a durable hardening run","Tool Workspace — Hardening stage","Sun Sep 20 16:00:43 UTC 2026","passed","Sun Sep 20 16:00:43 UTC 2026","","","",""
"","73","renders a video player for media files","Object Store file manager","Sun Sep 20 16:00:07 UTC 2026","passed","Sun Sep 20 16:00:07 UTC 2026","","","",""
"","70","filters by model, and Clear filters resets search/model/status together","Judges","Sun Sep 20 16:00:27 UTC 2026","passed","Sun Sep 20 16:00:27 UTC 2026","","","",""
"","0","covers every recovered worker/reason combination","workflowRunLifecycleDetail","Sun Sep 20 16:00:29 UTC 2026","passed","Sun Sep 20 16:00:29 UTC 2026","","","",""
"","45","requests a CSV export carrying the active filters","AuditLog","Sun Sep 20 16:01:28 UTC 2026","passed","Sun Sep 20 16:01:29 UTC 2026","","","",""
"","552","summarizes lineage and the changeset on the save step","Prompts","Sun Sep 20 15:59:30 UTC 2026","passed","Sun Sep 20 15:59:31 UTC 2026","","","",""
"","16","labels the final stepper item 'Review & create'","SkillWizard","Sun Sep 20 16:00:36 UTC 2026","passed","Sun Sep 20 16:00:36 UTC 2026","","Step navigation","",""
"","1","catches an unrecognised status word","checkLedger","Sun Sep 20 16:02:27 UTC 2026","passed","Sun Sep 20 16:02:27 UTC 2026","","","",""
"","0","seeds an MCP binding from the tool policy the operator saved","agent tool bindings","Sun Sep 20 15:59:50 UTC 2026","passed","Sun Sep 20 15:59:50 UTC 2026","","","",""
"","105","auto-creates session when typing a message from empty state","CaliberAssistantPanel","Sun Sep 20 15:59:42 UTC 2026","passed","Sun Sep 20 15:59:43 UTC 2026","","","",""
"","1","parses JSON arrays directly","Prompts utility helpers","Sun Sep 20 16:02:53 UTC 2026","passed","Sun Sep 20 16:02:53 UTC 2026","","","",""
"","86","discards the proposal on Reject, keeping the goal","WorkflowPlanPanel","Sun Sep 20 16:02:40 UTC 2026","passed","Sun Sep 20 16:02:40 UTC 2026","","","",""
"","1","labels every known status","workflowRunStatusLabel / Phrase / VerbPhrase / Message","Sun Sep 20 16:00:29 UTC 2026","passed","Sun Sep 20 16:00:29 UTC 2026","","","",""
"","0","sorts merged keys alphabetically","extractJoinDiagnostics","Sun Sep 20 15:59:38 UTC 2026","passed","Sun Sep 20 15:59:38 UTC 2026","","","",""
"","25","toggles folder selection from the folder checkbox","BucketTree","Sun Sep 20 16:01:08 UTC 2026","passed","Sun Sep 20 16:01:08 UTC 2026","","","",""
"","19","adds workflow-level prompt artifacts from workflow settings","Inspector","Sun Sep 20 15:59:10 UTC 2026","passed","Sun Sep 20 15:59:10 UTC 2026","","","",""
"","200","submits the form, posts the payload, closes the panel and refreshes","EvalDatasets create panel (lines 399-485)","Sun Sep 20 16:02:26 UTC 2026","passed","Sun Sep 20 16:02:26 UTC 2026","","","",""
"","4","tolerates a malformed manifest missing a declared input's port spec","ConnectMapPopover","Sun Sep 20 16:01:23 UTC 2026","passed","Sun Sep 20 16:01:23 UTC 2026","","","",""
"","1","lays out by BFS depth (start left of agent left of final)","manifestToFlow","Sun Sep 20 15:59:50 UTC 2026","passed","Sun Sep 20 15:59:50 UTC 2026","","","",""
"","3","reads LIVE in single-environment (prod) mode","LiveBadge","Sun Sep 20 16:03:37 UTC 2026","passed","Sun Sep 20 16:03:37 UTC 2026","","","",""
"","155","copies and pastes a node with Cmd+C / Cmd+V","WorkflowEditor page","Sun Sep 20 15:58:34 UTC 2026","passed","Sun Sep 20 15:58:34 UTC 2026","","","",""
"","5","stores a number param as a number, not a string","GuardrailChecksEditor","Sun Sep 20 16:02:42 UTC 2026","passed","Sun Sep 20 16:02:42 UTC 2026","","","",""
"","140","narrows the gallery by goal and method facets","Prompts","Sun Sep 20 15:59:29 UTC 2026","passed","Sun Sep 20 15:59:29 UTC 2026","","","",""
"","6","parses variable json values as strings","Skills helpers","Sun Sep 20 16:03:22 UTC 2026","passed","Sun Sep 20 16:03:22 UTC 2026","","","",""
"","554","fills auth binding fields across api_key, header, basic, bearer, and oauth_refresh_token kinds","OpenApiIntegrations","Sun Sep 20 15:59:48 UTC 2026","passed","Sun Sep 20 15:59:49 UTC 2026","","","",""
"","199","adds a dependency via Enter","SkillWizard","Sun Sep 20 16:00:37 UTC 2026","passed","Sun Sep 20 16:00:37 UTC 2026","","Step 3: Composability","",""
"","1","assigns line numbers correctly","computeDiff","Sun Sep 20 16:02:59 UTC 2026","passed","Sun Sep 20 16:02:59 UTC 2026","","","",""
"","1","reads the last row when the table ends at EOF with no blank line","parseLedger","Sun Sep 20 16:02:27 UTC 2026","passed","Sun Sep 20 16:02:27 UTC 2026","","","",""
"","42","renders an enum as a select and submits the chosen string value","PlanInteractionPrompt — input kind","Sun Sep 20 16:00:47 UTC 2026","passed","Sun Sep 20 16:00:47 UTC 2026","","","",""
"","25","closes via the header X button without saving","AssistantSettings","Sun Sep 20 16:01:18 UTC 2026","passed","Sun Sep 20 16:01:18 UTC 2026","","","",""
"","95","turns reconstructed run graphs into completed-run replay guidance","WorkflowDetail calibration","Sun Sep 20 15:58:51 UTC 2026","passed","Sun Sep 20 15:58:51 UTC 2026","","","",""
"","2","renders status reviewing with the right tone","DraftStatusBadge","Sun Sep 20 16:01:38 UTC 2026","passed","Sun Sep 20 16:01:38 UTC 2026","","","",""
"","0","hitl_review wires agent → PII-redact guardrail → human approval → output","templateManifest","Sun Sep 20 15:59:50 UTC 2026","passed","Sun Sep 20 15:59:50 UTC 2026","","","",""
"","41","surfaces AGE-backed knowledge-query diagnostics inside the replay path","TraceReplayGraph","Sun Sep 20 15:59:12 UTC 2026","passed","Sun Sep 20 15:59:12 UTC 2026","","","",""
"","63","shows a local form error for invalid JSON without calling the API","AgentDetail","Sun Sep 20 16:00:55 UTC 2026","passed","Sun Sep 20 16:00:55 UTC 2026","","","",""
"","278","toggles the create panel open and closed via the header button","EvalDatasets create panel (lines 399-485)","Sun Sep 20 16:02:26 UTC 2026","passed","Sun Sep 20 16:02:26 UTC 2026","","","",""
"","253","shows content preview","SkillWizard","Sun Sep 20 16:00:39 UTC 2026","passed","Sun Sep 20 16:00:39 UTC 2026","","Step 5: Review & Create","",""
"","0","nodeLabel prefers a custom display label over name/id","node helpers","Sun Sep 20 15:59:50 UTC 2026","passed","Sun Sep 20 15:59:50 UTC 2026","","","",""
"","3","renders filters and actions slots alongside search","FilterBar","Sun Sep 20 16:03:33 UTC 2026","passed","Sun Sep 20 16:03:33 UTC 2026","","","",""
"","10","requires acknowledging warnings before Next","PublishDrawer","Sun Sep 20 15:59:12 UTC 2026","passed","Sun Sep 20 15:59:12 UTC 2026","","","",""
"","29","edits workflow-level prompt artifacts and only removes unused refs","Inspector","Sun Sep 20 15:59:10 UTC 2026","passed","Sun Sep 20 15:59:10 UTC 2026","","","",""
"","108","cancels an edit without saving","AgentDetail","Sun Sep 20 16:00:55 UTC 2026","passed","Sun Sep 20 16:00:55 UTC 2026","","","",""
"","1","normalizes calibration test cases and validates required fields","Skills helpers","Sun Sep 20 16:03:22 UTC 2026","passed","Sun Sep 20 16:03:22 UTC 2026","","","",""
"","3","fails closed while identity is loading","canAnyScope","Sun Sep 20 16:02:41 UTC 2026","passed","Sun Sep 20 16:02:41 UTC 2026","","","",""
"","0","graph_hybrid_rag pins GraphRAG hybrid retrieval on the knowledge query node","templateManifest","Sun Sep 20 15:59:50 UTC 2026","passed","Sun Sep 20 15:59:50 UTC 2026","","","",""
"","17","does not submit when the preview isn't ready to import","WorkflowImportDialog (import mode)","Sun Sep 20 16:00:21 UTC 2026","passed","Sun Sep 20 16:00:21 UTC 2026","","","",""
"","132","uses lifecycle-aware stream messaging when a monitored run receives a cancel request","WorkflowEditor handler branches","Sun Sep 20 15:59:06 UTC 2026","passed","Sun Sep 20 15:59:06 UTC 2026","","","",""
"","35","shows a disabled agent's negative preflight verdict and admin-empty revision history","AgentDetail","Sun Sep 20 16:00:56 UTC 2026","passed","Sun Sep 20 16:00:56 UTC 2026","","","",""
"","45","surfaces a rejected candidate creation as a form error without closing the panel","Releases","Sun Sep 20 16:00:31 UTC 2026","passed","Sun Sep 20 16:00:31 UTC 2026","","","",""
"","83","opens a component reference panel before adding a node","NodePalette","Sun Sep 20 15:59:10 UTC 2026","passed","Sun Sep 20 15:59:10 UTC 2026","","","",""
"","13","requests status=all so an already-verified item with a linked job stays visible","PromptDiagnosisTab","Sun Sep 20 16:01:30 UTC 2026","passed","Sun Sep 20 16:01:30 UTC 2026","","","",""
"","0","returns null (falls through) when there is nothing to summarize","describeStepChange — knowledge-query diagnostics branches","Sun Sep 20 15:59:38 UTC 2026","passed","Sun Sep 20 15:59:38 UTC 2026","","","",""
"","51","shows generation parsing failures when assistant output is not a JSON array","Prompts advanced test-case generation flows","Sun Sep 20 16:00:02 UTC 2026","passed","Sun Sep 20 16:00:02 UTC 2026","","","",""
"","75","discards the proposal on Reject without applying","WorkflowCopilot","Sun Sep 20 16:02:16 UTC 2026","passed","Sun Sep 20 16:02:16 UTC 2026","","","",""
"","0","uses the payload reason over the fallback for cancel/cancelled","workflowRunLifecycleDetail","Sun Sep 20 16:00:29 UTC 2026","passed","Sun Sep 20 16:00:29 UTC 2026","","","",""
"","73","turns missing run graphs into recovery guidance when only checkpoint evidence remains","WorkflowDetail calibration","Sun Sep 20 15:58:51 UTC 2026","passed","Sun Sep 20 15:58:51 UTC 2026","","","",""
"","19","surfaces an error when the list request fails","Workflows — empty & error states","Sun Sep 20 16:00:14 UTC 2026","passed","Sun Sep 20 16:00:14 UTC 2026","","","",""
"","128","locks the calibration stage to the open prompt (no in-tab picker)","Prompts","Sun Sep 20 15:59:25 UTC 2026","passed","Sun Sep 20 15:59:25 UTC 2026","","","",""
"","15","shows the fallback description, model, and return-type badge when a judge omits them","Judges","Sun Sep 20 16:00:27 UTC 2026","passed","Sun Sep 20 16:00:27 UTC 2026","","","",""
"","0","does not borrow another tool's policy","agent tool bindings","Sun Sep 20 15:59:50 UTC 2026","passed","Sun Sep 20 15:59:50 UTC 2026","","","",""
"","55","surfaces an editor error when a backend component type is unsupported","WorkflowEditor handler branches","Sun Sep 20 15:59:08 UTC 2026","passed","Sun Sep 20 15:59:08 UTC 2026","","","",""
"","70","shows an em dash for null latency percentiles and 4 decimals for sub-cent cost","TraceMetricsCharts","Sun Sep 20 16:02:02 UTC 2026","passed","Sun Sep 20 16:02:02 UTC 2026","","","",""
"","3","renders label text","Label","Sun Sep 20 16:03:04 UTC 2026","passed","Sun Sep 20 16:03:04 UTC 2026","","","",""
"","212","lists files, switches tabs, and shows modern lineage cards","RunFilePanel","Sun Sep 20 16:01:04 UTC 2026","passed","Sun Sep 20 16:01:05 UTC 2026","","","",""
"","45","opens the file dialog when the Upload file menu item is clicked","AttachmentBar — upload via file picker","Sun Sep 20 16:00:48 UTC 2026","passed","Sun Sep 20 16:00:48 UTC 2026","","","",""
"","1","identifies parameterized detail routes","parseRoutes","Sun Sep 20 16:02:10 UTC 2026","passed","Sun Sep 20 16:02:10 UTC 2026","","","",""
"","106","applies a candidate_ready calibration run inline from workflow detail","WorkflowDetail calibration","Sun Sep 20 15:58:36 UTC 2026","passed","Sun Sep 20 15:58:36 UTC 2026","","","",""
"","60","shows a neutral unavailable state when candidate review data is incomplete","Prompt optimization calibration edge flows","Sun Sep 20 16:00:03 UTC 2026","passed","Sun Sep 20 16:00:03 UTC 2026","","","",""
"","1","buildNodeExecutionBadgeMap overlays preview, live, and terminal run states","node helpers","Sun Sep 20 15:59:50 UTC 2026","passed","Sun Sep 20 15:59:50 UTC 2026","","","",""
"","97","surfaces a baseline-pin error","Tool Workspace — Test Runs stage","Sun Sep 20 16:00:43 UTC 2026","passed","Sun Sep 20 16:00:43 UTC 2026","","","",""
"","2","explains that persisted events are unavailable while the run is still active (waiting_approval)","runEventsLoadErrorMessage","Sun Sep 20 16:00:10 UTC 2026","passed","Sun Sep 20 16:00:10 UTC 2026","","","",""
"","21","labels the earliest step for a stopped run","step transition guidance for the earliest step","Sun Sep 20 16:00:10 UTC 2026","passed","Sun Sep 20 16:00:10 UTC 2026","","","",""
"","1","workflowRunApprovalNoun","approval phrasing helpers","Sun Sep 20 16:00:29 UTC 2026","passed","Sun Sep 20 16:00:29 UTC 2026","","","",""
"","1","rejects unsupported workflow node types","WorkflowEditor newNode","Sun Sep 20 16:02:46 UTC 2026","passed","Sun Sep 20 16:02:46 UTC 2026","","","",""
"","327","can sync an existing version into Apache AGE after the build completes","Knowledge Bases page","Sun Sep 20 15:59:16 UTC 2026","passed","Sun Sep 20 15:59:17 UTC 2026","","","",""
"","15","setPanelWidth clamps through Width 480","AssistantPanelContext","Sun Sep 20 16:02:35 UTC 2026","passed","Sun Sep 20 16:02:35 UTC 2026","","","",""
"","234","shows project roles and member management in the administration surface","Administration","Sun Sep 20 16:00:17 UTC 2026","passed","Sun Sep 20 16:00:18 UTC 2026","","","",""
"","3","shows a fallback message when there are no config fields","WorkflowComponentSchemaSummary","Sun Sep 20 16:01:09 UTC 2026","passed","Sun Sep 20 16:01:09 UTC 2026","","","",""
"","0","caps rendered result previews at 3 even with more results","extractForEachDiagnostics","Sun Sep 20 15:59:38 UTC 2026","passed","Sun Sep 20 15:59:38 UTC 2026","","","",""
"","7","surfaces inherited source checkpoints for checkpoint-based retries","workflow run panels","Sun Sep 20 16:00:12 UTC 2026","passed","Sun Sep 20 16:00:12 UTC 2026","","","",""
"","164","publishes a service and reveals the endpoint, curl snippet, and unpublish button","WorkflowDetail Service tab","Sun Sep 20 16:00:57 UTC 2026","passed","Sun Sep 20 16:00:57 UTC 2026","","","",""
"","4","maps registry versions onto the normalized model and marks the live one","promptVersionsToArtifactVersions","Sun Sep 20 16:03:21 UTC 2026","passed","Sun Sep 20 16:03:21 UTC 2026","","","",""
"","132","generates and runs MCP tool tests, judging a pass verdict","McpServers","Sun Sep 20 15:59:54 UTC 2026","passed","Sun Sep 20 15:59:54 UTC 2026","","","",""
"","191","turns stale workflow-wide event matching failures into recovery guidance in detail","WorkflowDetail calibration","Sun Sep 20 15:58:42 UTC 2026","passed","Sun Sep 20 15:58:42 UTC 2026","","","",""
"","141","runs a live preview against a tool draft and surfaces failures","OpenApiIntegrations","Sun Sep 20 15:59:49 UTC 2026","passed","Sun Sep 20 15:59:49 UTC 2026","","","",""
"","11","treats an unusable rate as unmeasured, not as a zero","Dashboard","Sun Sep 20 16:01:07 UTC 2026","passed","Sun Sep 20 16:01:07 UTC 2026","","","",""
"","38","lets subtitle content use the full available header width","PageHeader","Sun Sep 20 16:03:37 UTC 2026","passed","Sun Sep 20 16:03:38 UTC 2026","","","",""
"","0","relies on the server's expansion rather than re-implementing it","hasScope","Sun Sep 20 16:02:41 UTC 2026","passed","Sun Sep 20 16:02:41 UTC 2026","","","",""
"","1","promotes a version_id to the live alias and rolls back via the stack","makeWorkflowVersionAdapter","Sun Sep 20 16:02:05 UTC 2026","passed","Sun Sep 20 16:02:05 UTC 2026","","","",""
"","4","renders required vs optional badges and skips the description when absent","WorkflowComponentSchemaSummary","Sun Sep 20 16:01:09 UTC 2026","passed","Sun Sep 20 16:01:09 UTC 2026","","","",""
"","68","shows the built-in-defaults placeholder when there are no custom rates","GatewayPricingTab","Sun Sep 20 16:02:24 UTC 2026","passed","Sun Sep 20 16:02:24 UTC 2026","","","",""
"","32","renders the numbered badge, title, description, and children","CalibrationStep","Sun Sep 20 16:03:19 UTC 2026","passed","Sun Sep 20 16:03:19 UTC 2026","","","",""
"","13","shows a fully-reviewed queue's progress pill distinctly from an in-progress one","ReviewQueues","Sun Sep 20 16:00:53 UTC 2026","passed","Sun Sep 20 16:00:53 UTC 2026","","","",""
"","1","lists the dotted paths that failed","invalidFieldPaths","Sun Sep 20 16:01:19 UTC 2026","passed","Sun Sep 20 16:01:19 UTC 2026","","","",""
"","0","falls back to the base label with no detail","workflowRunLifecycleSummary","Sun Sep 20 16:00:29 UTC 2026","passed","Sun Sep 20 16:00:29 UTC 2026","","","",""
"","58","reacts to workflow.run.approval.rejected event-stream messages","WorkflowDetail calibration","Sun Sep 20 15:58:46 UTC 2026","passed","Sun Sep 20 15:58:46 UTC 2026","","","",""
"","301","disables wait_for_event resume actions in run detail when the typed event name no longer matches the configured gate","WorkflowDetail calibration","Sun Sep 20 15:58:43 UTC 2026","passed","Sun Sep 20 15:58:43 UTC 2026","","","",""
"","4","prefers an explicit title over the capability key","PlanStepRow","Sun Sep 20 16:00:46 UTC 2026","passed","Sun Sep 20 16:00:46 UTC 2026","","","",""
"","24","updates agent tool constraints","Inspector","Sun Sep 20 15:59:10 UTC 2026","passed","Sun Sep 20 15:59:10 UTC 2026","","","",""
"","66","renders human approval and note editors","Inspector","Sun Sep 20 15:59:11 UTC 2026","passed","Sun Sep 20 15:59:11 UTC 2026","","","",""
"","0","treats a boolean preview flag as preview-skipped","extractKnowledgeBuildDiagnostics","Sun Sep 20 15:59:38 UTC 2026","passed","Sun Sep 20 15:59:38 UTC 2026","","","",""
"","1","renders status testing with the right tone","DraftStatusBadge","Sun Sep 20 16:01:38 UTC 2026","passed","Sun Sep 20 16:01:38 UTC 2026","","","",""
"","82","navigates to workflow detail from the card view icon","Workflows page","Sun Sep 20 15:58:31 UTC 2026","passed","Sun Sep 20 15:58:32 UTC 2026","","","",""
"","0","labels each result's status: explicit, error-implied, and default ok","extractForEachDiagnostics","Sun Sep 20 15:59:38 UTC 2026","passed","Sun Sep 20 15:59:38 UTC 2026","","","",""
"","285","creates a new bucket from the inline picker","BucketSelect workflow helpers","Sun Sep 20 16:02:36 UTC 2026","passed","Sun Sep 20 16:02:36 UTC 2026","","","",""
"","447","guards empty and cancelled destructive actions","Object Store file manager","Sun Sep 20 16:00:08 UTC 2026","passed","Sun Sep 20 16:00:08 UTC 2026","","","",""
"","9","adds a condition","RouterConditionBuilder","Sun Sep 20 15:59:12 UTC 2026","passed","Sun Sep 20 15:59:12 UTC 2026","","","",""
"","6","does not accept the bare scope names the server never issues","AccessBadge","Sun Sep 20 16:02:45 UTC 2026","passed","Sun Sep 20 16:02:45 UTC 2026","","","",""
"","16","shows folder input settings and toggles recursion","Inspector","Sun Sep 20 15:59:10 UTC 2026","passed","Sun Sep 20 15:59:10 UTC 2026","","","",""
"","0","handles single line modification","computeDiff","Sun Sep 20 16:02:59 UTC 2026","passed","Sun Sep 20 16:02:59 UTC 2026","","","",""
"","0","returns null for input_bucket with no bucket and no entries","extractStorageNodeDiagnostics","Sun Sep 20 15:59:38 UTC 2026","passed","Sun Sep 20 15:59:38 UTC 2026","","","",""
"","38","shows an error banner when archiving fails","Judges","Sun Sep 20 16:00:27 UTC 2026","passed","Sun Sep 20 16:00:27 UTC 2026","","","",""
"","137","select-all enters multi-select and bulk-deletes everything but start","WorkflowEditor page","Sun Sep 20 15:58:33 UTC 2026","passed","Sun Sep 20 15:58:34 UTC 2026","","","",""
"","90","adds owner and tag filters with a clear-filters reset","EvalDatasets","Sun Sep 20 16:02:06 UTC 2026","passed","Sun Sep 20 16:02:06 UTC 2026","","","",""
"","117","searches backend docs and surfaces setup metadata badges","NodePalette","Sun Sep 20 15:59:09 UTC 2026","passed","Sun Sep 20 15:59:10 UTC 2026","","","",""
"","254","cancels the create form, closes the playground, and drives the remaining playground/alignment controls","Judges","Sun Sep 20 16:00:28 UTC 2026","passed","Sun Sep 20 16:00:28 UTC 2026","","","",""
"","54","archives an integration from the detail header","OpenApiIntegrations","Sun Sep 20 15:59:47 UTC 2026","passed","Sun Sep 20 15:59:48 UTC 2026","","","",""
"","19","turns unchanged transition diffs into completed-run guidance","WorkflowRunDebugger","Sun Sep 20 15:59:39 UTC 2026","passed","Sun Sep 20 15:59:39 UTC 2026","","","",""
"","216","matches waiting runs by external event from workflow detail","WorkflowDetail calibration","Sun Sep 20 15:58:42 UTC 2026","passed","Sun Sep 20 15:58:42 UTC 2026","","","",""
"","0","returns null when output_by_port is missing","extractForEachDiagnostics","Sun Sep 20 15:59:38 UTC 2026","passed","Sun Sep 20 15:59:38 UTC 2026","","","",""
"","1","falls back safely when a hardened context denies Web Locks access","local auth cookie-operation coordination","Sun Sep 20 16:02:30 UTC 2026","passed","Sun Sep 20 16:02:30 UTC 2026","","","",""
"","1","picks the most recent still-open plan (input is newest-first)","plan-view helpers","Sun Sep 20 16:03:30 UTC 2026","passed","Sun Sep 20 16:03:30 UTC 2026","","","",""
"","0","returns null for unsupported node types","extractStorageNodeDiagnostics","Sun Sep 20 15:59:38 UTC 2026","passed","Sun Sep 20 15:59:38 UTC 2026","","","",""
"","22","shows empty states for both accounts and secrets when the deployment has neither","Administration","Sun Sep 20 16:00:18 UTC 2026","passed","Sun Sep 20 16:00:18 UTC 2026","","","",""
"","44","scopes files to the selected node and can return to all files","RunFilePanel","Sun Sep 20 16:01:05 UTC 2026","passed","Sun Sep 20 16:01:05 UTC 2026","","","",""
"","1","normalizes uploaded examples from mixed shapes","Prompts utility helpers","Sun Sep 20 16:02:53 UTC 2026","passed","Sun Sep 20 16:02:53 UTC 2026","","","",""
"","100","applies the authored manifest to the canvas on Accept","WorkflowPlanPanel","Sun Sep 20 16:02:39 UTC 2026","passed","Sun Sep 20 16:02:40 UTC 2026","","","",""
"","3","renders the current mode build","ModeSelector","Sun Sep 20 16:01:37 UTC 2026","passed","Sun Sep 20 16:01:37 UTC 2026","","","",""
"","5","disables incompatible, non-selected source options but keeps the current selection enabled","ConnectMapPopover","Sun Sep 20 16:01:23 UTC 2026","passed","Sun Sep 20 16:01:23 UTC 2026","","","",""
"","3","renders standard in gray, with an accessible label naming the severity","SeverityBadge","Sun Sep 20 16:03:38 UTC 2026","passed","Sun Sep 20 16:03:38 UTC 2026","","","",""
"","6","renders a single sheet without a switcher and fills ragged rows","DataTable","Sun Sep 20 16:01:08 UTC 2026","passed","Sun Sep 20 16:01:08 UTC 2026","","","",""
"","24","archives a session via the archive button (status PATCH)","ChatHistory","Sun Sep 20 16:01:18 UTC 2026","passed","Sun Sep 20 16:01:18 UTC 2026","","","",""
"","217","surfaces AGE retrieval diagnostics across the step map, snapshot, and event timeline","WorkflowRunDebugger","Sun Sep 20 15:59:39 UTC 2026","passed","Sun Sep 20 15:59:39 UTC 2026","","","",""
"","1","knowledgeBuildActivationStatusLabel covers activated/pending/skipped/requested/unknown/null","pure label/formatting helpers","Sun Sep 20 15:59:38 UTC 2026","passed","Sun Sep 20 15:59:38 UTC 2026","","","",""
"","26","changes to agent_review from the dropdown","ApprovalModeSelector","Sun Sep 20 16:01:38 UTC 2026","passed","Sun Sep 20 16:01:38 UTC 2026","","","",""
"","21","shows a building… health signal on the card while the active version builds","Knowledge Bases R2 declutter","Sun Sep 20 15:59:22 UTC 2026","passed","Sun Sep 20 15:59:22 UTC 2026","","","",""
"","18","shows bundle readiness and downloads the sealed release","WorkflowVersionDetail page","Sun Sep 20 15:58:51 UTC 2026","passed","Sun Sep 20 15:58:52 UTC 2026","","","",""
"","1","builds router, mcp resource, approval, output and start nodes","WorkflowEditor newNode","Sun Sep 20 16:02:46 UTC 2026","passed","Sun Sep 20 16:02:46 UTC 2026","","","",""
"","1","writes default skill mode manual","assistantPreferences","Sun Sep 20 16:02:45 UTC 2026","passed","Sun Sep 20 16:02:45 UTC 2026","","","",""
"","26","only renders handles and quick-add controls for valid flow directions","CaliberNode","Sun Sep 20 15:59:09 UTC 2026","passed","Sun Sep 20 15:59:09 UTC 2026","","","",""
"","0","uses the right display name for %p","assistantConfigUi","Sun Sep 20 16:02:56 UTC 2026","passed","Sun Sep 20 16:02:56 UTC 2026","","","",""
"","12","calls onAnswer for option docs","QuestionList","Sun Sep 20 16:01:38 UTC 2026","passed","Sun Sep 20 16:01:38 UTC 2026","","","",""
"","2","marks every stage complete once the job has completed, regardless of the recorded stage","PipelineProgress","Sun Sep 20 16:03:08 UTC 2026","passed","Sun Sep 20 16:03:08 UTC 2026","","","",""
"","1","converts properties to JSON schema with required fields","ToolWizard helpers","Sun Sep 20 16:03:09 UTC 2026","passed","Sun Sep 20 16:03:09 UTC 2026","","","",""
"","10","edits workflow-level MCP tool bindings","Inspector","Sun Sep 20 15:59:10 UTC 2026","passed","Sun Sep 20 15:59:10 UTC 2026","","","",""
"","5","renders side-by-side view","PromptDiff","Sun Sep 20 16:02:59 UTC 2026","passed","Sun Sep 20 16:02:59 UTC 2026","","","",""
"","3","does not let a stale 401 clear a newer login generation","caliberApi","Sun Sep 20 16:00:20 UTC 2026","passed","Sun Sep 20 16:00:20 UTC 2026","","","",""
"","463","tags the saved prompt with a custom goal and multiple methods","Prompts","Sun Sep 20 15:59:29 UTC 2026","passed","Sun Sep 20 15:59:29 UTC 2026","","","",""
"","25","keeps a blocked control out of the tab order","MutationGuard","Sun Sep 20 16:02:12 UTC 2026","passed","Sun Sep 20 16:02:12 UTC 2026","","","",""
"","284","registers an existing prompt via the Write/paste fast path","Prompts","Sun Sep 20 15:59:27 UTC 2026","passed","Sun Sep 20 15:59:27 UTC 2026","","","",""
"","22","surfaces a non-403 load error distinctly from the forbidden state","AuditLog","Sun Sep 20 16:01:29 UTC 2026","passed","Sun Sep 20 16:01:29 UTC 2026","","","",""
"","19","spells out separation of duties on a gated permission","AriaPlanCard","Sun Sep 20 16:02:34 UTC 2026","passed","Sun Sep 20 16:02:34 UTC 2026","","","",""
"","35","shows the empty usage state when the tool is unreferenced","ToolDetail","Sun Sep 20 16:01:25 UTC 2026","passed","Sun Sep 20 16:01:25 UTC 2026","","","",""
"","77","locks the Playground stage to the open prompt (model picker, no prompt picker)","Prompts — Workspace Playground stage","Sun Sep 20 15:59:34 UTC 2026","passed","Sun Sep 20 15:59:34 UTC 2026","","","",""
"","51","guides subworkflow selection and active deployment aliases","Inspector","Sun Sep 20 15:59:11 UTC 2026","passed","Sun Sep 20 15:59:11 UTC 2026","","","",""
"","1","returns null for unrecognized kinds, arrays, and nullish input","approvalCheckpointKind","Sun Sep 20 16:00:29 UTC 2026","passed","Sun Sep 20 16:00:29 UTC 2026","","","",""
"","64","updates input bucket node storage controls and previews matching objects","Inspector","Sun Sep 20 15:59:10 UTC 2026","passed","Sun Sep 20 15:59:10 UTC 2026","","","",""
"","13","injects X-CALIBER-Project header when a workspace is active","activeWorkspace","Sun Sep 20 16:03:17 UTC 2026","passed","Sun Sep 20 16:03:17 UTC 2026","","","",""
"","2","turns an empty checkpoint trail into completed-run guidance when no resumable boundary was reached","workflow run panels","Sun Sep 20 16:00:12 UTC 2026","passed","Sun Sep 20 16:00:12 UTC 2026","","","",""
"","152","requires the checkpoint correlation field before matching a wait_for_event run in detail","WorkflowDetail calibration","Sun Sep 20 15:58:42 UTC 2026","passed","Sun Sep 20 15:58:42 UTC 2026","","","",""
"","124","sorts object rows by size","Object Store file manager","Sun Sep 20 16:00:06 UTC 2026","passed","Sun Sep 20 16:00:06 UTC 2026","","","",""
"","52","previews object contents and uploads into the selected prefix","BucketSelect workflow helpers","Sun Sep 20 16:02:36 UTC 2026","passed","Sun Sep 20 16:02:36 UTC 2026","","","",""
"","42","renders the list with a LIVE badge and the right per-row controls","VersionPanel","Sun Sep 20 16:02:32 UTC 2026","passed","Sun Sep 20 16:02:32 UTC 2026","","","",""
"","97","keeps the selected object in the router search params","Object Store file manager","Sun Sep 20 16:00:07 UTC 2026","passed","Sun Sep 20 16:00:07 UTC 2026","","","",""
"","180","edits artifact types, skills, and required approvals in the create form, and cancels without submitting","Agents list page","Sun Sep 20 16:01:03 UTC 2026","passed","Sun Sep 20 16:01:03 UTC 2026","","","",""
"","6","renders backend field descriptions inline for inspector controls","Inspector","Sun Sep 20 15:59:10 UTC 2026","passed","Sun Sep 20 15:59:10 UTC 2026","","","",""
"","47","omits an optional blank field from the submitted inputs","PlanInteractionPrompt — input kind","Sun Sep 20 16:00:47 UTC 2026","passed","Sun Sep 20 16:00:47 UTC 2026","","","",""
"","3","renders the step error when present","PlanStepRow","Sun Sep 20 16:00:46 UTC 2026","passed","Sun Sep 20 16:00:46 UTC 2026","","","",""
"","139","disables event matching in run detail when checkpoint persistence is disabled","WorkflowDetail calibration","Sun Sep 20 15:58:42 UTC 2026","passed","Sun Sep 20 15:58:42 UTC 2026","","","",""
"","1","nodeGuide flags a webhook missing its URL","node helpers","Sun Sep 20 15:59:50 UTC 2026","passed","Sun Sep 20 15:59:50 UTC 2026","","","",""
"","39","is hidden until opened","CaliberAssistantPanel","Sun Sep 20 15:59:41 UTC 2026","passed","Sun Sep 20 15:59:41 UTC 2026","","","",""
"","1","carries a non-empty summary for every level","accessLevel","Sun Sep 20 16:02:41 UTC 2026","passed","Sun Sep 20 16:02:41 UTC 2026","","","",""
"","0","returns null (falls through) with neither message nor compensation","describeStepChange — error-boundary diagnostics branches","Sun Sep 20 15:59:38 UTC 2026","passed","Sun Sep 20 15:59:38 UTC 2026","","","",""
"","1","workflowRunApprovalTitle distinguishes runtime approval from plain approval","approval phrasing helpers","Sun Sep 20 16:00:29 UTC 2026","passed","Sun Sep 20 16:00:29 UTC 2026","","","",""
"","2","renders deploy gate changes by name","GraphDiff","Sun Sep 20 16:02:51 UTC 2026","passed","Sun Sep 20 16:02:51 UTC 2026","","","",""
"","90","keeps a queued message when the send fails instead of deleting it","CaliberAssistantPanel — queue & steer","Sun Sep 20 16:02:20 UTC 2026","passed","Sun Sep 20 16:02:20 UTC 2026","","","",""
"","150","disables workflow-detail resume actions when the active wait checkpoint payload is corrupt","WorkflowDetail calibration","Sun Sep 20 15:58:43 UTC 2026","passed","Sun Sep 20 15:58:44 UTC 2026","","","",""
"","96","imports a skill package and navigates to the new skill","SkillDetail","Sun Sep 20 16:00:34 UTC 2026","passed","Sun Sep 20 16:00:34 UTC 2026","","","",""
"","23","surfaces a forbidden account list instead of rendering it as empty","Administration","Sun Sep 20 16:00:19 UTC 2026","passed","Sun Sep 20 16:00:19 UTC 2026","","","",""
"","0","describeApiError survives a thrown string","resilience — this code runs inside catch blocks","Sun Sep 20 16:01:19 UTC 2026","passed","Sun Sep 20 16:01:19 UTC 2026","","","",""
"","135","surfaces artifact persistence badges in the runs table before operators open a run","WorkflowDetail calibration","Sun Sep 20 15:58:40 UTC 2026","passed","Sun Sep 20 15:58:40 UTC 2026","","","",""
"","11","falls back to a tool-call-count summary when a step event has no detail or handoff","event timeline summary text for edge-case events","Sun Sep 20 16:00:11 UTC 2026","passed","Sun Sep 20 16:00:11 UTC 2026","","","",""
"","139","hides approval actions in run detail when the workflow run queue is disabled","WorkflowDetail calibration","Sun Sep 20 15:58:44 UTC 2026","passed","Sun Sep 20 15:58:44 UTC 2026","","","",""
"","28","changes to manual from the dropdown","ApprovalModeSelector","Sun Sep 20 16:01:38 UTC 2026","passed","Sun Sep 20 16:01:38 UTC 2026","","","",""
"","106","creates a judge and refreshes the list","Judges","Sun Sep 20 16:00:27 UTC 2026","passed","Sun Sep 20 16:00:27 UTC 2026","","","",""
"","160","surfaces a plan-build failure inline instead of crashing","CaliberAssistantPanel — plan mode","Sun Sep 20 15:59:43 UTC 2026","passed","Sun Sep 20 15:59:43 UTC 2026","","","",""
"","111","publishes a ready tool draft from the Tool Drafts tab","OpenApiIntegrations","Sun Sep 20 15:59:46 UTC 2026","passed","Sun Sep 20 15:59:47 UTC 2026","","","",""
"","229","creates an access token and displays its secret exactly once","WorkflowDetail Service tab","Sun Sep 20 16:00:57 UTC 2026","passed","Sun Sep 20 16:00:57 UTC 2026","","","",""
"","1","renders status validation_failed with the right tone","DraftStatusBadge","Sun Sep 20 16:01:38 UTC 2026","passed","Sun Sep 20 16:01:38 UTC 2026","","","",""
"","1","surfaces orchestration topology issues directly in node guidance","node helpers","Sun Sep 20 15:59:50 UTC 2026","passed","Sun Sep 20 15:59:50 UTC 2026","","","",""
"","178","prefills event-gate resume details from checkpoint state when the run version is unavailable","WorkflowDetail calibration","Sun Sep 20 15:58:42 UTC 2026","passed","Sun Sep 20 15:58:42 UTC 2026","","","",""
"","1","reports every problem, not just the first","checkLedger","Sun Sep 20 16:02:27 UTC 2026","passed","Sun Sep 20 16:02:27 UTC 2026","","","",""
"","41","surfaces assistant config and session-start failures","Prompts advanced playground flows","Sun Sep 20 16:00:02 UTC 2026","passed","Sun Sep 20 16:00:02 UTC 2026","","","",""
"","694","submits AGE-backed graph configuration during a new build","Knowledge Bases page","Sun Sep 20 15:59:15 UTC 2026","passed","Sun Sep 20 15:59:15 UTC 2026","","","",""
"","129","updates the inline model and reasoning controls","CaliberAssistantPanel — modes & settings","Sun Sep 20 16:01:34 UTC 2026","passed","Sun Sep 20 16:01:34 UTC 2026","","","",""
"","78","disables Create until both provider and model are filled in","GatewayPricingTab","Sun Sep 20 16:02:25 UTC 2026","passed","Sun Sep 20 16:02:25 UTC 2026","","","",""
"","183","shows scheduled wait messaging for wait_until runs and resumes without event payload","WorkflowDetail calibration","Sun Sep 20 15:58:41 UTC 2026","passed","Sun Sep 20 15:58:41 UTC 2026","","","",""
"","2","reads @alias for a non-prod alias","LiveBadge","Sun Sep 20 16:03:37 UTC 2026","passed","Sun Sep 20 16:03:37 UTC 2026","","","",""
"","28","toggleCollapsed flips the collapsed state","AssistantPanelContext","Sun Sep 20 16:02:35 UTC 2026","passed","Sun Sep 20 16:02:35 UTC 2026","","","",""
"","24","says a bounded sample was bounded, and by how much","EvaluationDetail evidence panel","Sun Sep 20 16:01:01 UTC 2026","passed","Sun Sep 20 16:01:01 UTC 2026","","","",""
"","0","returns null for a non-object payload (array, primitive, nullish)","workflowRunLifecycleReason","Sun Sep 20 16:00:29 UTC 2026","passed","Sun Sep 20 16:00:29 UTC 2026","","","",""
"","158","asks before discarding unsaved changes on prompt switch","Prompts","Sun Sep 20 15:59:33 UTC 2026","passed","Sun Sep 20 15:59:33 UTC 2026","","","",""
"","3","renders file_input storage diagnostics with byte size and truncation","StepPreview — additional prop-driven render branches","Sun Sep 20 15:59:38 UTC 2026","passed","Sun Sep 20 15:59:38 UTC 2026","","","",""
"","4","renders a minimal 'direct tool node' fallback when only step.output is available","StepPreview — additional prop-driven render branches","Sun Sep 20 15:59:38 UTC 2026","passed","Sun Sep 20 15:59:38 UTC 2026","","","",""
"","2","renders request_changes as Changes Requested with its tone color","StatusBadge","Sun Sep 20 16:03:32 UTC 2026","passed","Sun Sep 20 16:03:32 UTC 2026","","","",""
"","3","explains that persisted events are unavailable while the run is still active (waiting_event)","runEventsLoadErrorMessage","Sun Sep 20 16:00:10 UTC 2026","passed","Sun Sep 20 16:00:10 UTC 2026","","","",""
"","67","closes via Cancel, the close button, and a backdrop click, but not while importing","WorkflowImportDialog (import mode)","Sun Sep 20 16:00:21 UTC 2026","passed","Sun Sep 20 16:00:21 UTC 2026","","","",""
"","18","reads persisted collapsed state and tolerates storage errors","CollapsiblePanel","Sun Sep 20 16:02:31 UTC 2026","passed","Sun Sep 20 16:02:31 UTC 2026","","","",""
"","272","disables wait_for_event resume actions when the typed event name no longer matches the configured gate","WorkflowEditor handler branches","Sun Sep 20 15:59:01 UTC 2026","passed","Sun Sep 20 15:59:01 UTC 2026","","","",""
"","202","renders a step debugger from persisted run events and lets operators inspect each node","WorkflowDetail calibration","Sun Sep 20 15:58:48 UTC 2026","passed","Sun Sep 20 15:58:49 UTC 2026","","","",""
"","26","walks to publish and fires onPublish","PublishDrawer","Sun Sep 20 15:59:12 UTC 2026","passed","Sun Sep 20 15:59:12 UTC 2026","","","",""
"","117","does not carry a saved version across a prompt switch","Prompts","Sun Sep 20 15:59:33 UTC 2026","passed","Sun Sep 20 15:59:33 UTC 2026","","","",""
"","193","handles edit-load failure and empty template validation","Prompts — create/edit error flows","Sun Sep 20 15:59:35 UTC 2026","passed","Sun Sep 20 15:59:36 UTC 2026","","","",""
"","66","switches to rows when List is chosen","Knowledge Bases library view toggle","Sun Sep 20 16:02:50 UTC 2026","passed","Sun Sep 20 16:02:50 UTC 2026","","","",""
"","16","explains when a completed run never persisted files","RunFilePanel","Sun Sep 20 16:01:05 UTC 2026","passed","Sun Sep 20 16:01:05 UTC 2026","","","",""
"","52","reconciles a fallback logout race instead of erasing a newer winning login","local auth cookie-operation coordination","Sun Sep 20 16:02:30 UTC 2026","passed","Sun Sep 20 16:02:30 UTC 2026","","","",""
"","83","defaults to the card grid","Knowledge Bases library view toggle","Sun Sep 20 16:02:50 UTC 2026","passed","Sun Sep 20 16:02:50 UTC 2026","","","",""
"","66","renders version rows and a draft editor shortcut","WorkflowDetail calibration","Sun Sep 20 15:58:36 UTC 2026","passed","Sun Sep 20 15:58:36 UTC 2026","","","",""
"","9","disables Continue plan and Skip step while pending","PlanInteractionPrompt — input kind","Sun Sep 20 16:00:47 UTC 2026","passed","Sun Sep 20 16:00:47 UTC 2026","","","",""
"","52","switches legacy dense knowledge-query nodes back to KB default when a corpus is selected","Inspector","Sun Sep 20 15:59:11 UTC 2026","passed","Sun Sep 20 15:59:11 UTC 2026","","","",""
"","127","reviews the prompt diff and score comparison before applying a candidate","Prompt optimization calibration edge flows","Sun Sep 20 16:00:02 UTC 2026","passed","Sun Sep 20 16:00:03 UTC 2026","","","",""
"","28","surfaces recovered re-queue diagnostics inside the replay path","TraceReplayGraph","Sun Sep 20 15:59:12 UTC 2026","passed","Sun Sep 20 15:59:12 UTC 2026","","","",""
"","1","maps status tones for run table badges","Prompts utility helpers","Sun Sep 20 16:02:53 UTC 2026","passed","Sun Sep 20 16:02:53 UTC 2026","","","",""
"","39","surfaces a capture error inside the trace editor","EvalDatasetDetail — capture from trace","Sun Sep 20 16:00:45 UTC 2026","passed","Sun Sep 20 16:00:45 UTC 2026","","","",""
"","157","keeps the Build advanced configuration collapsed by default and expands it on demand","Knowledge Bases R2 declutter","Sun Sep 20 15:59:22 UTC 2026","passed","Sun Sep 20 15:59:22 UTC 2026","","","",""
"","97","discards a stale in-flight plan lookup after switching to another session","CaliberAssistantPanel — plan reattachment race","Sun Sep 20 15:59:44 UTC 2026","passed","Sun Sep 20 15:59:44 UTC 2026","","","",""
"","144","turns empty run logs into active-gate guidance for waiting runs","WorkflowDetail calibration","Sun Sep 20 15:58:46 UTC 2026","passed","Sun Sep 20 15:58:47 UTC 2026","","","",""
"","107","shows input and output signatures for discovered tools","McpServers playground","Sun Sep 20 15:58:32 UTC 2026","passed","Sun Sep 20 15:58:32 UTC 2026","","","",""
"","173","shows error when creation fails","SkillWizard","Sun Sep 20 16:00:40 UTC 2026","passed","Sun Sep 20 16:00:40 UTC 2026","","Full wizard submission","",""
"","79","shows a no-match message when the query matches nothing","Prompts — search","Sun Sep 20 15:59:36 UTC 2026","passed","Sun Sep 20 15:59:36 UTC 2026","","","",""
"","4","publishes the canonical reasoning-effort option set","assistantConfigUi","Sun Sep 20 16:02:56 UTC 2026","passed","Sun Sep 20 16:02:56 UTC 2026","","","",""
"","219","adds a node from the palette to the outline","WorkflowEditor page","Sun Sep 20 15:58:33 UTC 2026","passed","Sun Sep 20 15:58:33 UTC 2026","","","",""
"","149","reserves page space when assistant drawer is open","App shell end-to-end journeys","Sun Sep 20 15:59:59 UTC 2026","passed","Sun Sep 20 15:59:59 UTC 2026","","","",""
"","73","Runs: calibrate calls calibrateSkill with NO agent_id","SkillWorkspace","Sun Sep 20 16:01:14 UTC 2026","passed","Sun Sep 20 16:01:14 UTC 2026","","","",""
"","67","shows the loading placeholder before data resolves","GatewayGuardrailsTab","Sun Sep 20 16:00:50 UTC 2026","passed","Sun Sep 20 16:00:50 UTC 2026","","","",""
"","55","shows the no-match empty state when filters exclude everything","Workflows — empty & error states","Sun Sep 20 16:00:14 UTC 2026","passed","Sun Sep 20 16:00:14 UTC 2026","","","",""
"","124","disables editor resume actions when the active checkpoint drifts from the run node","WorkflowEditor handler branches","Sun Sep 20 15:59:02 UTC 2026","passed","Sun Sep 20 15:59:02 UTC 2026","","","",""
"","134","enables the Allure link when URL already includes protocol (case-insensitive)","Settings page","Sun Sep 20 16:01:22 UTC 2026","passed","Sun Sep 20 16:01:22 UTC 2026","","","",""
"","11","selects artifact type mcp_server","ArtifactTypeSelector","Sun Sep 20 16:01:38 UTC 2026","passed","Sun Sep 20 16:01:38 UTC 2026","","","",""
"","10","requires a non-empty name once a version manifest is selected, and disables validation without one","WorkflowImportDialog (clone mode)","Sun Sep 20 16:00:21 UTC 2026","passed","Sun Sep 20 16:00:21 UTC 2026","","","",""
"","27","surfaces queued, started, cancel-requested, and cancelled diagnostics inside the replay path","TraceReplayGraph","Sun Sep 20 15:59:12 UTC 2026","passed","Sun Sep 20 15:59:12 UTC 2026","","","",""
"","1","skips malformed entries instead of rendering blanks","describeApiError — structured validation failures","Sun Sep 20 16:01:19 UTC 2026","passed","Sun Sep 20 16:01:19 UTC 2026","","","",""
"","50","shows an actionable editor load error when the workflow version request fails","WorkflowEditor handler branches","Sun Sep 20 15:58:54 UTC 2026","passed","Sun Sep 20 15:58:54 UTC 2026","","","",""
"","36","selects a content-pinned project file for a file input node","Inspector","Sun Sep 20 15:59:10 UTC 2026","passed","Sun Sep 20 15:59:10 UTC 2026","","","",""
"","312","diffs two versions and renders node and deploy-gate changes","WorkflowDetail Versions tab","Sun Sep 20 16:02:38 UTC 2026","passed","Sun Sep 20 16:02:38 UTC 2026","","","",""
"","3","renders a modified edge with changes, and without a suffix when changes is empty","GraphDiff","Sun Sep 20 16:02:51 UTC 2026","passed","Sun Sep 20 16:02:51 UTC 2026","","","",""
"","63","turns an empty run history into first-execution guidance when a runnable version exists","WorkflowDetail calibration","Sun Sep 20 15:58:36 UTC 2026","passed","Sun Sep 20 15:58:36 UTC 2026","","","",""
"","14","renders nothing when there is no error","ApiErrorMessage","Sun Sep 20 16:02:52 UTC 2026","passed","Sun Sep 20 16:02:52 UTC 2026","","","",""
"","32","renders empty/loading states","ToolPlayground panel","Sun Sep 20 16:02:14 UTC 2026","passed","Sun Sep 20 16:02:15 UTC 2026","","","",""
"","76","loads more recent run history from the paged backend when requested","WorkflowEditor handler branches","Sun Sep 20 15:59:06 UTC 2026","passed","Sun Sep 20 15:59:06 UTC 2026","","","",""
"","1","counts writes and ignores reads","countMutatingCalls","Sun Sep 20 16:02:10 UTC 2026","passed","Sun Sep 20 16:02:10 UTC 2026","","","",""
"","285","opens a tool into the Workspace with a header + six stage tabs, and back returns","ToolWorkspace","Sun Sep 20 16:02:03 UTC 2026","passed","Sun Sep 20 16:02:04 UTC 2026","","","",""
"","13","renders a control per editable input and excludes step-reference inputs","PlanInteractionPrompt — input kind","Sun Sep 20 16:00:47 UTC 2026","passed","Sun Sep 20 16:00:47 UTC 2026","","","",""
"","32","reacts to workflow.run.retried by following the new queued attempt","WorkflowDetail calibration","Sun Sep 20 15:58:46 UTC 2026","passed","Sun Sep 20 15:58:46 UTC 2026","","","",""
"","0","returns a populated object when at least one field is present","extractStepTelemetry","Sun Sep 20 15:59:38 UTC 2026","passed","Sun Sep 20 15:59:38 UTC 2026","","","",""
"","0","returns null when tab is not 'build'","knowledgeBuildLaunch","Sun Sep 20 16:00:59 UTC 2026","passed","Sun Sep 20 16:00:59 UTC 2026","","","",""
"","80","deprecates and archives a tool, and surfaces an archive error","ToolDetail","Sun Sep 20 16:01:25 UTC 2026","passed","Sun Sep 20 16:01:25 UTC 2026","","","",""
"","290","opens a skill into the Workspace with a header + six stage tabs, and back returns","SkillWorkspace","Sun Sep 20 16:01:13 UTC 2026","passed","Sun Sep 20 16:01:13 UTC 2026","","","",""
"","7","falls back to the raw step status when a step event has no detail, handoff, or tool calls","event timeline summary text for edge-case events","Sun Sep 20 16:00:11 UTC 2026","passed","Sun Sep 20 16:00:11 UTC 2026","","","",""
"","5","renders test report state {""passed"":false,""total"":3,""failures"":1,""details"":[{""test"":""runtime"",""passed"":false}],""error"":null}","TestPanel","Sun Sep 20 16:01:38 UTC 2026","passed","Sun Sep 20 16:01:38 UTC 2026","","","",""
"","3","renders the current approval mode full_autonomy","ApprovalModeSelector","Sun Sep 20 16:01:38 UTC 2026","passed","Sun Sep 20 16:01:38 UTC 2026","","","",""
"","194","shows library templates directly from template_library.json","Prompts","Sun Sep 20 15:59:28 UTC 2026","passed","Sun Sep 20 15:59:28 UTC 2026","","","",""
"","0","leaves an existing binding alone","agent tool bindings","Sun Sep 20 15:59:50 UTC 2026","passed","Sun Sep 20 15:59:50 UTC 2026","","","",""
"","1","returns null when every plan is terminal","plan-view helpers","Sun Sep 20 16:03:30 UTC 2026","passed","Sun Sep 20 16:03:30 UTC 2026","","","",""
"","27","marks the active segment with aria-pressed","ViewToggle","Sun Sep 20 16:03:34 UTC 2026","passed","Sun Sep 20 16:03:34 UTC 2026","","","",""
"","3","hides the auto-map hint when the target has no inputs","ConnectMapPopover","Sun Sep 20 16:01:23 UTC 2026","passed","Sun Sep 20 16:01:23 UTC 2026","","","",""
"","24","falls back to the literal 'manifest' label when a blocking error has no path","WorkflowImportDialog (import mode)","Sun Sep 20 16:00:21 UTC 2026","passed","Sun Sep 20 16:00:21 UTC 2026","","","",""
"","43","surfaces a delete failure as a page-level banner","Prompts — search","Sun Sep 20 15:59:36 UTC 2026","passed","Sun Sep 20 15:59:36 UTC 2026","","","",""
"","2","turns missing inherited checkpoint details into completed-run reconstruction guidance","workflow run panels","Sun Sep 20 16:00:12 UTC 2026","passed","Sun Sep 20 16:00:12 UTC 2026","","","",""
"","84","toggles the drafts drawer from the header icon button","CaliberAssistantPanel — misc interactions","Sun Sep 20 15:59:44 UTC 2026","passed","Sun Sep 20 15:59:44 UTC 2026","","","",""
"","0","returns null when bucket is missing or whitespace-only","knowledgeBuildLaunch","Sun Sep 20 16:00:59 UTC 2026","passed","Sun Sep 20 16:00:59 UTC 2026","","","",""
"","15","renders loading and no-deployed-prompt states","Prompt optimization calibration edge flows","Sun Sep 20 16:00:02 UTC 2026","passed","Sun Sep 20 16:00:02 UTC 2026","","","",""
"","83","refetches when the status filter changes","Observability page","Sun Sep 20 16:01:11 UTC 2026","passed","Sun Sep 20 16:01:11 UTC 2026","","","",""
"","0","falls back to the relative path when the origin is invalid","workflowRunLinks","Sun Sep 20 16:03:36 UTC 2026","passed","Sun Sep 20 16:03:36 UTC 2026","","","",""
"","10","shows empty states for guardrails and endpoint coverage","GatewayGuardrailsTab","Sun Sep 20 16:00:50 UTC 2026","passed","Sun Sep 20 16:00:50 UTC 2026","","","",""
"","159","creates and deletes buckets from the bucket panel","Object Store file manager","Sun Sep 20 16:00:06 UTC 2026","passed","Sun Sep 20 16:00:06 UTC 2026","","","",""
"","49","shows the save error inline and keeps the form open when the update call fails","GatewayPricingTab","Sun Sep 20 16:02:25 UTC 2026","passed","Sun Sep 20 16:02:25 UTC 2026","","","",""
"","117","re-runs compare after selecting different versions","Prompts","Sun Sep 20 15:59:34 UTC 2026","passed","Sun Sep 20 15:59:34 UTC 2026","","","",""
"","5","surfaces handled error-boundary diagnostics with compensation context","StepPreview","Sun Sep 20 15:59:38 UTC 2026","passed","Sun Sep 20 15:59:38 UTC 2026","","","",""
"","14","parses valid JSON for an array field and submits it","PlanInteractionPrompt — input kind","Sun Sep 20 16:00:47 UTC 2026","passed","Sun Sep 20 16:00:47 UTC 2026","","","",""
"","185","matches waiting runs by external event from the run monitor","WorkflowEditor handler branches","Sun Sep 20 15:59:00 UTC 2026","passed","Sun Sep 20 15:59:00 UTC 2026","","","",""
"","1","describeApiError survives null","resilience — this code runs inside catch blocks","Sun Sep 20 16:01:19 UTC 2026","passed","Sun Sep 20 16:01:19 UTC 2026","","","",""
"","40","surfaces child workflow diagnostics across the step map, snapshot, and event timeline","WorkflowRunDebugger","Sun Sep 20 15:59:39 UTC 2026","passed","Sun Sep 20 15:59:39 UTC 2026","","","",""
"","28","fetches version exports through the authenticated API client","WorkflowVersionDetail page","Sun Sep 20 15:58:51 UTC 2026","passed","Sun Sep 20 15:58:51 UTC 2026","","","",""
"","1","shows empty state","GraphDiff","Sun Sep 20 15:59:12 UTC 2026","passed","Sun Sep 20 15:59:12 UTC 2026","","","",""
"","6","disables the trigger when the disabled prop is set","AttachmentBar — add-context menu","Sun Sep 20 16:00:48 UTC 2026","passed","Sun Sep 20 16:00:48 UTC 2026","","","",""
"","123","turns missing workflow session ids into stopped-run guidance","WorkflowDetail calibration","Sun Sep 20 15:58:49 UTC 2026","passed","Sun Sep 20 15:58:49 UTC 2026","","","",""
"","224","switches the assertion type, reveals the value input, and validates needs-value","CalibrationPanel (branch coverage)","Sun Sep 20 16:02:09 UTC 2026","passed","Sun Sep 20 16:02:09 UTC 2026","","","",""
"","0","returns null when output_by_port is missing","extractKnowledgeBuildDiagnostics","Sun Sep 20 15:59:38 UTC 2026","passed","Sun Sep 20 15:59:38 UTC 2026","","","",""
"","21","lists top-level folders and files with a size label and count","BucketTree","Sun Sep 20 16:01:08 UTC 2026","passed","Sun Sep 20 16:01:08 UTC 2026","","","",""
"","138","names the knowledge base a new version will be added to","Knowledge Bases page","Sun Sep 20 15:59:15 UTC 2026","passed","Sun Sep 20 15:59:16 UTC 2026","","","",""
"","20","renders a calm library card with a single health line and no badge wall","Knowledge Bases R2 declutter","Sun Sep 20 15:59:22 UTC 2026","passed","Sun Sep 20 15:59:22 UTC 2026","","","",""
"","15","removes workflow-level deploy gates","Inspector","Sun Sep 20 15:59:10 UTC 2026","passed","Sun Sep 20 15:59:10 UTC 2026","","","",""
"","7","renders an existing check with its human label and params","GuardrailChecksEditor","Sun Sep 20 16:02:42 UTC 2026","passed","Sun Sep 20 16:02:42 UTC 2026","","","",""
"","45","syncs a test set to MLflow and reflects the synced badge","EvalDatasets","Sun Sep 20 16:02:06 UTC 2026","passed","Sun Sep 20 16:02:07 UTC 2026","","","",""
"","1","marks all lines as added when baseline is empty","computeDiff","Sun Sep 20 16:02:59 UTC 2026","passed","Sun Sep 20 16:02:59 UTC 2026","","","",""
"","6","coerces a numeric-string field on a persisted step back into a number","legacy / malformed persisted event payloads","Sun Sep 20 16:00:11 UTC 2026","passed","Sun Sep 20 16:00:11 UTC 2026","","","",""
"","0","reports completed/blocked/error and a default 'ran' status with alias","describeStepChange — subworkflow diagnostics branches","Sun Sep 20 15:59:38 UTC 2026","passed","Sun Sep 20 15:59:38 UTC 2026","","","",""
"","19","renders fenced code, lists, blockquotes, horizontal rules, and tables","MarkdownView","Sun Sep 20 16:01:08 UTC 2026","passed","Sun Sep 20 16:01:08 UTC 2026","","","",""
"","2","renders the empty-state placeholder when no report exists","TestPanel","Sun Sep 20 16:01:38 UTC 2026","passed","Sun Sep 20 16:01:38 UTC 2026","","","",""
"","0","is empty when nothing changed","diffCensus","Sun Sep 20 16:02:10 UTC 2026","passed","Sun Sep 20 16:02:10 UTC 2026","","","",""
"","81","deletes a folder through the recursive delete endpoint","Object Store file manager","Sun Sep 20 16:00:06 UTC 2026","passed","Sun Sep 20 16:00:06 UTC 2026","","","",""
"","2","does not claim logout when revocation fails and the cookie is still authenticated","local auth cookie-operation coordination","Sun Sep 20 16:02:30 UTC 2026","passed","Sun Sep 20 16:02:30 UTC 2026","","","",""
"","85","promotes a non-live version to @prod","Prompts","Sun Sep 20 15:59:33 UTC 2026","passed","Sun Sep 20 15:59:34 UTC 2026","","","",""
"","230","renders key operational metrics and priority workspace links","Dashboard","Sun Sep 20 16:01:06 UTC 2026","passed","Sun Sep 20 16:01:06 UTC 2026","","","",""
"","22","guides an active run whose transition is unchanged","unchanged transition diffs for a non-first step","Sun Sep 20 16:00:10 UTC 2026","passed","Sun Sep 20 16:00:10 UTC 2026","","","",""
"","46","surfaces a mid-run interaction inline and resumes when answered","AriaPlanCard","Sun Sep 20 16:02:34 UTC 2026","passed","Sun Sep 20 16:02:34 UTC 2026","","","",""
"","102","can enable LLM judge scoring for a calibration run when available","WorkflowDetail calibration","Sun Sep 20 15:58:36 UTC 2026","passed","Sun Sep 20 15:58:36 UTC 2026","","","",""
"","2","guides a completed run with no persisted evidence at all","empty debugger state (no recorded steps)","Sun Sep 20 16:00:10 UTC 2026","passed","Sun Sep 20 16:00:10 UTC 2026","","","",""
"","132","validates a plain manifest_yaml payload and renders a ready-to-import preview","WorkflowImportDialog (import mode)","Sun Sep 20 16:00:21 UTC 2026","passed","Sun Sep 20 16:00:21 UTC 2026","","","",""
"","101","reacts to workflow pause, resume, and archive events by gating editor runs","WorkflowEditor handler branches","Sun Sep 20 15:59:07 UTC 2026","passed","Sun Sep 20 15:59:07 UTC 2026","","","",""
"","2","explains that persisted events are unavailable for a stopped run (rejected)","runEventsLoadErrorMessage","Sun Sep 20 16:00:10 UTC 2026","passed","Sun Sep 20 16:00:10 UTC 2026","","","",""
"","144","streams workflow step events into the run monitor before the next polling refresh","WorkflowEditor handler branches","Sun Sep 20 15:59:06 UTC 2026","passed","Sun Sep 20 15:59:06 UTC 2026","","","",""
"","235","uses backend starter node templates for dropped and quick-added nodes","WorkflowEditor handler branches","Sun Sep 20 15:59:07 UTC 2026","passed","Sun Sep 20 15:59:08 UTC 2026","","","",""
"","1","reports a name declared in more than one file, with its files","topLevelFunctionNames / duplicatedHelpers","Sun Sep 20 16:02:10 UTC 2026","passed","Sun Sep 20 16:02:10 UTC 2026","","","",""
"","114","removes an alignment example row and surfaces alignment-run failures","Judges","Sun Sep 20 16:00:27 UTC 2026","passed","Sun Sep 20 16:00:28 UTC 2026","","","",""
"","113","searches by name/description/owner/instructions and shows a no-match empty state","Judges","Sun Sep 20 16:00:27 UTC 2026","passed","Sun Sep 20 16:00:27 UTC 2026","","","",""
"","2","shows placeholder when report is null","TestPanel","Sun Sep 20 16:02:28 UTC 2026","passed","Sun Sep 20 16:02:28 UTC 2026","","","",""
"","76","navigates to workflow detail from the card open affordance","Workflows page","Sun Sep 20 15:58:32 UTC 2026","passed","Sun Sep 20 15:58:32 UTC 2026","","","",""
"","0","falls back to a 'prepared' summary for unrecognized statuses with a version id","describeStepChange — knowledge-build diagnostics branches","Sun Sep 20 15:59:38 UTC 2026","passed","Sun Sep 20 15:59:38 UTC 2026","","","",""
"","0","returns the base label for any other event type","workflowRunLifecycleSummary","Sun Sep 20 16:00:29 UTC 2026","passed","Sun Sep 20 16:00:29 UTC 2026","","","",""
"","12","sets an else fallback branch","RouterConditionBuilder","Sun Sep 20 15:59:12 UTC 2026","passed","Sun Sep 20 15:59:12 UTC 2026","","","",""
"","34","shows precise failure state when /health fails","Sidebar health footer","Sun Sep 20 16:03:07 UTC 2026","passed","Sun Sep 20 16:03:07 UTC 2026","","","",""
"","6","summarizes a waiting_event lifecycle event and a non-lifecycle-prefixed event type","event timeline summary text for edge-case events","Sun Sep 20 16:00:11 UTC 2026","passed","Sun Sep 20 16:00:11 UTC 2026","","","",""
"","0","humanizes internal wait and approval detail markers","describeStepChange","Sun Sep 20 15:59:38 UTC 2026","passed","Sun Sep 20 15:59:38 UTC 2026","","","",""
"","18","still flags a fleet that is registered but mostly disabled","Dashboard","Sun Sep 20 16:01:07 UTC 2026","passed","Sun Sep 20 16:01:07 UTC 2026","","","",""
"","31","renders an empty-file fallback when there is no content","MarkdownView","Sun Sep 20 16:01:08 UTC 2026","passed","Sun Sep 20 16:01:08 UTC 2026","","","",""
"","47","stores resized bucket pane widths and resets them on double click","Object Store file manager","Sun Sep 20 16:00:07 UTC 2026","passed","Sun Sep 20 16:00:07 UTC 2026","","","",""
"","96","offers all eight check kinds in the add dropdown","GuardrailChecksEditor","Sun Sep 20 16:02:42 UTC 2026","passed","Sun Sep 20 16:02:42 UTC 2026","","","",""
"","0","knowledge_rag wires start → knowledge query → output","templateManifest","Sun Sep 20 15:59:50 UTC 2026","passed","Sun Sep 20 15:59:50 UTC 2026","","","",""
"","16","renders one button per option and answers with its value/label","PlanInteractionPrompt — choice kind","Sun Sep 20 16:00:47 UTC 2026","passed","Sun Sep 20 16:00:47 UTC 2026","","","",""
"","304","generates, runs, scores, saves, and removes prompt test cases","Prompts advanced test-case generation flows","Sun Sep 20 16:00:02 UTC 2026","passed","Sun Sep 20 16:00:02 UTC 2026","","","",""
"","57","shows an error state when the object listing fails","AttachmentBar — Object store modal","Sun Sep 20 16:00:49 UTC 2026","passed","Sun Sep 20 16:00:49 UTC 2026","","","",""
"","10","falls back to Approve/Deny when the choice has no options","PlanInteractionPrompt — choice kind","Sun Sep 20 16:00:47 UTC 2026","passed","Sun Sep 20 16:00:47 UTC 2026","","","",""
"","171","shows the deploy-first notice with a disabled publish button when there is no deployment","WorkflowDetail Service tab","Sun Sep 20 16:00:57 UTC 2026","passed","Sun Sep 20 16:00:57 UTC 2026","","","",""
"","1","lists the family as read-only history (no promote/rollback)","makeToolVersionAdapter","Sun Sep 20 16:02:05 UTC 2026","passed","Sun Sep 20 16:02:05 UTC 2026","","","",""
"","32","renders the empty state when there are no buckets","TraceMetricsCharts","Sun Sep 20 16:02:02 UTC 2026","passed","Sun Sep 20 16:02:02 UTC 2026","","","",""
"","2","sends checkpoint-aware retry payloads for workflow recovery","caliberApi","Sun Sep 20 16:00:20 UTC 2026","passed","Sun Sep 20 16:00:20 UTC 2026","","","",""
"","3","resolves prompt names and artifact refs with fallback behavior","Prompts identity helpers","Sun Sep 20 16:03:26 UTC 2026","passed","Sun Sep 20 16:03:26 UTC 2026","","","",""
"","240","turns snapshot-backed editor monitor notes into paused-run guidance","WorkflowEditor page","Sun Sep 20 15:58:35 UTC 2026","passed","Sun Sep 20 15:58:36 UTC 2026","","","",""
"","243","starts a prompt calibration run from the calibration tab","Prompts","Sun Sep 20 15:59:31 UTC 2026","passed","Sun Sep 20 15:59:32 UTC 2026","","","",""
"","34","renders the current mode chat","ModeSelector","Sun Sep 20 16:01:37 UTC 2026","passed","Sun Sep 20 16:01:37 UTC 2026","","","",""
"","72","opens binary objects with the inline object URL and preserves row formatting","Object Store file manager","Sun Sep 20 16:00:06 UTC 2026","passed","Sun Sep 20 16:00:06 UTC 2026","","","",""
"","275","handles runtime approval approve and reject actions in the run monitor","WorkflowEditor handler branches","Sun Sep 20 15:58:58 UTC 2026","passed","Sun Sep 20 15:58:59 UTC 2026","","","",""
"","1","prefers backend starter node templates when provided","WorkflowEditor newNode","Sun Sep 20 16:02:46 UTC 2026","passed","Sun Sep 20 16:02:46 UTC 2026","","","",""
"","118","reconciles waiting-event run snapshots from recorded step history","WorkflowEditor handler branches","Sun Sep 20 15:59:00 UTC 2026","passed","Sun Sep 20 15:59:00 UTC 2026","","","",""
"","0","labels a record item by its name field, and falls back to a compact JSON label otherwise","extractForEachDiagnostics","Sun Sep 20 15:59:38 UTC 2026","passed","Sun Sep 20 15:59:38 UTC 2026","","","",""
"","82","shows an error when publishing a tool draft fails","OpenApiIntegrations","Sun Sep 20 15:59:49 UTC 2026","passed","Sun Sep 20 15:59:49 UTC 2026","","","",""
"","22","closes via the footer Cancel button","AssistantSettings","Sun Sep 20 16:01:18 UTC 2026","passed","Sun Sep 20 16:01:19 UTC 2026","","","",""
"","154","checks a spec URL for reachability, both when usable and not","OpenApiIntegrations","Sun Sep 20 15:59:48 UTC 2026","passed","Sun Sep 20 15:59:48 UTC 2026","","","",""
"","2","keeps caller cancellation wired through delayed body consumption","caliberApi","Sun Sep 20 16:00:20 UTC 2026","passed","Sun Sep 20 16:00:20 UTC 2026","","","",""
"","88","applies the proposed manifest to the canvas on Accept","WorkflowCopilot","Sun Sep 20 16:02:16 UTC 2026","passed","Sun Sep 20 16:02:16 UTC 2026","","","",""
"","134","bulk-duplicates the selection with Cmd+D (skipping start/output)","WorkflowEditor page","Sun Sep 20 15:58:34 UTC 2026","passed","Sun Sep 20 15:58:34 UTC 2026","","","",""
"","1","coerces versionKey to a number and forwards the gate/override on promote","makePromptVersionAdapter","Sun Sep 20 16:02:05 UTC 2026","passed","Sun Sep 20 16:02:05 UTC 2026","","","",""
"","18","applies valid edited JSON back to the canvas","CodeView — manifest tab","Sun Sep 20 16:03:01 UTC 2026","passed","Sun Sep 20 16:03:01 UTC 2026","","","",""
"","19","accepts workflow pause events from the live stream as refresh signals","WorkflowDetail calibration","Sun Sep 20 15:58:48 UTC 2026","passed","Sun Sep 20 15:58:48 UTC 2026","","","",""
"","25","restores a persisted candidate as the active run after a UI reload","Prompt optimization calibration edge flows","Sun Sep 20 16:00:02 UTC 2026","passed","Sun Sep 20 16:00:02 UTC 2026","","","",""
"","43","keeps install enabled when unmet checks need no acknowledgement","Cookbooks","Sun Sep 20 16:01:36 UTC 2026","passed","Sun Sep 20 16:01:36 UTC 2026","","readiness checks","",""
"","2","records the status for styling and diagnostics","ApiErrorMessage","Sun Sep 20 16:02:52 UTC 2026","passed","Sun Sep 20 16:02:52 UTC 2026","","","",""
"","122","turns sparse completed debugger step state into reconstruction guidance","WorkflowDetail calibration","Sun Sep 20 15:58:47 UTC 2026","passed","Sun Sep 20 15:58:47 UTC 2026","","","",""
"","62","prefers backend component catalog metadata when provided","NodePalette","Sun Sep 20 15:59:09 UTC 2026","passed","Sun Sep 20 15:59:09 UTC 2026","","","",""
"","1","handles empty input","highlightTokens — lossless","Sun Sep 20 16:03:16 UTC 2026","passed","Sun Sep 20 16:03:16 UTC 2026","","","",""
"","138","filters by owner and can clear the toolbar state","Workflows — search","Sun Sep 20 16:00:14 UTC 2026","passed","Sun Sep 20 16:00:14 UTC 2026","","","",""
"","141","places context and primary action before utilities, with the account last","TopBar action order","Sun Sep 20 16:03:31 UTC 2026","passed","Sun Sep 20 16:03:31 UTC 2026","","","",""
"","141","creates and selects a workspace without leaving the shell","WorkspaceSelector","Sun Sep 20 16:02:18 UTC 2026","passed","Sun Sep 20 16:02:18 UTC 2026","","","",""
"","58","loads side-by-side template compare when versions panel opens","Prompts","Sun Sep 20 15:59:34 UTC 2026","passed","Sun Sep 20 15:59:34 UTC 2026","","","",""
"","1","does not merge two distinct issues whose text would collide","describeApiError — structured validation failures","Sun Sep 20 16:01:19 UTC 2026","passed","Sun Sep 20 16:01:19 UTC 2026","","","",""
"","100","copies object keys and downloads selected objects","Object Store file manager","Sun Sep 20 16:00:07 UTC 2026","passed","Sun Sep 20 16:00:07 UTC 2026","","","",""
"","79","surfaces event trigger failures","WorkflowDetail calibration","Sun Sep 20 15:58:38 UTC 2026","passed","Sun Sep 20 15:58:38 UTC 2026","","","",""
"","124","turns empty workflow session memory into stopped-run guidance","WorkflowDetail calibration","Sun Sep 20 15:58:49 UTC 2026","passed","Sun Sep 20 15:58:49 UTC 2026","","","",""
"","28","collapse and expand adjust the effective width","AssistantPanelContext","Sun Sep 20 16:02:35 UTC 2026","passed","Sun Sep 20 16:02:35 UTC 2026","","","",""
"","16","Remove and Done fire their callbacks","ConnectMapPopover","Sun Sep 20 15:59:12 UTC 2026","passed","Sun Sep 20 15:59:12 UTC 2026","","","",""
"","13","guides a stopped run","empty event timeline without checkpoint evidence","Sun Sep 20 16:00:10 UTC 2026","passed","Sun Sep 20 16:00:10 UTC 2026","","","",""
"","74","clones a selected version through preflight and preserves its dependency constraints","Workflows — clone and manifest import","Sun Sep 20 16:00:16 UTC 2026","passed","Sun Sep 20 16:00:16 UTC 2026","","","",""
"","52","renders summary stat tiles derived from real skill data","Skills page","Sun Sep 20 16:00:23 UTC 2026","passed","Sun Sep 20 16:00:23 UTC 2026","","","",""
"","2215","polls session memory while the run monitor is watching a live run","WorkflowEditor handler branches","Sun Sep 20 15:59:02 UTC 2026","passed","Sun Sep 20 15:59:04 UTC 2026","","","",""
"","29","includes the trimmed name override in the payload when provided","WorkflowImportDialog (import mode)","Sun Sep 20 16:00:21 UTC 2026","passed","Sun Sep 20 16:00:21 UTC 2026","","","",""
"","2","sends the last observed live version as an optimistic-concurrency guard","makePromptVersionAdapter","Sun Sep 20 16:02:05 UTC 2026","passed","Sun Sep 20 16:02:05 UTC 2026","","","",""
"","483","covers row controls, breadcrumbs, formatting variants, and drag upload","Object Store file manager","Sun Sep 20 16:00:07 UTC 2026","passed","Sun Sep 20 16:00:08 UTC 2026","","","",""
"","133","uses lifecycle-aware stream messaging when a monitored run is recovered and re-queued","WorkflowEditor handler branches","Sun Sep 20 15:59:07 UTC 2026","passed","Sun Sep 20 15:59:07 UTC 2026","","","",""
"","52","falls back to a generic toast message when a model update fails without a detail","CaliberAssistantPanel — misc interactions","Sun Sep 20 15:59:44 UTC 2026","passed","Sun Sep 20 15:59:44 UTC 2026","","","",""
"","3","turns partial lineage warnings into completed-run reconstruction guidance","workflow run panels","Sun Sep 20 16:00:12 UTC 2026","passed","Sun Sep 20 16:00:12 UTC 2026","","","",""
"","138","switches the selected item and answers categorical/numeric/text questions","ReviewQueues","Sun Sep 20 16:00:53 UTC 2026","passed","Sun Sep 20 16:00:53 UTC 2026","","","",""
"","0","adds top-level manifest bindings for agent-selected registered tools","agent tool bindings","Sun Sep 20 15:59:50 UTC 2026","passed","Sun Sep 20 15:59:50 UTC 2026","","","",""
"","16","updates workflow runtime defaults","Inspector","Sun Sep 20 15:59:10 UTC 2026","passed","Sun Sep 20 15:59:10 UTC 2026","","","",""
"","5","surfaces JSON/non-JSON API errors and handles 204 responses","caliberApi","Sun Sep 20 16:00:20 UTC 2026","passed","Sun Sep 20 16:00:20 UTC 2026","","","",""
"","3","decorates nodes with live execution badges and status outlines","Canvas","Sun Sep 20 16:02:08 UTC 2026","passed","Sun Sep 20 16:02:08 UTC 2026","","","",""
"","2","checks the auth fence after a delayed JSON body has been consumed","caliberApi","Sun Sep 20 16:00:20 UTC 2026","passed","Sun Sep 20 16:00:20 UTC 2026","","","",""
"","103","turns an empty editor run history into paused-workflow guidance","WorkflowEditor page","Sun Sep 20 15:58:35 UTC 2026","passed","Sun Sep 20 15:58:35 UTC 2026","","","",""
"","50","blocks the alignment check until at least one example has an output","Judges","Sun Sep 20 16:00:27 UTC 2026","passed","Sun Sep 20 16:00:27 UTC 2026","","","",""
"","30","renders owner and description fallbacks","Workflows — card content & navigation","Sun Sep 20 16:00:14 UTC 2026","passed","Sun Sep 20 16:00:14 UTC 2026","","","",""
"","68","reports a real experiment-binding verdict, including 'unverified'","Agents lifecycle UI","Sun Sep 20 16:01:03 UTC 2026","passed","Sun Sep 20 16:01:03 UTC 2026","","","",""
"","0","falls back to a bare chunk count (plural) with no retrieval-mode label","describeStepChange — knowledge-query diagnostics branches","Sun Sep 20 15:59:38 UTC 2026","passed","Sun Sep 20 15:59:38 UTC 2026","","","",""
"","83","does not submit the create form while required fields are blank","Agents list page","Sun Sep 20 16:01:03 UTC 2026","passed","Sun Sep 20 16:01:03 UTC 2026","","","",""
"","1","detects PageHeader usage","passesCrumbs / usesPageHeader","Sun Sep 20 16:02:10 UTC 2026","passed","Sun Sep 20 16:02:10 UTC 2026","","","",""
"","1","rejects unsupported JSON payload shapes","Prompts utility helpers","Sun Sep 20 16:02:53 UTC 2026","passed","Sun Sep 20 16:02:53 UTC 2026","","","",""
"","0","describeApiError survives a thrown number","resilience — this code runs inside catch blocks","Sun Sep 20 16:01:19 UTC 2026","passed","Sun Sep 20 16:01:19 UTC 2026","","","",""
"","7","highlights a targeted field when the editor focuses a validation issue","Inspector","Sun Sep 20 15:59:10 UTC 2026","passed","Sun Sep 20 15:59:10 UTC 2026","","","",""
"","32","refreshes exact run-history counts when a started event is the first live signal for a new run","WorkflowDetail calibration","Sun Sep 20 15:58:46 UTC 2026","passed","Sun Sep 20 15:58:46 UTC 2026","","","",""
"","38","surfaces knowledge-build diagnostics inside the replay path","TraceReplayGraph","Sun Sep 20 15:59:12 UTC 2026","passed","Sun Sep 20 15:59:12 UTC 2026","","","",""
"","0","de-duplicates the path list it returns","parseRoutes","Sun Sep 20 16:02:10 UTC 2026","passed","Sun Sep 20 16:02:10 UTC 2026","","","",""
"","21","turns unchanged transition diffs into stopped-run guidance","WorkflowRunDebugger","Sun Sep 20 15:59:39 UTC 2026","passed","Sun Sep 20 15:59:39 UTC 2026","","","",""
"","12","shows a load-failure banner when the judges list request fails","Judges","Sun Sep 20 16:00:28 UTC 2026","passed","Sun Sep 20 16:00:28 UTC 2026","","","",""
"","22","surfaces queued, started, failed, and retried lifecycle diagnostics around the relevant steps","WorkflowRunDebugger","Sun Sep 20 15:59:39 UTC 2026","passed","Sun Sep 20 15:59:39 UTC 2026","","","",""
"","77","copies the selected keys joined by newlines via the bulk bar","Object Store file manager","Sun Sep 20 16:00:07 UTC 2026","passed","Sun Sep 20 16:00:07 UTC 2026","","","",""
"","6","reports the highest scope held regardless of payload order","AccessBadge","Sun Sep 20 16:02:45 UTC 2026","passed","Sun Sep 20 16:02:45 UTC 2026","","","",""
"","1","shows a hint when no report","ProblemsPanel","Sun Sep 20 15:59:12 UTC 2026","passed","Sun Sep 20 15:59:12 UTC 2026","","","",""
"","164","lets operators inspect and retry persisted checkpoints","workflow run panels","Sun Sep 20 16:00:12 UTC 2026","passed","Sun Sep 20 16:00:12 UTC 2026","","","",""
"","30","surfaces checkpoint, pause, and resume diagnostics inside the replay path","TraceReplayGraph","Sun Sep 20 15:59:12 UTC 2026","passed","Sun Sep 20 15:59:12 UTC 2026","","","",""
"","416","submits inline rename on Enter and exits edit mode for unchanged and Escape","Workflows inline rename submit","Sun Sep 20 16:03:10 UTC 2026","passed","Sun Sep 20 16:03:10 UTC 2026","","","",""
"","61","Publish stage exposes deprecate/archive + where-used","ToolWorkspace","Sun Sep 20 16:02:04 UTC 2026","passed","Sun Sep 20 16:02:04 UTC 2026","","","",""
